ISO-10303-21;
HEADER;
/* Generated by software containing ST-Developer
 * from STEP Tools, Inc. (www.steptools.com) 
 */

FILE_DESCRIPTION(
/* description */ (''),
/* implementation_level */ '2;1');

FILE_NAME(
/* name */ 'Cover.stp',
/* time_stamp */ '2026-04-26T10:37:16-07:00',
/* author */ ('bh'),
/* organization */ (''),
/* preprocessor_version */ 'ST-DEVELOPER v20.1',
/* originating_system */ 'Autodesk Inventor 2026',
/* authorisation */ '');

FILE_SCHEMA (('AUTOMOTIVE_DESIGN { 1 0 10303 214 3 1 1 }'));
ENDSEC;

DATA;
#10=MECHANICAL_DESIGN_GEOMETRIC_PRESENTATION_REPRESENTATION('',(#1316,#1317,
#1318,#1319,#1320,#1321,#1322,#1323,#1324,#1325,#1326,#1327,#1328,#1329,
#1330,#1331,#1332,#1333,#1334,#1335,#1336,#1337,#1338,#1339,#1340,#1341,
#1342,#1343,#1344,#1345,#1346,#1347,#1348,#1349,#1350,#1351,#1352,#1353,
#1354,#1355,#1356,#1357,#1358,#1359,#1360,#1361,#1362,#1363,#1364,#1365,
#1366,#1367,#1368,#1369,#1370,#1371,#1372,#1373,#1374,#1375,#1376,#1377,
#1378,#1379,#1380,#1381,#1382,#1383,#1384),#2515);
#11=SHAPE_REPRESENTATION_RELATIONSHIP('SRR','None',#2522,#12);
#12=ADVANCED_BREP_SHAPE_REPRESENTATION('',(#13),#2514);
#13=MANIFOLD_SOLID_BREP('Solid1',#1453);
#14=CYLINDRICAL_SURFACE('',#1510,1.55);
#15=CYLINDRICAL_SURFACE('',#1512,1.55);
#16=CYLINDRICAL_SURFACE('',#1514,1.55);
#17=CYLINDRICAL_SURFACE('',#1516,1.55);
#18=CYLINDRICAL_SURFACE('',#1518,10.);
#19=CYLINDRICAL_SURFACE('',#1549,10.);
#20=CYLINDRICAL_SURFACE('',#1551,10.);
#21=CYLINDRICAL_SURFACE('',#1553,10.);
#22=CYLINDRICAL_SURFACE('',#1559,0.5);
#23=CYLINDRICAL_SURFACE('',#1561,0.5);
#24=CYLINDRICAL_SURFACE('',#1563,0.5);
#25=CYLINDRICAL_SURFACE('',#1565,0.5);
#26=CYLINDRICAL_SURFACE('',#1567,0.5);
#27=CYLINDRICAL_SURFACE('',#1569,0.5);
#28=CYLINDRICAL_SURFACE('',#1571,0.5);
#29=CYLINDRICAL_SURFACE('',#1573,0.5);
#30=CYLINDRICAL_SURFACE('',#1574,0.5);
#31=CYLINDRICAL_SURFACE('',#1576,0.5);
#32=CYLINDRICAL_SURFACE('',#1578,0.5);
#33=CYLINDRICAL_SURFACE('',#1580,0.5);
#34=CYLINDRICAL_SURFACE('',#1583,0.5);
#35=CYLINDRICAL_SURFACE('',#1585,0.5);
#36=CYLINDRICAL_SURFACE('',#1587,0.5);
#37=CYLINDRICAL_SURFACE('',#1589,0.5);
#38=CYLINDRICAL_SURFACE('',#1590,0.5);
#39=CYLINDRICAL_SURFACE('',#1592,0.5);
#40=CYLINDRICAL_SURFACE('',#1594,0.5);
#41=CYLINDRICAL_SURFACE('',#1596,0.5);
#42=CYLINDRICAL_SURFACE('',#1598,0.5);
#43=CYLINDRICAL_SURFACE('',#1600,0.5);
#44=CYLINDRICAL_SURFACE('',#1602,0.5);
#45=CYLINDRICAL_SURFACE('',#1604,0.5);
#46=FACE_BOUND('',#497,.T.);
#47=FACE_BOUND('',#498,.T.);
#48=FACE_BOUND('',#499,.T.);
#49=FACE_BOUND('',#500,.T.);
#50=FACE_BOUND('',#501,.T.);
#51=FACE_BOUND('',#502,.T.);
#52=FACE_BOUND('',#503,.T.);
#53=FACE_BOUND('',#504,.T.);
#54=FACE_BOUND('',#505,.T.);
#55=FACE_BOUND('',#506,.T.);
#56=FACE_BOUND('',#508,.T.);
#57=FACE_BOUND('',#516,.T.);
#58=FACE_BOUND('',#517,.T.);
#59=FACE_BOUND('',#518,.T.);
#60=FACE_BOUND('',#519,.T.);
#61=FACE_BOUND('',#520,.T.);
#62=FACE_BOUND('',#521,.T.);
#63=FACE_BOUND('',#522,.T.);
#64=FACE_BOUND('',#523,.T.);
#65=FACE_BOUND('',#524,.T.);
#66=FACE_BOUND('',#525,.T.);
#67=FACE_BOUND('',#526,.T.);
#68=CIRCLE('',#1477,10.);
#69=CIRCLE('',#1478,10.);
#70=CIRCLE('',#1479,10.);
#71=CIRCLE('',#1480,0.5);
#72=CIRCLE('',#1481,0.5);
#73=CIRCLE('',#1482,0.5);
#74=CIRCLE('',#1483,0.5);
#75=CIRCLE('',#1484,0.5);
#76=CIRCLE('',#1485,0.5);
#77=CIRCLE('',#1486,0.5);
#78=CIRCLE('',#1487,0.5);
#79=CIRCLE('',#1488,0.5);
#80=CIRCLE('',#1489,0.5);
#81=CIRCLE('',#1490,0.5);
#82=CIRCLE('',#1491,0.5);
#83=CIRCLE('',#1492,0.5);
#84=CIRCLE('',#1493,0.5);
#85=CIRCLE('',#1494,0.5);
#86=CIRCLE('',#1495,0.5);
#87=CIRCLE('',#1496,0.5);
#88=CIRCLE('',#1497,0.5);
#89=CIRCLE('',#1498,0.5);
#90=CIRCLE('',#1499,0.5);
#91=CIRCLE('',#1500,0.5);
#92=CIRCLE('',#1501,0.5);
#93=CIRCLE('',#1502,0.5);
#94=CIRCLE('',#1503,0.5);
#95=CIRCLE('',#1504,1.55);
#96=CIRCLE('',#1505,1.55);
#97=CIRCLE('',#1506,1.55);
#98=CIRCLE('',#1508,10.);
#99=CIRCLE('',#1509,1.55);
#100=CIRCLE('',#1511,1.55);
#101=CIRCLE('',#1513,1.55);
#102=CIRCLE('',#1515,1.55);
#103=CIRCLE('',#1517,1.55);
#104=CIRCLE('',#1519,10.);
#105=CIRCLE('',#1522,10.);
#106=CIRCLE('',#1523,10.);
#107=CIRCLE('',#1524,10.);
#108=CIRCLE('',#1525,0.5);
#109=CIRCLE('',#1526,0.5);
#110=CIRCLE('',#1527,0.5);
#111=CIRCLE('',#1528,0.5);
#112=CIRCLE('',#1529,0.5);
#113=CIRCLE('',#1530,0.5);
#114=CIRCLE('',#1531,0.5);
#115=CIRCLE('',#1532,0.5);
#116=CIRCLE('',#1533,0.5);
#117=CIRCLE('',#1534,0.5);
#118=CIRCLE('',#1535,0.5);
#119=CIRCLE('',#1536,0.5);
#120=CIRCLE('',#1537,0.5);
#121=CIRCLE('',#1538,0.5);
#122=CIRCLE('',#1539,0.5);
#123=CIRCLE('',#1540,0.5);
#124=CIRCLE('',#1541,0.5);
#125=CIRCLE('',#1542,0.5);
#126=CIRCLE('',#1543,0.5);
#127=CIRCLE('',#1544,0.5);
#128=CIRCLE('',#1545,0.5);
#129=CIRCLE('',#1546,0.5);
#130=CIRCLE('',#1547,0.5);
#131=CIRCLE('',#1548,0.5);
#132=LINE('',#2125,#262);
#133=LINE('',#2129,#263);
#134=LINE('',#2133,#264);
#135=LINE('',#2136,#265);
#136=LINE('',#2139,#266);
#137=LINE('',#2141,#267);
#138=LINE('',#2143,#268);
#139=LINE('',#2144,#269);
#140=LINE('',#2149,#270);
#141=LINE('',#2153,#271);
#142=LINE('',#2157,#272);
#143=LINE('',#2160,#273);
#144=LINE('',#2165,#274);
#145=LINE('',#2169,#275);
#146=LINE('',#2173,#276);
#147=LINE('',#2176,#277);
#148=LINE('',#2179,#278);
#149=LINE('',#2183,#279);
#150=LINE('',#2187,#280);
#151=LINE('',#2191,#281);
#152=LINE('',#2197,#282);
#153=LINE('',#2201,#283);
#154=LINE('',#2205,#284);
#155=LINE('',#2208,#285);
#156=LINE('',#2211,#286);
#157=LINE('',#2215,#287);
#158=LINE('',#2219,#288);
#159=LINE('',#2223,#289);
#160=LINE('',#2227,#290);
#161=LINE('',#2231,#291);
#162=LINE('',#2235,#292);
#163=LINE('',#2239,#293);
#164=LINE('',#2249,#294);
#165=LINE('',#2251,#295);
#166=LINE('',#2257,#296);
#167=LINE('',#2261,#297);
#168=LINE('',#2265,#298);
#169=LINE('',#2269,#299);
#170=LINE('',#2273,#300);
#171=LINE('',#2276,#301);
#172=LINE('',#2279,#302);
#173=LINE('',#2280,#303);
#174=LINE('',#2283,#304);
#175=LINE('',#2287,#305);
#176=LINE('',#2291,#306);
#177=LINE('',#2295,#307);
#178=LINE('',#2299,#308);
#179=LINE('',#2303,#309);
#180=LINE('',#2307,#310);
#181=LINE('',#2311,#311);
#182=LINE('',#2315,#312);
#183=LINE('',#2319,#313);
#184=LINE('',#2323,#314);
#185=LINE('',#2329,#315);
#186=LINE('',#2333,#316);
#187=LINE('',#2337,#317);
#188=LINE('',#2340,#318);
#189=LINE('',#2343,#319);
#190=LINE('',#2347,#320);
#191=LINE('',#2351,#321);
#192=LINE('',#2355,#322);
#193=LINE('',#2361,#323);
#194=LINE('',#2365,#324);
#195=LINE('',#2369,#325);
#196=LINE('',#2372,#326);
#197=LINE('',#2377,#327);
#198=LINE('',#2381,#328);
#199=LINE('',#2385,#329);
#200=LINE('',#2388,#330);
#201=LINE('',#2391,#331);
#202=LINE('',#2393,#332);
#203=LINE('',#2395,#333);
#204=LINE('',#2396,#334);
#205=LINE('',#2398,#335);
#206=LINE('',#2400,#336);
#207=LINE('',#2402,#337);
#208=LINE('',#2404,#338);
#209=LINE('',#2406,#339);
#210=LINE('',#2408,#340);
#211=LINE('',#2409,#341);
#212=LINE('',#2411,#342);
#213=LINE('',#2413,#343);
#214=LINE('',#2416,#344);
#215=LINE('',#2417,#345);
#216=LINE('',#2419,#346);
#217=LINE('',#2421,#347);
#218=LINE('',#2423,#348);
#219=LINE('',#2425,#349);
#220=LINE('',#2427,#350);
#221=LINE('',#2429,#351);
#222=LINE('',#2432,#352);
#223=LINE('',#2433,#353);
#224=LINE('',#2435,#354);
#225=LINE('',#2437,#355);
#226=LINE('',#2439,#356);
#227=LINE('',#2441,#357);
#228=LINE('',#2443,#358);
#229=LINE('',#2445,#359);
#230=LINE('',#2448,#360);
#231=LINE('',#2449,#361);
#232=LINE('',#2451,#362);
#233=LINE('',#2453,#363);
#234=LINE('',#2455,#364);
#235=LINE('',#2457,#365);
#236=LINE('',#2459,#366);
#237=LINE('',#2461,#367);
#238=LINE('',#2464,#368);
#239=LINE('',#2465,#369);
#240=LINE('',#2467,#370);
#241=LINE('',#2469,#371);
#242=LINE('',#2471,#372);
#243=LINE('',#2473,#373);
#244=LINE('',#2475,#374);
#245=LINE('',#2477,#375);
#246=LINE('',#2480,#376);
#247=LINE('',#2481,#377);
#248=LINE('',#2483,#378);
#249=LINE('',#2485,#379);
#250=LINE('',#2487,#380);
#251=LINE('',#2489,#381);
#252=LINE('',#2491,#382);
#253=LINE('',#2493,#383);
#254=LINE('',#2496,#384);
#255=LINE('',#2497,#385);
#256=LINE('',#2499,#386);
#257=LINE('',#2501,#387);
#258=LINE('',#2503,#388);
#259=LINE('',#2505,#389);
#260=LINE('',#2507,#390);
#261=LINE('',#2509,#391);
#262=VECTOR('',#1611,10.);
#263=VECTOR('',#1614,10.);
#264=VECTOR('',#1617,10.);
#265=VECTOR('',#1620,10.);
#266=VECTOR('',#1621,10.);
#267=VECTOR('',#1622,10.);
#268=VECTOR('',#1623,10.);
#269=VECTOR('',#1624,10.);
#270=VECTOR('',#1627,10.);
#271=VECTOR('',#1630,10.);
#272=VECTOR('',#1633,10.);
#273=VECTOR('',#1636,10.);
#274=VECTOR('',#1639,10.);
#275=VECTOR('',#1642,10.);
#276=VECTOR('',#1645,10.);
#277=VECTOR('',#1648,10.);
#278=VECTOR('',#1649,10.);
#279=VECTOR('',#1652,10.);
#280=VECTOR('',#1655,10.);
#281=VECTOR('',#1658,10.);
#282=VECTOR('',#1663,10.);
#283=VECTOR('',#1666,10.);
#284=VECTOR('',#1669,10.);
#285=VECTOR('',#1672,10.);
#286=VECTOR('',#1673,10.);
#287=VECTOR('',#1676,10.);
#288=VECTOR('',#1679,10.);
#289=VECTOR('',#1682,10.);
#290=VECTOR('',#1685,10.);
#291=VECTOR('',#1688,10.);
#292=VECTOR('',#1691,10.);
#293=VECTOR('',#1694,10.);
#294=VECTOR('',#1705,10.);
#295=VECTOR('',#1706,10.);
#296=VECTOR('',#1713,1.55);
#297=VECTOR('',#1718,1.55);
#298=VECTOR('',#1723,1.55);
#299=VECTOR('',#1728,1.55);
#300=VECTOR('',#1733,10.);
#301=VECTOR('',#1736,10.);
#302=VECTOR('',#1739,10.);
#303=VECTOR('',#1740,10.);
#304=VECTOR('',#1743,10.);
#305=VECTOR('',#1746,10.);
#306=VECTOR('',#1749,10.);
#307=VECTOR('',#1752,10.);
#308=VECTOR('',#1755,10.);
#309=VECTOR('',#1758,10.);
#310=VECTOR('',#1761,10.);
#311=VECTOR('',#1764,10.);
#312=VECTOR('',#1767,10.);
#313=VECTOR('',#1770,10.);
#314=VECTOR('',#1773,10.);
#315=VECTOR('',#1778,10.);
#316=VECTOR('',#1781,10.);
#317=VECTOR('',#1784,10.);
#318=VECTOR('',#1787,10.);
#319=VECTOR('',#1788,10.);
#320=VECTOR('',#1791,10.);
#321=VECTOR('',#1794,10.);
#322=VECTOR('',#1797,10.);
#323=VECTOR('',#1802,10.);
#324=VECTOR('',#1805,10.);
#325=VECTOR('',#1808,10.);
#326=VECTOR('',#1811,10.);
#327=VECTOR('',#1814,10.);
#328=VECTOR('',#1817,10.);
#329=VECTOR('',#1820,10.);
#330=VECTOR('',#1823,10.);
#331=VECTOR('',#1824,10.);
#332=VECTOR('',#1825,10.);
#333=VECTOR('',#1826,10.);
#334=VECTOR('',#1827,10.);
#335=VECTOR('',#1830,10.);
#336=VECTOR('',#1833,10.);
#337=VECTOR('',#1836,10.);
#338=VECTOR('',#1839,10.);
#339=VECTOR('',#1842,10.);
#340=VECTOR('',#1845,10.);
#341=VECTOR('',#1846,10.);
#342=VECTOR('',#1849,10.);
#343=VECTOR('',#1852,10.);
#344=VECTOR('',#1857,10.);
#345=VECTOR('',#1858,10.);
#346=VECTOR('',#1861,10.);
#347=VECTOR('',#1864,10.);
#348=VECTOR('',#1867,10.);
#349=VECTOR('',#1870,10.);
#350=VECTOR('',#1873,10.);
#351=VECTOR('',#1876,10.);
#352=VECTOR('',#1881,10.);
#353=VECTOR('',#1882,10.);
#354=VECTOR('',#1885,10.);
#355=VECTOR('',#1888,10.);
#356=VECTOR('',#1891,10.);
#357=VECTOR('',#1894,10.);
#358=VECTOR('',#1897,10.);
#359=VECTOR('',#1900,10.);
#360=VECTOR('',#1905,10.);
#361=VECTOR('',#1906,10.);
#362=VECTOR('',#1909,10.);
#363=VECTOR('',#1912,10.);
#364=VECTOR('',#1915,10.);
#365=VECTOR('',#1918,10.);
#366=VECTOR('',#1921,10.);
#367=VECTOR('',#1924,10.);
#368=VECTOR('',#1929,10.);
#369=VECTOR('',#1930,10.);
#370=VECTOR('',#1933,10.);
#371=VECTOR('',#1936,10.);
#372=VECTOR('',#1939,10.);
#373=VECTOR('',#1942,10.);
#374=VECTOR('',#1945,10.);
#375=VECTOR('',#1948,10.);
#376=VECTOR('',#1953,10.);
#377=VECTOR('',#1954,10.);
#378=VECTOR('',#1957,10.);
#379=VECTOR('',#1960,10.);
#380=VECTOR('',#1963,10.);
#381=VECTOR('',#1966,10.);
#382=VECTOR('',#1969,10.);
#383=VECTOR('',#1972,10.);
#384=VECTOR('',#1977,10.);
#385=VECTOR('',#1978,10.);
#386=VECTOR('',#1981,10.);
#387=VECTOR('',#1984,10.);
#388=VECTOR('',#1987,10.);
#389=VECTOR('',#1990,10.);
#390=VECTOR('',#1993,10.);
#391=VECTOR('',#1996,10.);
#392=PLANE('',#1476);
#393=PLANE('',#1507);
#394=PLANE('',#1520);
#395=PLANE('',#1521);
#396=PLANE('',#1550);
#397=PLANE('',#1552);
#398=PLANE('',#1554);
#399=PLANE('',#1555);
#400=PLANE('',#1556);
#401=PLANE('',#1557);
#402=PLANE('',#1558);
#403=PLANE('',#1560);
#404=PLANE('',#1562);
#405=PLANE('',#1564);
#406=PLANE('',#1566);
#407=PLANE('',#1568);
#408=PLANE('',#1570);
#409=PLANE('',#1572);
#410=PLANE('',#1575);
#411=PLANE('',#1577);
#412=PLANE('',#1579);
#413=PLANE('',#1581);
#414=PLANE('',#1582);
#415=PLANE('',#1584);
#416=PLANE('',#1586);
#417=PLANE('',#1588);
#418=PLANE('',#1591);
#419=PLANE('',#1593);
#420=PLANE('',#1595);
#421=PLANE('',#1597);
#422=PLANE('',#1599);
#423=PLANE('',#1601);
#424=PLANE('',#1603);
#425=PLANE('',#1605);
#426=PLANE('',#1606);
#427=FACE_OUTER_BOUND('',#495,.T.);
#428=FACE_OUTER_BOUND('',#496,.T.);
#429=FACE_OUTER_BOUND('',#507,.T.);
#430=FACE_OUTER_BOUND('',#509,.T.);
#431=FACE_OUTER_BOUND('',#510,.T.);
#432=FACE_OUTER_BOUND('',#511,.T.);
#433=FACE_OUTER_BOUND('',#512,.T.);
#434=FACE_OUTER_BOUND('',#513,.T.);
#435=FACE_OUTER_BOUND('',#514,.T.);
#436=FACE_OUTER_BOUND('',#515,.T.);
#437=FACE_OUTER_BOUND('',#527,.T.);
#438=FACE_OUTER_BOUND('',#528,.T.);
#439=FACE_OUTER_BOUND('',#529,.T.);
#440=FACE_OUTER_BOUND('',#530,.T.);
#441=FACE_OUTER_BOUND('',#531,.T.);
#442=FACE_OUTER_BOUND('',#532,.T.);
#443=FACE_OUTER_BOUND('',#533,.T.);
#444=FACE_OUTER_BOUND('',#534,.T.);
#445=FACE_OUTER_BOUND('',#535,.T.);
#446=FACE_OUTER_BOUND('',#536,.T.);
#447=FACE_OUTER_BOUND('',#537,.T.);
#448=FACE_OUTER_BOUND('',#538,.T.);
#449=FACE_OUTER_BOUND('',#539,.T.);
#450=FACE_OUTER_BOUND('',#540,.T.);
#451=FACE_OUTER_BOUND('',#541,.T.);
#452=FACE_OUTER_BOUND('',#542,.T.);
#453=FACE_OUTER_BOUND('',#543,.T.);
#454=FACE_OUTER_BOUND('',#544,.T.);
#455=FACE_OUTER_BOUND('',#545,.T.);
#456=FACE_OUTER_BOUND('',#546,.T.);
#457=FACE_OUTER_BOUND('',#547,.T.);
#458=FACE_OUTER_BOUND('',#548,.T.);
#459=FACE_OUTER_BOUND('',#549,.T.);
#460=FACE_OUTER_BOUND('',#550,.T.);
#461=FACE_OUTER_BOUND('',#551,.T.);
#462=FACE_OUTER_BOUND('',#552,.T.);
#463=FACE_OUTER_BOUND('',#553,.T.);
#464=FACE_OUTER_BOUND('',#554,.T.);
#465=FACE_OUTER_BOUND('',#555,.T.);
#466=FACE_OUTER_BOUND('',#556,.T.);
#467=FACE_OUTER_BOUND('',#557,.T.);
#468=FACE_OUTER_BOUND('',#558,.T.);
#469=FACE_OUTER_BOUND('',#559,.T.);
#470=FACE_OUTER_BOUND('',#560,.T.);
#471=FACE_OUTER_BOUND('',#561,.T.);
#472=FACE_OUTER_BOUND('',#562,.T.);
#473=FACE_OUTER_BOUND('',#563,.T.);
#474=FACE_OUTER_BOUND('',#564,.T.);
#475=FACE_OUTER_BOUND('',#565,.T.);
#476=FACE_OUTER_BOUND('',#566,.T.);
#477=FACE_OUTER_BOUND('',#567,.T.);
#478=FACE_OUTER_BOUND('',#568,.T.);
#479=FACE_OUTER_BOUND('',#569,.T.);
#480=FACE_OUTER_BOUND('',#570,.T.);
#481=FACE_OUTER_BOUND('',#571,.T.);
#482=FACE_OUTER_BOUND('',#572,.T.);
#483=FACE_OUTER_BOUND('',#573,.T.);
#484=FACE_OUTER_BOUND('',#574,.T.);
#485=FACE_OUTER_BOUND('',#575,.T.);
#486=FACE_OUTER_BOUND('',#576,.T.);
#487=FACE_OUTER_BOUND('',#577,.T.);
#488=FACE_OUTER_BOUND('',#578,.T.);
#489=FACE_OUTER_BOUND('',#579,.T.);
#490=FACE_OUTER_BOUND('',#580,.T.);
#491=FACE_OUTER_BOUND('',#581,.T.);
#492=FACE_OUTER_BOUND('',#582,.T.);
#493=FACE_OUTER_BOUND('',#583,.T.);
#494=FACE_OUTER_BOUND('',#584,.T.);
#495=EDGE_LOOP('',(#919,#920,#921,#922));
#496=EDGE_LOOP('',(#923,#924,#925,#926,#927,#928,#929,#930));
#497=EDGE_LOOP('',(#931,#932,#933,#934));
#498=EDGE_LOOP('',(#935,#936,#937,#938,#939,#940,#941,#942));
#499=EDGE_LOOP('',(#943,#944,#945,#946,#947,#948,#949,#950));
#500=EDGE_LOOP('',(#951,#952,#953,#954,#955,#956,#957,#958));
#501=EDGE_LOOP('',(#959,#960,#961,#962,#963,#964,#965,#966));
#502=EDGE_LOOP('',(#967,#968,#969,#970,#971,#972,#973,#974));
#503=EDGE_LOOP('',(#975,#976,#977,#978,#979,#980,#981,#982));
#504=EDGE_LOOP('',(#983));
#505=EDGE_LOOP('',(#984));
#506=EDGE_LOOP('',(#985));
#507=EDGE_LOOP('',(#986,#987,#988,#989));
#508=EDGE_LOOP('',(#990));
#509=EDGE_LOOP('',(#991,#992,#993,#994));
#510=EDGE_LOOP('',(#995,#996,#997,#998));
#511=EDGE_LOOP('',(#999,#1000,#1001,#1002));
#512=EDGE_LOOP('',(#1003,#1004,#1005,#1006));
#513=EDGE_LOOP('',(#1007,#1008,#1009,#1010));
#514=EDGE_LOOP('',(#1011,#1012,#1013,#1014));
#515=EDGE_LOOP('',(#1015,#1016,#1017,#1018,#1019,#1020,#1021,#1022));
#516=EDGE_LOOP('',(#1023));
#517=EDGE_LOOP('',(#1024));
#518=EDGE_LOOP('',(#1025));
#519=EDGE_LOOP('',(#1026));
#520=EDGE_LOOP('',(#1027,#1028,#1029,#1030,#1031,#1032,#1033,#1034));
#521=EDGE_LOOP('',(#1035,#1036,#1037,#1038,#1039,#1040,#1041,#1042));
#522=EDGE_LOOP('',(#1043,#1044,#1045,#1046,#1047,#1048,#1049,#1050));
#523=EDGE_LOOP('',(#1051,#1052,#1053,#1054,#1055,#1056,#1057,#1058));
#524=EDGE_LOOP('',(#1059,#1060,#1061,#1062,#1063,#1064,#1065,#1066));
#525=EDGE_LOOP('',(#1067,#1068,#1069,#1070,#1071,#1072,#1073,#1074));
#526=EDGE_LOOP('',(#1075,#1076,#1077,#1078));
#527=EDGE_LOOP('',(#1079,#1080,#1081,#1082));
#528=EDGE_LOOP('',(#1083,#1084,#1085,#1086,#1087,#1088));
#529=EDGE_LOOP('',(#1089,#1090,#1091,#1092));
#530=EDGE_LOOP('',(#1093,#1094,#1095,#1096,#1097,#1098));
#531=EDGE_LOOP('',(#1099,#1100,#1101,#1102));
#532=EDGE_LOOP('',(#1103,#1104,#1105,#1106));
#533=EDGE_LOOP('',(#1107,#1108,#1109,#1110));
#534=EDGE_LOOP('',(#1111,#1112,#1113,#1114));
#535=EDGE_LOOP('',(#1115,#1116,#1117,#1118));
#536=EDGE_LOOP('',(#1119,#1120,#1121,#1122));
#537=EDGE_LOOP('',(#1123,#1124,#1125,#1126));
#538=EDGE_LOOP('',(#1127,#1128,#1129,#1130));
#539=EDGE_LOOP('',(#1131,#1132,#1133,#1134));
#540=EDGE_LOOP('',(#1135,#1136,#1137,#1138));
#541=EDGE_LOOP('',(#1139,#1140,#1141,#1142));
#542=EDGE_LOOP('',(#1143,#1144,#1145,#1146));
#543=EDGE_LOOP('',(#1147,#1148,#1149,#1150));
#544=EDGE_LOOP('',(#1151,#1152,#1153,#1154));
#545=EDGE_LOOP('',(#1155,#1156,#1157,#1158));
#546=EDGE_LOOP('',(#1159,#1160,#1161,#1162));
#547=EDGE_LOOP('',(#1163,#1164,#1165,#1166));
#548=EDGE_LOOP('',(#1167,#1168,#1169,#1170));
#549=EDGE_LOOP('',(#1171,#1172,#1173,#1174));
#550=EDGE_LOOP('',(#1175,#1176,#1177,#1178));
#551=EDGE_LOOP('',(#1179,#1180,#1181,#1182));
#552=EDGE_LOOP('',(#1183,#1184,#1185,#1186));
#553=EDGE_LOOP('',(#1187,#1188,#1189,#1190));
#554=EDGE_LOOP('',(#1191,#1192,#1193,#1194));
#555=EDGE_LOOP('',(#1195,#1196,#1197,#1198));
#556=EDGE_LOOP('',(#1199,#1200,#1201,#1202));
#557=EDGE_LOOP('',(#1203,#1204,#1205,#1206));
#558=EDGE_LOOP('',(#1207,#1208,#1209,#1210));
#559=EDGE_LOOP('',(#1211,#1212,#1213,#1214));
#560=EDGE_LOOP('',(#1215,#1216,#1217,#1218));
#561=EDGE_LOOP('',(#1219,#1220,#1221,#1222));
#562=EDGE_LOOP('',(#1223,#1224,#1225,#1226));
#563=EDGE_LOOP('',(#1227,#1228,#1229,#1230));
#564=EDGE_LOOP('',(#1231,#1232,#1233,#1234));
#565=EDGE_LOOP('',(#1235,#1236,#1237,#1238));
#566=EDGE_LOOP('',(#1239,#1240,#1241,#1242));
#567=EDGE_LOOP('',(#1243,#1244,#1245,#1246));
#568=EDGE_LOOP('',(#1247,#1248,#1249,#1250));
#569=EDGE_LOOP('',(#1251,#1252,#1253,#1254));
#570=EDGE_LOOP('',(#1255,#1256,#1257,#1258));
#571=EDGE_LOOP('',(#1259,#1260,#1261,#1262));
#572=EDGE_LOOP('',(#1263,#1264,#1265,#1266));
#573=EDGE_LOOP('',(#1267,#1268,#1269,#1270));
#574=EDGE_LOOP('',(#1271,#1272,#1273,#1274));
#575=EDGE_LOOP('',(#1275,#1276,#1277,#1278));
#576=EDGE_LOOP('',(#1279,#1280,#1281,#1282));
#577=EDGE_LOOP('',(#1283,#1284,#1285,#1286));
#578=EDGE_LOOP('',(#1287,#1288,#1289,#1290));
#579=EDGE_LOOP('',(#1291,#1292,#1293,#1294));
#580=EDGE_LOOP('',(#1295,#1296,#1297,#1298));
#581=EDGE_LOOP('',(#1299,#1300,#1301,#1302));
#582=EDGE_LOOP('',(#1303,#1304,#1305,#1306));
#583=EDGE_LOOP('',(#1307,#1308,#1309,#1310));
#584=EDGE_LOOP('',(#1311,#1312,#1313,#1314));
#585=B_SPLINE_CURVE_WITH_KNOTS('',3,(#2084,#2085,#2086,#2087,#2088,#2089),
 .UNSPECIFIED.,.F.,.F.,(4,2,4),(0.,0.541157226329587,1.05566092780203),
 .UNSPECIFIED.);
#586=B_SPLINE_CURVE_WITH_KNOTS('',4,(#2091,#2092,#2093,#2094,#2095,#2096,
#2097),.UNSPECIFIED.,.F.,.F.,(5,1,1,5),(1.,2.,3.,4.),.UNSPECIFIED.);
#587=B_SPLINE_CURVE_WITH_KNOTS('',3,(#2099,#2100,#2101,#2102),
 .UNSPECIFIED.,.F.,.F.,(4,4),(0.,1.),.UNSPECIFIED.);
#588=B_SPLINE_CURVE_WITH_KNOTS('',3,(#2103,#2104,#2105,#2106,#2107,#2108,
#2109,#2110,#2111,#2112,#2113,#2114,#2115,#2116,#2117,#2118,#2119,#2120,
#2121,#2122),.UNSPECIFIED.,.F.,.F.,(4,1,1,1,1,1,1,1,1,1,1,1,1,1,1,2,4),
(-7.44939304610381,-6.91729354281068,-6.38519403951755,-5.85309453622442,
-5.32099503293129,-4.96626203073587,-4.61152902854045,-4.43416252744274,
-4.25679602634503,-4.07942952524732,-3.90206302414961,-3.19259701975878,
-2.66049751646565,-2.12839801317252,-1.06419900658626,0.,0.840221361665721),
 .UNSPECIFIED.);
#589=VERTEX_POINT('',#2082);
#590=VERTEX_POINT('',#2083);
#591=VERTEX_POINT('',#2090);
#592=VERTEX_POINT('',#2098);
#593=VERTEX_POINT('',#2124);
#594=VERTEX_POINT('',#2126);
#595=VERTEX_POINT('',#2128);
#596=VERTEX_POINT('',#2130);
#597=VERTEX_POINT('',#2132);
#598=VERTEX_POINT('',#2134);
#599=VERTEX_POINT('',#2137);
#600=VERTEX_POINT('',#2138);
#601=VERTEX_POINT('',#2140);
#602=VERTEX_POINT('',#2142);
#603=VERTEX_POINT('',#2145);
#604=VERTEX_POINT('',#2146);
#605=VERTEX_POINT('',#2148);
#606=VERTEX_POINT('',#2150);
#607=VERTEX_POINT('',#2152);
#608=VERTEX_POINT('',#2154);
#609=VERTEX_POINT('',#2156);
#610=VERTEX_POINT('',#2158);
#611=VERTEX_POINT('',#2161);
#612=VERTEX_POINT('',#2162);
#613=VERTEX_POINT('',#2164);
#614=VERTEX_POINT('',#2166);
#615=VERTEX_POINT('',#2168);
#616=VERTEX_POINT('',#2170);
#617=VERTEX_POINT('',#2172);
#618=VERTEX_POINT('',#2174);
#619=VERTEX_POINT('',#2177);
#620=VERTEX_POINT('',#2178);
#621=VERTEX_POINT('',#2180);
#622=VERTEX_POINT('',#2182);
#623=VERTEX_POINT('',#2184);
#624=VERTEX_POINT('',#2186);
#625=VERTEX_POINT('',#2188);
#626=VERTEX_POINT('',#2190);
#627=VERTEX_POINT('',#2193);
#628=VERTEX_POINT('',#2194);
#629=VERTEX_POINT('',#2196);
#630=VERTEX_POINT('',#2198);
#631=VERTEX_POINT('',#2200);
#632=VERTEX_POINT('',#2202);
#633=VERTEX_POINT('',#2204);
#634=VERTEX_POINT('',#2206);
#635=VERTEX_POINT('',#2209);
#636=VERTEX_POINT('',#2210);
#637=VERTEX_POINT('',#2212);
#638=VERTEX_POINT('',#2214);
#639=VERTEX_POINT('',#2216);
#640=VERTEX_POINT('',#2218);
#641=VERTEX_POINT('',#2220);
#642=VERTEX_POINT('',#2222);
#643=VERTEX_POINT('',#2225);
#644=VERTEX_POINT('',#2226);
#645=VERTEX_POINT('',#2228);
#646=VERTEX_POINT('',#2230);
#647=VERTEX_POINT('',#2232);
#648=VERTEX_POINT('',#2234);
#649=VERTEX_POINT('',#2236);
#650=VERTEX_POINT('',#2238);
#651=VERTEX_POINT('',#2241);
#652=VERTEX_POINT('',#2243);
#653=VERTEX_POINT('',#2245);
#654=VERTEX_POINT('',#2248);
#655=VERTEX_POINT('',#2250);
#656=VERTEX_POINT('',#2253);
#657=VERTEX_POINT('',#2256);
#658=VERTEX_POINT('',#2260);
#659=VERTEX_POINT('',#2264);
#660=VERTEX_POINT('',#2268);
#661=VERTEX_POINT('',#2272);
#662=VERTEX_POINT('',#2274);
#663=VERTEX_POINT('',#2278);
#664=VERTEX_POINT('',#2282);
#665=VERTEX_POINT('',#2284);
#666=VERTEX_POINT('',#2286);
#667=VERTEX_POINT('',#2288);
#668=VERTEX_POINT('',#2290);
#669=VERTEX_POINT('',#2293);
#670=VERTEX_POINT('',#2294);
#671=VERTEX_POINT('',#2296);
#672=VERTEX_POINT('',#2298);
#673=VERTEX_POINT('',#2300);
#674=VERTEX_POINT('',#2302);
#675=VERTEX_POINT('',#2304);
#676=VERTEX_POINT('',#2306);
#677=VERTEX_POINT('',#2309);
#678=VERTEX_POINT('',#2310);
#679=VERTEX_POINT('',#2312);
#680=VERTEX_POINT('',#2314);
#681=VERTEX_POINT('',#2316);
#682=VERTEX_POINT('',#2318);
#683=VERTEX_POINT('',#2320);
#684=VERTEX_POINT('',#2322);
#685=VERTEX_POINT('',#2325);
#686=VERTEX_POINT('',#2326);
#687=VERTEX_POINT('',#2328);
#688=VERTEX_POINT('',#2330);
#689=VERTEX_POINT('',#2332);
#690=VERTEX_POINT('',#2334);
#691=VERTEX_POINT('',#2336);
#692=VERTEX_POINT('',#2338);
#693=VERTEX_POINT('',#2341);
#694=VERTEX_POINT('',#2342);
#695=VERTEX_POINT('',#2344);
#696=VERTEX_POINT('',#2346);
#697=VERTEX_POINT('',#2348);
#698=VERTEX_POINT('',#2350);
#699=VERTEX_POINT('',#2352);
#700=VERTEX_POINT('',#2354);
#701=VERTEX_POINT('',#2357);
#702=VERTEX_POINT('',#2358);
#703=VERTEX_POINT('',#2360);
#704=VERTEX_POINT('',#2362);
#705=VERTEX_POINT('',#2364);
#706=VERTEX_POINT('',#2366);
#707=VERTEX_POINT('',#2368);
#708=VERTEX_POINT('',#2370);
#709=VERTEX_POINT('',#2373);
#710=VERTEX_POINT('',#2374);
#711=VERTEX_POINT('',#2376);
#712=VERTEX_POINT('',#2378);
#713=VERTEX_POINT('',#2380);
#714=VERTEX_POINT('',#2382);
#715=VERTEX_POINT('',#2384);
#716=VERTEX_POINT('',#2386);
#717=VERTEX_POINT('',#2389);
#718=VERTEX_POINT('',#2390);
#719=VERTEX_POINT('',#2392);
#720=VERTEX_POINT('',#2394);
#721=EDGE_CURVE('',#589,#590,#585,.T.);
#722=EDGE_CURVE('',#591,#590,#586,.T.);
#723=EDGE_CURVE('',#591,#592,#587,.T.);
#724=EDGE_CURVE('',#592,#589,#588,.T.);
#725=EDGE_CURVE('',#592,#593,#132,.T.);
#726=EDGE_CURVE('',#594,#593,#68,.T.);
#727=EDGE_CURVE('',#594,#595,#133,.T.);
#728=EDGE_CURVE('',#596,#595,#69,.T.);
#729=EDGE_CURVE('',#596,#597,#134,.T.);
#730=EDGE_CURVE('',#598,#597,#70,.T.);
#731=EDGE_CURVE('',#598,#589,#135,.T.);
#732=EDGE_CURVE('',#599,#600,#136,.T.);
#733=EDGE_CURVE('',#600,#601,#137,.T.);
#734=EDGE_CURVE('',#601,#602,#138,.T.);
#735=EDGE_CURVE('',#602,#599,#139,.T.);
#736=EDGE_CURVE('',#603,#604,#71,.T.);
#737=EDGE_CURVE('',#604,#605,#140,.T.);
#738=EDGE_CURVE('',#605,#606,#72,.T.);
#739=EDGE_CURVE('',#606,#607,#141,.T.);
#740=EDGE_CURVE('',#607,#608,#73,.T.);
#741=EDGE_CURVE('',#608,#609,#142,.T.);
#742=EDGE_CURVE('',#609,#610,#74,.T.);
#743=EDGE_CURVE('',#610,#603,#143,.T.);
#744=EDGE_CURVE('',#611,#612,#75,.T.);
#745=EDGE_CURVE('',#612,#613,#144,.T.);
#746=EDGE_CURVE('',#613,#614,#76,.T.);
#747=EDGE_CURVE('',#614,#615,#145,.T.);
#748=EDGE_CURVE('',#615,#616,#77,.T.);
#749=EDGE_CURVE('',#616,#617,#146,.T.);
#750=EDGE_CURVE('',#617,#618,#78,.T.);
#751=EDGE_CURVE('',#618,#611,#147,.T.);
#752=EDGE_CURVE('',#619,#620,#148,.T.);
#753=EDGE_CURVE('',#620,#621,#79,.T.);
#754=EDGE_CURVE('',#621,#622,#149,.T.);
#755=EDGE_CURVE('',#622,#623,#80,.T.);
#756=EDGE_CURVE('',#623,#624,#150,.T.);
#757=EDGE_CURVE('',#624,#625,#81,.T.);
#758=EDGE_CURVE('',#625,#626,#151,.T.);
#759=EDGE_CURVE('',#626,#619,#82,.T.);
#760=EDGE_CURVE('',#627,#628,#83,.T.);
#761=EDGE_CURVE('',#628,#629,#152,.T.);
#762=EDGE_CURVE('',#629,#630,#84,.T.);
#763=EDGE_CURVE('',#630,#631,#153,.T.);
#764=EDGE_CURVE('',#631,#632,#85,.T.);
#765=EDGE_CURVE('',#632,#633,#154,.T.);
#766=EDGE_CURVE('',#633,#634,#86,.T.);
#767=EDGE_CURVE('',#634,#627,#155,.T.);
#768=EDGE_CURVE('',#635,#636,#156,.T.);
#769=EDGE_CURVE('',#636,#637,#87,.T.);
#770=EDGE_CURVE('',#637,#638,#157,.T.);
#771=EDGE_CURVE('',#638,#639,#88,.T.);
#772=EDGE_CURVE('',#639,#640,#158,.T.);
#773=EDGE_CURVE('',#640,#641,#89,.T.);
#774=EDGE_CURVE('',#641,#642,#159,.T.);
#775=EDGE_CURVE('',#642,#635,#90,.T.);
#776=EDGE_CURVE('',#643,#644,#160,.T.);
#777=EDGE_CURVE('',#644,#645,#91,.T.);
#778=EDGE_CURVE('',#645,#646,#161,.T.);
#779=EDGE_CURVE('',#646,#647,#92,.T.);
#780=EDGE_CURVE('',#647,#648,#162,.T.);
#781=EDGE_CURVE('',#648,#649,#93,.T.);
#782=EDGE_CURVE('',#649,#650,#163,.T.);
#783=EDGE_CURVE('',#650,#643,#94,.T.);
#784=EDGE_CURVE('',#651,#651,#95,.T.);
#785=EDGE_CURVE('',#652,#652,#96,.T.);
#786=EDGE_CURVE('',#653,#653,#97,.T.);
#787=EDGE_CURVE('',#654,#591,#164,.T.);
#788=EDGE_CURVE('',#590,#655,#165,.T.);
#789=EDGE_CURVE('',#655,#654,#98,.T.);
#790=EDGE_CURVE('',#656,#656,#99,.T.);
#791=EDGE_CURVE('',#653,#657,#166,.T.);
#792=EDGE_CURVE('',#657,#657,#100,.T.);
#793=EDGE_CURVE('',#652,#658,#167,.T.);
#794=EDGE_CURVE('',#658,#658,#101,.T.);
#795=EDGE_CURVE('',#651,#659,#168,.T.);
#796=EDGE_CURVE('',#659,#659,#102,.T.);
#797=EDGE_CURVE('',#656,#660,#169,.T.);
#798=EDGE_CURVE('',#660,#660,#103,.T.);
#799=EDGE_CURVE('',#595,#661,#170,.T.);
#800=EDGE_CURVE('',#661,#662,#104,.T.);
#801=EDGE_CURVE('',#662,#596,#171,.T.);
#802=EDGE_CURVE('',#662,#663,#172,.T.);
#803=EDGE_CURVE('',#597,#663,#173,.T.);
#804=EDGE_CURVE('',#664,#661,#174,.T.);
#805=EDGE_CURVE('',#665,#664,#105,.T.);
#806=EDGE_CURVE('',#666,#665,#175,.T.);
#807=EDGE_CURVE('',#667,#666,#106,.T.);
#808=EDGE_CURVE('',#668,#667,#176,.T.);
#809=EDGE_CURVE('',#663,#668,#107,.T.);
#810=EDGE_CURVE('',#669,#670,#177,.T.);
#811=EDGE_CURVE('',#671,#669,#108,.T.);
#812=EDGE_CURVE('',#672,#671,#178,.T.);
#813=EDGE_CURVE('',#673,#672,#109,.T.);
#814=EDGE_CURVE('',#674,#673,#179,.T.);
#815=EDGE_CURVE('',#675,#674,#110,.T.);
#816=EDGE_CURVE('',#676,#675,#180,.T.);
#817=EDGE_CURVE('',#670,#676,#111,.T.);
#818=EDGE_CURVE('',#677,#678,#181,.T.);
#819=EDGE_CURVE('',#679,#677,#112,.T.);
#820=EDGE_CURVE('',#680,#679,#182,.T.);
#821=EDGE_CURVE('',#681,#680,#113,.T.);
#822=EDGE_CURVE('',#682,#681,#183,.T.);
#823=EDGE_CURVE('',#683,#682,#114,.T.);
#824=EDGE_CURVE('',#684,#683,#184,.T.);
#825=EDGE_CURVE('',#678,#684,#115,.T.);
#826=EDGE_CURVE('',#685,#686,#116,.T.);
#827=EDGE_CURVE('',#687,#685,#185,.T.);
#828=EDGE_CURVE('',#688,#687,#117,.T.);
#829=EDGE_CURVE('',#689,#688,#186,.T.);
#830=EDGE_CURVE('',#690,#689,#118,.T.);
#831=EDGE_CURVE('',#691,#690,#187,.T.);
#832=EDGE_CURVE('',#692,#691,#119,.T.);
#833=EDGE_CURVE('',#686,#692,#188,.T.);
#834=EDGE_CURVE('',#693,#694,#189,.T.);
#835=EDGE_CURVE('',#695,#693,#120,.T.);
#836=EDGE_CURVE('',#696,#695,#190,.T.);
#837=EDGE_CURVE('',#697,#696,#121,.T.);
#838=EDGE_CURVE('',#698,#697,#191,.T.);
#839=EDGE_CURVE('',#699,#698,#122,.T.);
#840=EDGE_CURVE('',#700,#699,#192,.T.);
#841=EDGE_CURVE('',#694,#700,#123,.T.);
#842=EDGE_CURVE('',#701,#702,#124,.T.);
#843=EDGE_CURVE('',#703,#701,#193,.T.);
#844=EDGE_CURVE('',#704,#703,#125,.T.);
#845=EDGE_CURVE('',#705,#704,#194,.T.);
#846=EDGE_CURVE('',#706,#705,#126,.T.);
#847=EDGE_CURVE('',#707,#706,#195,.T.);
#848=EDGE_CURVE('',#708,#707,#127,.T.);
#849=EDGE_CURVE('',#702,#708,#196,.T.);
#850=EDGE_CURVE('',#709,#710,#128,.T.);
#851=EDGE_CURVE('',#711,#709,#197,.T.);
#852=EDGE_CURVE('',#712,#711,#129,.T.);
#853=EDGE_CURVE('',#713,#712,#198,.T.);
#854=EDGE_CURVE('',#714,#713,#130,.T.);
#855=EDGE_CURVE('',#715,#714,#199,.T.);
#856=EDGE_CURVE('',#716,#715,#131,.T.);
#857=EDGE_CURVE('',#710,#716,#200,.T.);
#858=EDGE_CURVE('',#717,#718,#201,.T.);
#859=EDGE_CURVE('',#719,#717,#202,.T.);
#860=EDGE_CURVE('',#720,#719,#203,.T.);
#861=EDGE_CURVE('',#718,#720,#204,.T.);
#862=EDGE_CURVE('',#668,#598,#205,.T.);
#863=EDGE_CURVE('',#655,#667,#206,.T.);
#864=EDGE_CURVE('',#666,#654,#207,.T.);
#865=EDGE_CURVE('',#593,#665,#208,.T.);
#866=EDGE_CURVE('',#664,#594,#209,.T.);
#867=EDGE_CURVE('',#717,#599,#210,.T.);
#868=EDGE_CURVE('',#719,#602,#211,.T.);
#869=EDGE_CURVE('',#720,#601,#212,.T.);
#870=EDGE_CURVE('',#718,#600,#213,.T.);
#871=EDGE_CURVE('',#709,#603,#214,.T.);
#872=EDGE_CURVE('',#711,#610,#215,.T.);
#873=EDGE_CURVE('',#712,#609,#216,.T.);
#874=EDGE_CURVE('',#713,#608,#217,.T.);
#875=EDGE_CURVE('',#714,#607,#218,.T.);
#876=EDGE_CURVE('',#715,#606,#219,.T.);
#877=EDGE_CURVE('',#716,#605,#220,.T.);
#878=EDGE_CURVE('',#710,#604,#221,.T.);
#879=EDGE_CURVE('',#701,#611,#222,.T.);
#880=EDGE_CURVE('',#703,#618,#223,.T.);
#881=EDGE_CURVE('',#704,#617,#224,.T.);
#882=EDGE_CURVE('',#705,#616,#225,.T.);
#883=EDGE_CURVE('',#706,#615,#226,.T.);
#884=EDGE_CURVE('',#707,#614,#227,.T.);
#885=EDGE_CURVE('',#708,#613,#228,.T.);
#886=EDGE_CURVE('',#702,#612,#229,.T.);
#887=EDGE_CURVE('',#693,#619,#230,.T.);
#888=EDGE_CURVE('',#695,#626,#231,.T.);
#889=EDGE_CURVE('',#696,#625,#232,.T.);
#890=EDGE_CURVE('',#697,#624,#233,.T.);
#891=EDGE_CURVE('',#698,#623,#234,.T.);
#892=EDGE_CURVE('',#699,#622,#235,.T.);
#893=EDGE_CURVE('',#700,#621,#236,.T.);
#894=EDGE_CURVE('',#694,#620,#237,.T.);
#895=EDGE_CURVE('',#685,#627,#238,.T.);
#896=EDGE_CURVE('',#687,#634,#239,.T.);
#897=EDGE_CURVE('',#688,#633,#240,.T.);
#898=EDGE_CURVE('',#689,#632,#241,.T.);
#899=EDGE_CURVE('',#690,#631,#242,.T.);
#900=EDGE_CURVE('',#691,#630,#243,.T.);
#901=EDGE_CURVE('',#692,#629,#244,.T.);
#902=EDGE_CURVE('',#686,#628,#245,.T.);
#903=EDGE_CURVE('',#677,#635,#246,.T.);
#904=EDGE_CURVE('',#679,#642,#247,.T.);
#905=EDGE_CURVE('',#680,#641,#248,.T.);
#906=EDGE_CURVE('',#681,#640,#249,.T.);
#907=EDGE_CURVE('',#682,#639,#250,.T.);
#908=EDGE_CURVE('',#683,#638,#251,.T.);
#909=EDGE_CURVE('',#684,#637,#252,.T.);
#910=EDGE_CURVE('',#678,#636,#253,.T.);
#911=EDGE_CURVE('',#669,#643,#254,.T.);
#912=EDGE_CURVE('',#671,#650,#255,.T.);
#913=EDGE_CURVE('',#672,#649,#256,.T.);
#914=EDGE_CURVE('',#673,#648,#257,.T.);
#915=EDGE_CURVE('',#674,#647,#258,.T.);
#916=EDGE_CURVE('',#675,#646,#259,.T.);
#917=EDGE_CURVE('',#676,#645,#260,.T.);
#918=EDGE_CURVE('',#670,#644,#261,.T.);
#919=ORIENTED_EDGE('',*,*,#721,.T.);
#920=ORIENTED_EDGE('',*,*,#722,.F.);
#921=ORIENTED_EDGE('',*,*,#723,.T.);
#922=ORIENTED_EDGE('',*,*,#724,.T.);
#923=ORIENTED_EDGE('',*,*,#724,.F.);
#924=ORIENTED_EDGE('',*,*,#725,.T.);
#925=ORIENTED_EDGE('',*,*,#726,.F.);
#926=ORIENTED_EDGE('',*,*,#727,.T.);
#927=ORIENTED_EDGE('',*,*,#728,.F.);
#928=ORIENTED_EDGE('',*,*,#729,.T.);
#929=ORIENTED_EDGE('',*,*,#730,.F.);
#930=ORIENTED_EDGE('',*,*,#731,.T.);
#931=ORIENTED_EDGE('',*,*,#732,.T.);
#932=ORIENTED_EDGE('',*,*,#733,.T.);
#933=ORIENTED_EDGE('',*,*,#734,.T.);
#934=ORIENTED_EDGE('',*,*,#735,.T.);
#935=ORIENTED_EDGE('',*,*,#736,.T.);
#936=ORIENTED_EDGE('',*,*,#737,.T.);
#937=ORIENTED_EDGE('',*,*,#738,.T.);
#938=ORIENTED_EDGE('',*,*,#739,.T.);
#939=ORIENTED_EDGE('',*,*,#740,.T.);
#940=ORIENTED_EDGE('',*,*,#741,.T.);
#941=ORIENTED_EDGE('',*,*,#742,.T.);
#942=ORIENTED_EDGE('',*,*,#743,.T.);
#943=ORIENTED_EDGE('',*,*,#744,.T.);
#944=ORIENTED_EDGE('',*,*,#745,.T.);
#945=ORIENTED_EDGE('',*,*,#746,.T.);
#946=ORIENTED_EDGE('',*,*,#747,.T.);
#947=ORIENTED_EDGE('',*,*,#748,.T.);
#948=ORIENTED_EDGE('',*,*,#749,.T.);
#949=ORIENTED_EDGE('',*,*,#750,.T.);
#950=ORIENTED_EDGE('',*,*,#751,.T.);
#951=ORIENTED_EDGE('',*,*,#752,.T.);
#952=ORIENTED_EDGE('',*,*,#753,.T.);
#953=ORIENTED_EDGE('',*,*,#754,.T.);
#954=ORIENTED_EDGE('',*,*,#755,.T.);
#955=ORIENTED_EDGE('',*,*,#756,.T.);
#956=ORIENTED_EDGE('',*,*,#757,.T.);
#957=ORIENTED_EDGE('',*,*,#758,.T.);
#958=ORIENTED_EDGE('',*,*,#759,.T.);
#959=ORIENTED_EDGE('',*,*,#760,.T.);
#960=ORIENTED_EDGE('',*,*,#761,.T.);
#961=ORIENTED_EDGE('',*,*,#762,.T.);
#962=ORIENTED_EDGE('',*,*,#763,.T.);
#963=ORIENTED_EDGE('',*,*,#764,.T.);
#964=ORIENTED_EDGE('',*,*,#765,.T.);
#965=ORIENTED_EDGE('',*,*,#766,.T.);
#966=ORIENTED_EDGE('',*,*,#767,.T.);
#967=ORIENTED_EDGE('',*,*,#768,.T.);
#968=ORIENTED_EDGE('',*,*,#769,.T.);
#969=ORIENTED_EDGE('',*,*,#770,.T.);
#970=ORIENTED_EDGE('',*,*,#771,.T.);
#971=ORIENTED_EDGE('',*,*,#772,.T.);
#972=ORIENTED_EDGE('',*,*,#773,.T.);
#973=ORIENTED_EDGE('',*,*,#774,.T.);
#974=ORIENTED_EDGE('',*,*,#775,.T.);
#975=ORIENTED_EDGE('',*,*,#776,.T.);
#976=ORIENTED_EDGE('',*,*,#777,.T.);
#977=ORIENTED_EDGE('',*,*,#778,.T.);
#978=ORIENTED_EDGE('',*,*,#779,.T.);
#979=ORIENTED_EDGE('',*,*,#780,.T.);
#980=ORIENTED_EDGE('',*,*,#781,.T.);
#981=ORIENTED_EDGE('',*,*,#782,.T.);
#982=ORIENTED_EDGE('',*,*,#783,.T.);
#983=ORIENTED_EDGE('',*,*,#784,.T.);
#984=ORIENTED_EDGE('',*,*,#785,.T.);
#985=ORIENTED_EDGE('',*,*,#786,.T.);
#986=ORIENTED_EDGE('',*,*,#787,.T.);
#987=ORIENTED_EDGE('',*,*,#722,.T.);
#988=ORIENTED_EDGE('',*,*,#788,.T.);
#989=ORIENTED_EDGE('',*,*,#789,.T.);
#990=ORIENTED_EDGE('',*,*,#790,.T.);
#991=ORIENTED_EDGE('',*,*,#786,.F.);
#992=ORIENTED_EDGE('',*,*,#791,.T.);
#993=ORIENTED_EDGE('',*,*,#792,.F.);
#994=ORIENTED_EDGE('',*,*,#791,.F.);
#995=ORIENTED_EDGE('',*,*,#785,.F.);
#996=ORIENTED_EDGE('',*,*,#793,.T.);
#997=ORIENTED_EDGE('',*,*,#794,.F.);
#998=ORIENTED_EDGE('',*,*,#793,.F.);
#999=ORIENTED_EDGE('',*,*,#784,.F.);
#1000=ORIENTED_EDGE('',*,*,#795,.T.);
#1001=ORIENTED_EDGE('',*,*,#796,.F.);
#1002=ORIENTED_EDGE('',*,*,#795,.F.);
#1003=ORIENTED_EDGE('',*,*,#790,.F.);
#1004=ORIENTED_EDGE('',*,*,#797,.T.);
#1005=ORIENTED_EDGE('',*,*,#798,.F.);
#1006=ORIENTED_EDGE('',*,*,#797,.F.);
#1007=ORIENTED_EDGE('',*,*,#728,.T.);
#1008=ORIENTED_EDGE('',*,*,#799,.T.);
#1009=ORIENTED_EDGE('',*,*,#800,.T.);
#1010=ORIENTED_EDGE('',*,*,#801,.T.);
#1011=ORIENTED_EDGE('',*,*,#801,.F.);
#1012=ORIENTED_EDGE('',*,*,#802,.T.);
#1013=ORIENTED_EDGE('',*,*,#803,.F.);
#1014=ORIENTED_EDGE('',*,*,#729,.F.);
#1015=ORIENTED_EDGE('',*,*,#800,.F.);
#1016=ORIENTED_EDGE('',*,*,#804,.F.);
#1017=ORIENTED_EDGE('',*,*,#805,.F.);
#1018=ORIENTED_EDGE('',*,*,#806,.F.);
#1019=ORIENTED_EDGE('',*,*,#807,.F.);
#1020=ORIENTED_EDGE('',*,*,#808,.F.);
#1021=ORIENTED_EDGE('',*,*,#809,.F.);
#1022=ORIENTED_EDGE('',*,*,#802,.F.);
#1023=ORIENTED_EDGE('',*,*,#792,.T.);
#1024=ORIENTED_EDGE('',*,*,#794,.T.);
#1025=ORIENTED_EDGE('',*,*,#796,.T.);
#1026=ORIENTED_EDGE('',*,*,#798,.T.);
#1027=ORIENTED_EDGE('',*,*,#810,.F.);
#1028=ORIENTED_EDGE('',*,*,#811,.F.);
#1029=ORIENTED_EDGE('',*,*,#812,.F.);
#1030=ORIENTED_EDGE('',*,*,#813,.F.);
#1031=ORIENTED_EDGE('',*,*,#814,.F.);
#1032=ORIENTED_EDGE('',*,*,#815,.F.);
#1033=ORIENTED_EDGE('',*,*,#816,.F.);
#1034=ORIENTED_EDGE('',*,*,#817,.F.);
#1035=ORIENTED_EDGE('',*,*,#818,.F.);
#1036=ORIENTED_EDGE('',*,*,#819,.F.);
#1037=ORIENTED_EDGE('',*,*,#820,.F.);
#1038=ORIENTED_EDGE('',*,*,#821,.F.);
#1039=ORIENTED_EDGE('',*,*,#822,.F.);
#1040=ORIENTED_EDGE('',*,*,#823,.F.);
#1041=ORIENTED_EDGE('',*,*,#824,.F.);
#1042=ORIENTED_EDGE('',*,*,#825,.F.);
#1043=ORIENTED_EDGE('',*,*,#826,.F.);
#1044=ORIENTED_EDGE('',*,*,#827,.F.);
#1045=ORIENTED_EDGE('',*,*,#828,.F.);
#1046=ORIENTED_EDGE('',*,*,#829,.F.);
#1047=ORIENTED_EDGE('',*,*,#830,.F.);
#1048=ORIENTED_EDGE('',*,*,#831,.F.);
#1049=ORIENTED_EDGE('',*,*,#832,.F.);
#1050=ORIENTED_EDGE('',*,*,#833,.F.);
#1051=ORIENTED_EDGE('',*,*,#834,.F.);
#1052=ORIENTED_EDGE('',*,*,#835,.F.);
#1053=ORIENTED_EDGE('',*,*,#836,.F.);
#1054=ORIENTED_EDGE('',*,*,#837,.F.);
#1055=ORIENTED_EDGE('',*,*,#838,.F.);
#1056=ORIENTED_EDGE('',*,*,#839,.F.);
#1057=ORIENTED_EDGE('',*,*,#840,.F.);
#1058=ORIENTED_EDGE('',*,*,#841,.F.);
#1059=ORIENTED_EDGE('',*,*,#842,.F.);
#1060=ORIENTED_EDGE('',*,*,#843,.F.);
#1061=ORIENTED_EDGE('',*,*,#844,.F.);
#1062=ORIENTED_EDGE('',*,*,#845,.F.);
#1063=ORIENTED_EDGE('',*,*,#846,.F.);
#1064=ORIENTED_EDGE('',*,*,#847,.F.);
#1065=ORIENTED_EDGE('',*,*,#848,.F.);
#1066=ORIENTED_EDGE('',*,*,#849,.F.);
#1067=ORIENTED_EDGE('',*,*,#850,.F.);
#1068=ORIENTED_EDGE('',*,*,#851,.F.);
#1069=ORIENTED_EDGE('',*,*,#852,.F.);
#1070=ORIENTED_EDGE('',*,*,#853,.F.);
#1071=ORIENTED_EDGE('',*,*,#854,.F.);
#1072=ORIENTED_EDGE('',*,*,#855,.F.);
#1073=ORIENTED_EDGE('',*,*,#856,.F.);
#1074=ORIENTED_EDGE('',*,*,#857,.F.);
#1075=ORIENTED_EDGE('',*,*,#858,.F.);
#1076=ORIENTED_EDGE('',*,*,#859,.F.);
#1077=ORIENTED_EDGE('',*,*,#860,.F.);
#1078=ORIENTED_EDGE('',*,*,#861,.F.);
#1079=ORIENTED_EDGE('',*,*,#730,.T.);
#1080=ORIENTED_EDGE('',*,*,#803,.T.);
#1081=ORIENTED_EDGE('',*,*,#809,.T.);
#1082=ORIENTED_EDGE('',*,*,#862,.T.);
#1083=ORIENTED_EDGE('',*,*,#862,.F.);
#1084=ORIENTED_EDGE('',*,*,#808,.T.);
#1085=ORIENTED_EDGE('',*,*,#863,.F.);
#1086=ORIENTED_EDGE('',*,*,#788,.F.);
#1087=ORIENTED_EDGE('',*,*,#721,.F.);
#1088=ORIENTED_EDGE('',*,*,#731,.F.);
#1089=ORIENTED_EDGE('',*,*,#863,.T.);
#1090=ORIENTED_EDGE('',*,*,#807,.T.);
#1091=ORIENTED_EDGE('',*,*,#864,.T.);
#1092=ORIENTED_EDGE('',*,*,#789,.F.);
#1093=ORIENTED_EDGE('',*,*,#864,.F.);
#1094=ORIENTED_EDGE('',*,*,#806,.T.);
#1095=ORIENTED_EDGE('',*,*,#865,.F.);
#1096=ORIENTED_EDGE('',*,*,#725,.F.);
#1097=ORIENTED_EDGE('',*,*,#723,.F.);
#1098=ORIENTED_EDGE('',*,*,#787,.F.);
#1099=ORIENTED_EDGE('',*,*,#726,.T.);
#1100=ORIENTED_EDGE('',*,*,#865,.T.);
#1101=ORIENTED_EDGE('',*,*,#805,.T.);
#1102=ORIENTED_EDGE('',*,*,#866,.T.);
#1103=ORIENTED_EDGE('',*,*,#859,.T.);
#1104=ORIENTED_EDGE('',*,*,#867,.T.);
#1105=ORIENTED_EDGE('',*,*,#735,.F.);
#1106=ORIENTED_EDGE('',*,*,#868,.F.);
#1107=ORIENTED_EDGE('',*,*,#860,.T.);
#1108=ORIENTED_EDGE('',*,*,#868,.T.);
#1109=ORIENTED_EDGE('',*,*,#734,.F.);
#1110=ORIENTED_EDGE('',*,*,#869,.F.);
#1111=ORIENTED_EDGE('',*,*,#861,.T.);
#1112=ORIENTED_EDGE('',*,*,#869,.T.);
#1113=ORIENTED_EDGE('',*,*,#733,.F.);
#1114=ORIENTED_EDGE('',*,*,#870,.F.);
#1115=ORIENTED_EDGE('',*,*,#858,.T.);
#1116=ORIENTED_EDGE('',*,*,#870,.T.);
#1117=ORIENTED_EDGE('',*,*,#732,.F.);
#1118=ORIENTED_EDGE('',*,*,#867,.F.);
#1119=ORIENTED_EDGE('',*,*,#851,.T.);
#1120=ORIENTED_EDGE('',*,*,#871,.T.);
#1121=ORIENTED_EDGE('',*,*,#743,.F.);
#1122=ORIENTED_EDGE('',*,*,#872,.F.);
#1123=ORIENTED_EDGE('',*,*,#852,.T.);
#1124=ORIENTED_EDGE('',*,*,#872,.T.);
#1125=ORIENTED_EDGE('',*,*,#742,.F.);
#1126=ORIENTED_EDGE('',*,*,#873,.F.);
#1127=ORIENTED_EDGE('',*,*,#853,.T.);
#1128=ORIENTED_EDGE('',*,*,#873,.T.);
#1129=ORIENTED_EDGE('',*,*,#741,.F.);
#1130=ORIENTED_EDGE('',*,*,#874,.F.);
#1131=ORIENTED_EDGE('',*,*,#854,.T.);
#1132=ORIENTED_EDGE('',*,*,#874,.T.);
#1133=ORIENTED_EDGE('',*,*,#740,.F.);
#1134=ORIENTED_EDGE('',*,*,#875,.F.);
#1135=ORIENTED_EDGE('',*,*,#855,.T.);
#1136=ORIENTED_EDGE('',*,*,#875,.T.);
#1137=ORIENTED_EDGE('',*,*,#739,.F.);
#1138=ORIENTED_EDGE('',*,*,#876,.F.);
#1139=ORIENTED_EDGE('',*,*,#856,.T.);
#1140=ORIENTED_EDGE('',*,*,#876,.T.);
#1141=ORIENTED_EDGE('',*,*,#738,.F.);
#1142=ORIENTED_EDGE('',*,*,#877,.F.);
#1143=ORIENTED_EDGE('',*,*,#857,.T.);
#1144=ORIENTED_EDGE('',*,*,#877,.T.);
#1145=ORIENTED_EDGE('',*,*,#737,.F.);
#1146=ORIENTED_EDGE('',*,*,#878,.F.);
#1147=ORIENTED_EDGE('',*,*,#850,.T.);
#1148=ORIENTED_EDGE('',*,*,#878,.T.);
#1149=ORIENTED_EDGE('',*,*,#736,.F.);
#1150=ORIENTED_EDGE('',*,*,#871,.F.);
#1151=ORIENTED_EDGE('',*,*,#843,.T.);
#1152=ORIENTED_EDGE('',*,*,#879,.T.);
#1153=ORIENTED_EDGE('',*,*,#751,.F.);
#1154=ORIENTED_EDGE('',*,*,#880,.F.);
#1155=ORIENTED_EDGE('',*,*,#844,.T.);
#1156=ORIENTED_EDGE('',*,*,#880,.T.);
#1157=ORIENTED_EDGE('',*,*,#750,.F.);
#1158=ORIENTED_EDGE('',*,*,#881,.F.);
#1159=ORIENTED_EDGE('',*,*,#845,.T.);
#1160=ORIENTED_EDGE('',*,*,#881,.T.);
#1161=ORIENTED_EDGE('',*,*,#749,.F.);
#1162=ORIENTED_EDGE('',*,*,#882,.F.);
#1163=ORIENTED_EDGE('',*,*,#846,.T.);
#1164=ORIENTED_EDGE('',*,*,#882,.T.);
#1165=ORIENTED_EDGE('',*,*,#748,.F.);
#1166=ORIENTED_EDGE('',*,*,#883,.F.);
#1167=ORIENTED_EDGE('',*,*,#847,.T.);
#1168=ORIENTED_EDGE('',*,*,#883,.T.);
#1169=ORIENTED_EDGE('',*,*,#747,.F.);
#1170=ORIENTED_EDGE('',*,*,#884,.F.);
#1171=ORIENTED_EDGE('',*,*,#848,.T.);
#1172=ORIENTED_EDGE('',*,*,#884,.T.);
#1173=ORIENTED_EDGE('',*,*,#746,.F.);
#1174=ORIENTED_EDGE('',*,*,#885,.F.);
#1175=ORIENTED_EDGE('',*,*,#849,.T.);
#1176=ORIENTED_EDGE('',*,*,#885,.T.);
#1177=ORIENTED_EDGE('',*,*,#745,.F.);
#1178=ORIENTED_EDGE('',*,*,#886,.F.);
#1179=ORIENTED_EDGE('',*,*,#842,.T.);
#1180=ORIENTED_EDGE('',*,*,#886,.T.);
#1181=ORIENTED_EDGE('',*,*,#744,.F.);
#1182=ORIENTED_EDGE('',*,*,#879,.F.);
#1183=ORIENTED_EDGE('',*,*,#835,.T.);
#1184=ORIENTED_EDGE('',*,*,#887,.T.);
#1185=ORIENTED_EDGE('',*,*,#759,.F.);
#1186=ORIENTED_EDGE('',*,*,#888,.F.);
#1187=ORIENTED_EDGE('',*,*,#836,.T.);
#1188=ORIENTED_EDGE('',*,*,#888,.T.);
#1189=ORIENTED_EDGE('',*,*,#758,.F.);
#1190=ORIENTED_EDGE('',*,*,#889,.F.);
#1191=ORIENTED_EDGE('',*,*,#837,.T.);
#1192=ORIENTED_EDGE('',*,*,#889,.T.);
#1193=ORIENTED_EDGE('',*,*,#757,.F.);
#1194=ORIENTED_EDGE('',*,*,#890,.F.);
#1195=ORIENTED_EDGE('',*,*,#838,.T.);
#1196=ORIENTED_EDGE('',*,*,#890,.T.);
#1197=ORIENTED_EDGE('',*,*,#756,.F.);
#1198=ORIENTED_EDGE('',*,*,#891,.F.);
#1199=ORIENTED_EDGE('',*,*,#839,.T.);
#1200=ORIENTED_EDGE('',*,*,#891,.T.);
#1201=ORIENTED_EDGE('',*,*,#755,.F.);
#1202=ORIENTED_EDGE('',*,*,#892,.F.);
#1203=ORIENTED_EDGE('',*,*,#840,.T.);
#1204=ORIENTED_EDGE('',*,*,#892,.T.);
#1205=ORIENTED_EDGE('',*,*,#754,.F.);
#1206=ORIENTED_EDGE('',*,*,#893,.F.);
#1207=ORIENTED_EDGE('',*,*,#841,.T.);
#1208=ORIENTED_EDGE('',*,*,#893,.T.);
#1209=ORIENTED_EDGE('',*,*,#753,.F.);
#1210=ORIENTED_EDGE('',*,*,#894,.F.);
#1211=ORIENTED_EDGE('',*,*,#834,.T.);
#1212=ORIENTED_EDGE('',*,*,#894,.T.);
#1213=ORIENTED_EDGE('',*,*,#752,.F.);
#1214=ORIENTED_EDGE('',*,*,#887,.F.);
#1215=ORIENTED_EDGE('',*,*,#827,.T.);
#1216=ORIENTED_EDGE('',*,*,#895,.T.);
#1217=ORIENTED_EDGE('',*,*,#767,.F.);
#1218=ORIENTED_EDGE('',*,*,#896,.F.);
#1219=ORIENTED_EDGE('',*,*,#828,.T.);
#1220=ORIENTED_EDGE('',*,*,#896,.T.);
#1221=ORIENTED_EDGE('',*,*,#766,.F.);
#1222=ORIENTED_EDGE('',*,*,#897,.F.);
#1223=ORIENTED_EDGE('',*,*,#829,.T.);
#1224=ORIENTED_EDGE('',*,*,#897,.T.);
#1225=ORIENTED_EDGE('',*,*,#765,.F.);
#1226=ORIENTED_EDGE('',*,*,#898,.F.);
#1227=ORIENTED_EDGE('',*,*,#830,.T.);
#1228=ORIENTED_EDGE('',*,*,#898,.T.);
#1229=ORIENTED_EDGE('',*,*,#764,.F.);
#1230=ORIENTED_EDGE('',*,*,#899,.F.);
#1231=ORIENTED_EDGE('',*,*,#831,.T.);
#1232=ORIENTED_EDGE('',*,*,#899,.T.);
#1233=ORIENTED_EDGE('',*,*,#763,.F.);
#1234=ORIENTED_EDGE('',*,*,#900,.F.);
#1235=ORIENTED_EDGE('',*,*,#832,.T.);
#1236=ORIENTED_EDGE('',*,*,#900,.T.);
#1237=ORIENTED_EDGE('',*,*,#762,.F.);
#1238=ORIENTED_EDGE('',*,*,#901,.F.);
#1239=ORIENTED_EDGE('',*,*,#833,.T.);
#1240=ORIENTED_EDGE('',*,*,#901,.T.);
#1241=ORIENTED_EDGE('',*,*,#761,.F.);
#1242=ORIENTED_EDGE('',*,*,#902,.F.);
#1243=ORIENTED_EDGE('',*,*,#826,.T.);
#1244=ORIENTED_EDGE('',*,*,#902,.T.);
#1245=ORIENTED_EDGE('',*,*,#760,.F.);
#1246=ORIENTED_EDGE('',*,*,#895,.F.);
#1247=ORIENTED_EDGE('',*,*,#819,.T.);
#1248=ORIENTED_EDGE('',*,*,#903,.T.);
#1249=ORIENTED_EDGE('',*,*,#775,.F.);
#1250=ORIENTED_EDGE('',*,*,#904,.F.);
#1251=ORIENTED_EDGE('',*,*,#820,.T.);
#1252=ORIENTED_EDGE('',*,*,#904,.T.);
#1253=ORIENTED_EDGE('',*,*,#774,.F.);
#1254=ORIENTED_EDGE('',*,*,#905,.F.);
#1255=ORIENTED_EDGE('',*,*,#821,.T.);
#1256=ORIENTED_EDGE('',*,*,#905,.T.);
#1257=ORIENTED_EDGE('',*,*,#773,.F.);
#1258=ORIENTED_EDGE('',*,*,#906,.F.);
#1259=ORIENTED_EDGE('',*,*,#822,.T.);
#1260=ORIENTED_EDGE('',*,*,#906,.T.);
#1261=ORIENTED_EDGE('',*,*,#772,.F.);
#1262=ORIENTED_EDGE('',*,*,#907,.F.);
#1263=ORIENTED_EDGE('',*,*,#823,.T.);
#1264=ORIENTED_EDGE('',*,*,#907,.T.);
#1265=ORIENTED_EDGE('',*,*,#771,.F.);
#1266=ORIENTED_EDGE('',*,*,#908,.F.);
#1267=ORIENTED_EDGE('',*,*,#824,.T.);
#1268=ORIENTED_EDGE('',*,*,#908,.T.);
#1269=ORIENTED_EDGE('',*,*,#770,.F.);
#1270=ORIENTED_EDGE('',*,*,#909,.F.);
#1271=ORIENTED_EDGE('',*,*,#825,.T.);
#1272=ORIENTED_EDGE('',*,*,#909,.T.);
#1273=ORIENTED_EDGE('',*,*,#769,.F.);
#1274=ORIENTED_EDGE('',*,*,#910,.F.);
#1275=ORIENTED_EDGE('',*,*,#818,.T.);
#1276=ORIENTED_EDGE('',*,*,#910,.T.);
#1277=ORIENTED_EDGE('',*,*,#768,.F.);
#1278=ORIENTED_EDGE('',*,*,#903,.F.);
#1279=ORIENTED_EDGE('',*,*,#811,.T.);
#1280=ORIENTED_EDGE('',*,*,#911,.T.);
#1281=ORIENTED_EDGE('',*,*,#783,.F.);
#1282=ORIENTED_EDGE('',*,*,#912,.F.);
#1283=ORIENTED_EDGE('',*,*,#812,.T.);
#1284=ORIENTED_EDGE('',*,*,#912,.T.);
#1285=ORIENTED_EDGE('',*,*,#782,.F.);
#1286=ORIENTED_EDGE('',*,*,#913,.F.);
#1287=ORIENTED_EDGE('',*,*,#813,.T.);
#1288=ORIENTED_EDGE('',*,*,#913,.T.);
#1289=ORIENTED_EDGE('',*,*,#781,.F.);
#1290=ORIENTED_EDGE('',*,*,#914,.F.);
#1291=ORIENTED_EDGE('',*,*,#814,.T.);
#1292=ORIENTED_EDGE('',*,*,#914,.T.);
#1293=ORIENTED_EDGE('',*,*,#780,.F.);
#1294=ORIENTED_EDGE('',*,*,#915,.F.);
#1295=ORIENTED_EDGE('',*,*,#815,.T.);
#1296=ORIENTED_EDGE('',*,*,#915,.T.);
#1297=ORIENTED_EDGE('',*,*,#779,.F.);
#1298=ORIENTED_EDGE('',*,*,#916,.F.);
#1299=ORIENTED_EDGE('',*,*,#816,.T.);
#1300=ORIENTED_EDGE('',*,*,#916,.T.);
#1301=ORIENTED_EDGE('',*,*,#778,.F.);
#1302=ORIENTED_EDGE('',*,*,#917,.F.);
#1303=ORIENTED_EDGE('',*,*,#817,.T.);
#1304=ORIENTED_EDGE('',*,*,#917,.T.);
#1305=ORIENTED_EDGE('',*,*,#777,.F.);
#1306=ORIENTED_EDGE('',*,*,#918,.F.);
#1307=ORIENTED_EDGE('',*,*,#810,.T.);
#1308=ORIENTED_EDGE('',*,*,#918,.T.);
#1309=ORIENTED_EDGE('',*,*,#776,.F.);
#1310=ORIENTED_EDGE('',*,*,#911,.F.);
#1311=ORIENTED_EDGE('',*,*,#799,.F.);
#1312=ORIENTED_EDGE('',*,*,#727,.F.);
#1313=ORIENTED_EDGE('',*,*,#866,.F.);
#1314=ORIENTED_EDGE('',*,*,#804,.T.);
#1315=B_SPLINE_SURFACE_WITH_KNOTS('',3,3,((#2002,#2003,#2004,#2005,#2006,
#2007,#2008,#2009,#2010,#2011,#2012,#2013,#2014,#2015,#2016,#2017,#2018,
#2019,#2020,#2021),(#2022,#2023,#2024,#2025,#2026,#2027,#2028,#2029,#2030,
#2031,#2032,#2033,#2034,#2035,#2036,#2037,#2038,#2039,#2040,#2041),(#2042,
#2043,#2044,#2045,#2046,#2047,#2048,#2049,#2050,#2051,#2052,#2053,#2054,
#2055,#2056,#2057,#2058,#2059,#2060,#2061),(#2062,#2063,#2064,#2065,#2066,
#2067,#2068,#2069,#2070,#2071,#2072,#2073,#2074,#2075,#2076,#2077,#2078,
#2079,#2080,#2081)),.UNSPECIFIED.,.F.,.F.,.F.,(4,4),(4,1,1,1,1,1,1,1,1,
1,1,1,1,1,1,2,4),(0.,1.),(-7.44939304610381,-6.91729354281068,-6.38519403951755,
-5.85309453622442,-5.32099503293129,-4.96626203073587,-4.61152902854045,
-4.43416252744274,-4.25679602634503,-4.07942952524732,-3.90206302414961,
-3.19259701975878,-2.66049751646565,-2.12839801317252,-1.06419900658626,
0.,0.840221361665721),.UNSPECIFIED.);
#1316=STYLED_ITEM('',(#2532),#1385);
#1317=STYLED_ITEM('',(#2532),#1386);
#1318=STYLED_ITEM('',(#2532),#1387);
#1319=STYLED_ITEM('',(#2532),#1388);
#1320=STYLED_ITEM('',(#2532),#1389);
#1321=STYLED_ITEM('',(#2532),#1390);
#1322=STYLED_ITEM('',(#2532),#1391);
#1323=STYLED_ITEM('',(#2532),#1392);
#1324=STYLED_ITEM('',(#2532),#1393);
#1325=STYLED_ITEM('',(#2532),#1394);
#1326=STYLED_ITEM('',(#2532),#1395);
#1327=STYLED_ITEM('',(#2532),#1396);
#1328=STYLED_ITEM('',(#2532),#1397);
#1329=STYLED_ITEM('',(#2532),#1398);
#1330=STYLED_ITEM('',(#2532),#1399);
#1331=STYLED_ITEM('',(#2532),#1400);
#1332=STYLED_ITEM('',(#2532),#1401);
#1333=STYLED_ITEM('',(#2532),#1402);
#1334=STYLED_ITEM('',(#2532),#1403);
#1335=STYLED_ITEM('',(#2532),#1404);
#1336=STYLED_ITEM('',(#2532),#1405);
#1337=STYLED_ITEM('',(#2532),#1406);
#1338=STYLED_ITEM('',(#2532),#1407);
#1339=STYLED_ITEM('',(#2532),#1408);
#1340=STYLED_ITEM('',(#2532),#1409);
#1341=STYLED_ITEM('',(#2532),#1410);
#1342=STYLED_ITEM('',(#2532),#1411);
#1343=STYLED_ITEM('',(#2532),#1412);
#1344=STYLED_ITEM('',(#2532),#1413);
#1345=STYLED_ITEM('',(#2532),#1414);
#1346=STYLED_ITEM('',(#2532),#1415);
#1347=STYLED_ITEM('',(#2532),#1416);
#1348=STYLED_ITEM('',(#2532),#1417);
#1349=STYLED_ITEM('',(#2532),#1418);
#1350=STYLED_ITEM('',(#2532),#1419);
#1351=STYLED_ITEM('',(#2532),#1420);
#1352=STYLED_ITEM('',(#2532),#1421);
#1353=STYLED_ITEM('',(#2532),#1422);
#1354=STYLED_ITEM('',(#2532),#1423);
#1355=STYLED_ITEM('',(#2532),#1424);
#1356=STYLED_ITEM('',(#2532),#1425);
#1357=STYLED_ITEM('',(#2532),#1426);
#1358=STYLED_ITEM('',(#2532),#1427);
#1359=STYLED_ITEM('',(#2532),#1428);
#1360=STYLED_ITEM('',(#2532),#1429);
#1361=STYLED_ITEM('',(#2532),#1430);
#1362=STYLED_ITEM('',(#2532),#1431);
#1363=STYLED_ITEM('',(#2532),#1432);
#1364=STYLED_ITEM('',(#2532),#1433);
#1365=STYLED_ITEM('',(#2532),#1434);
#1366=STYLED_ITEM('',(#2532),#1435);
#1367=STYLED_ITEM('',(#2532),#1436);
#1368=STYLED_ITEM('',(#2532),#1437);
#1369=STYLED_ITEM('',(#2532),#1438);
#1370=STYLED_ITEM('',(#2532),#1439);
#1371=STYLED_ITEM('',(#2532),#1440);
#1372=STYLED_ITEM('',(#2532),#1441);
#1373=STYLED_ITEM('',(#2532),#1442);
#1374=STYLED_ITEM('',(#2532),#1443);
#1375=STYLED_ITEM('',(#2532),#1444);
#1376=STYLED_ITEM('',(#2532),#1445);
#1377=STYLED_ITEM('',(#2532),#1446);
#1378=STYLED_ITEM('',(#2532),#1447);
#1379=STYLED_ITEM('',(#2532),#1448);
#1380=STYLED_ITEM('',(#2532),#1449);
#1381=STYLED_ITEM('',(#2532),#1450);
#1382=STYLED_ITEM('',(#2532),#1451);
#1383=STYLED_ITEM('',(#2532),#1452);
#1384=STYLED_ITEM('',(#2531),#13);
#1385=ADVANCED_FACE('',(#427),#1315,.T.);
#1386=ADVANCED_FACE('',(#428,#46,#47,#48,#49,#50,#51,#52,#53,#54,#55),#392,
 .T.);
#1387=ADVANCED_FACE('',(#429,#56),#393,.T.);
#1388=ADVANCED_FACE('',(#430),#14,.F.);
#1389=ADVANCED_FACE('',(#431),#15,.F.);
#1390=ADVANCED_FACE('',(#432),#16,.F.);
#1391=ADVANCED_FACE('',(#433),#17,.F.);
#1392=ADVANCED_FACE('',(#434),#18,.T.);
#1393=ADVANCED_FACE('',(#435),#394,.T.);
#1394=ADVANCED_FACE('',(#436,#57,#58,#59,#60,#61,#62,#63,#64,#65,#66,#67),
#395,.F.);
#1395=ADVANCED_FACE('',(#437),#19,.T.);
#1396=ADVANCED_FACE('',(#438),#396,.T.);
#1397=ADVANCED_FACE('',(#439),#20,.T.);
#1398=ADVANCED_FACE('',(#440),#397,.T.);
#1399=ADVANCED_FACE('',(#441),#21,.T.);
#1400=ADVANCED_FACE('',(#442),#398,.T.);
#1401=ADVANCED_FACE('',(#443),#399,.T.);
#1402=ADVANCED_FACE('',(#444),#400,.T.);
#1403=ADVANCED_FACE('',(#445),#401,.T.);
#1404=ADVANCED_FACE('',(#446),#402,.T.);
#1405=ADVANCED_FACE('',(#447),#22,.F.);
#1406=ADVANCED_FACE('',(#448),#403,.T.);
#1407=ADVANCED_FACE('',(#449),#23,.F.);
#1408=ADVANCED_FACE('',(#450),#404,.T.);
#1409=ADVANCED_FACE('',(#451),#24,.F.);
#1410=ADVANCED_FACE('',(#452),#405,.T.);
#1411=ADVANCED_FACE('',(#453),#25,.F.);
#1412=ADVANCED_FACE('',(#454),#406,.T.);
#1413=ADVANCED_FACE('',(#455),#26,.F.);
#1414=ADVANCED_FACE('',(#456),#407,.T.);
#1415=ADVANCED_FACE('',(#457),#27,.F.);
#1416=ADVANCED_FACE('',(#458),#408,.T.);
#1417=ADVANCED_FACE('',(#459),#28,.F.);
#1418=ADVANCED_FACE('',(#460),#409,.T.);
#1419=ADVANCED_FACE('',(#461),#29,.F.);
#1420=ADVANCED_FACE('',(#462),#30,.F.);
#1421=ADVANCED_FACE('',(#463),#410,.T.);
#1422=ADVANCED_FACE('',(#464),#31,.F.);
#1423=ADVANCED_FACE('',(#465),#411,.T.);
#1424=ADVANCED_FACE('',(#466),#32,.F.);
#1425=ADVANCED_FACE('',(#467),#412,.T.);
#1426=ADVANCED_FACE('',(#468),#33,.F.);
#1427=ADVANCED_FACE('',(#469),#413,.T.);
#1428=ADVANCED_FACE('',(#470),#414,.T.);
#1429=ADVANCED_FACE('',(#471),#34,.F.);
#1430=ADVANCED_FACE('',(#472),#415,.T.);
#1431=ADVANCED_FACE('',(#473),#35,.F.);
#1432=ADVANCED_FACE('',(#474),#416,.T.);
#1433=ADVANCED_FACE('',(#475),#36,.F.);
#1434=ADVANCED_FACE('',(#476),#417,.T.);
#1435=ADVANCED_FACE('',(#477),#37,.F.);
#1436=ADVANCED_FACE('',(#478),#38,.F.);
#1437=ADVANCED_FACE('',(#479),#418,.T.);
#1438=ADVANCED_FACE('',(#480),#39,.F.);
#1439=ADVANCED_FACE('',(#481),#419,.T.);
#1440=ADVANCED_FACE('',(#482),#40,.F.);
#1441=ADVANCED_FACE('',(#483),#420,.T.);
#1442=ADVANCED_FACE('',(#484),#41,.F.);
#1443=ADVANCED_FACE('',(#485),#421,.T.);
#1444=ADVANCED_FACE('',(#486),#42,.F.);
#1445=ADVANCED_FACE('',(#487),#422,.T.);
#1446=ADVANCED_FACE('',(#488),#43,.F.);
#1447=ADVANCED_FACE('',(#489),#423,.T.);
#1448=ADVANCED_FACE('',(#490),#44,.F.);
#1449=ADVANCED_FACE('',(#491),#424,.T.);
#1450=ADVANCED_FACE('',(#492),#45,.F.);
#1451=ADVANCED_FACE('',(#493),#425,.T.);
#1452=ADVANCED_FACE('',(#494),#426,.T.);
#1453=CLOSED_SHELL('',(#1385,#1386,#1387,#1388,#1389,#1390,#1391,#1392,
#1393,#1394,#1395,#1396,#1397,#1398,#1399,#1400,#1401,#1402,#1403,#1404,
#1405,#1406,#1407,#1408,#1409,#1410,#1411,#1412,#1413,#1414,#1415,#1416,
#1417,#1418,#1419,#1420,#1421,#1422,#1423,#1424,#1425,#1426,#1427,#1428,
#1429,#1430,#1431,#1432,#1433,#1434,#1435,#1436,#1437,#1438,#1439,#1440,
#1441,#1442,#1443,#1444,#1445,#1446,#1447,#1448,#1449,#1450,#1451,#1452));
#1454=DERIVED_UNIT_ELEMENT(#1457,1.);
#1455=DERIVED_UNIT_ELEMENT(#2517,-3.);
#1456=DIMENSIONAL_EXPONENTS(0.,1.,0.,0.,0.,0.,0.);
#1457=(
CONVERSION_BASED_UNIT('gram',#1459)
MASS_UNIT()
NAMED_UNIT(#1456)
);
#1458=(
MASS_UNIT()
NAMED_UNIT(*)
SI_UNIT(.KILO.,.GRAM.)
);
#1459=MASS_MEASURE_WITH_UNIT(MASS_MEASURE(0.001),#1458);
#1460=DERIVED_UNIT((#1454,#1455));
#1461=MEASURE_REPRESENTATION_ITEM('density measure',
POSITIVE_RATIO_MEASURE(1.),#1460);
#1462=PROPERTY_DEFINITION_REPRESENTATION(#1467,#1464);
#1463=PROPERTY_DEFINITION_REPRESENTATION(#1468,#1465);
#1464=REPRESENTATION('material name',(#1466),#2514);
#1465=REPRESENTATION('density',(#1461),#2514);
#1466=DESCRIPTIVE_REPRESENTATION_ITEM('Generic','Generic');
#1467=PROPERTY_DEFINITION('material property','material name',#2524);
#1468=PROPERTY_DEFINITION('material property','density of part',#2524);
#1469=DATE_TIME_ROLE('creation_date');
#1470=APPLIED_DATE_AND_TIME_ASSIGNMENT(#1471,#1469,(#2524));
#1471=DATE_AND_TIME(#1472,#1473);
#1472=CALENDAR_DATE(2026,15,2);
#1473=LOCAL_TIME(0,0,0.,#1474);
#1474=COORDINATED_UNIVERSAL_TIME_OFFSET(0,0,.BEHIND.);
#1475=AXIS2_PLACEMENT_3D('',#2001,#1607,#1608);
#1476=AXIS2_PLACEMENT_3D('',#2123,#1609,#1610);
#1477=AXIS2_PLACEMENT_3D('',#2127,#1612,#1613);
#1478=AXIS2_PLACEMENT_3D('',#2131,#1615,#1616);
#1479=AXIS2_PLACEMENT_3D('',#2135,#1618,#1619);
#1480=AXIS2_PLACEMENT_3D('',#2147,#1625,#1626);
#1481=AXIS2_PLACEMENT_3D('',#2151,#1628,#1629);
#1482=AXIS2_PLACEMENT_3D('',#2155,#1631,#1632);
#1483=AXIS2_PLACEMENT_3D('',#2159,#1634,#1635);
#1484=AXIS2_PLACEMENT_3D('',#2163,#1637,#1638);
#1485=AXIS2_PLACEMENT_3D('',#2167,#1640,#1641);
#1486=AXIS2_PLACEMENT_3D('',#2171,#1643,#1644);
#1487=AXIS2_PLACEMENT_3D('',#2175,#1646,#1647);
#1488=AXIS2_PLACEMENT_3D('',#2181,#1650,#1651);
#1489=AXIS2_PLACEMENT_3D('',#2185,#1653,#1654);
#1490=AXIS2_PLACEMENT_3D('',#2189,#1656,#1657);
#1491=AXIS2_PLACEMENT_3D('',#2192,#1659,#1660);
#1492=AXIS2_PLACEMENT_3D('',#2195,#1661,#1662);
#1493=AXIS2_PLACEMENT_3D('',#2199,#1664,#1665);
#1494=AXIS2_PLACEMENT_3D('',#2203,#1667,#1668);
#1495=AXIS2_PLACEMENT_3D('',#2207,#1670,#1671);
#1496=AXIS2_PLACEMENT_3D('',#2213,#1674,#1675);
#1497=AXIS2_PLACEMENT_3D('',#2217,#1677,#1678);
#1498=AXIS2_PLACEMENT_3D('',#2221,#1680,#1681);
#1499=AXIS2_PLACEMENT_3D('',#2224,#1683,#1684);
#1500=AXIS2_PLACEMENT_3D('',#2229,#1686,#1687);
#1501=AXIS2_PLACEMENT_3D('',#2233,#1689,#1690);
#1502=AXIS2_PLACEMENT_3D('',#2237,#1692,#1693);
#1503=AXIS2_PLACEMENT_3D('',#2240,#1695,#1696);
#1504=AXIS2_PLACEMENT_3D('',#2242,#1697,#1698);
#1505=AXIS2_PLACEMENT_3D('',#2244,#1699,#1700);
#1506=AXIS2_PLACEMENT_3D('',#2246,#1701,#1702);
#1507=AXIS2_PLACEMENT_3D('',#2247,#1703,#1704);
#1508=AXIS2_PLACEMENT_3D('',#2252,#1707,#1708);
#1509=AXIS2_PLACEMENT_3D('',#2254,#1709,#1710);
#1510=AXIS2_PLACEMENT_3D('',#2255,#1711,#1712);
#1511=AXIS2_PLACEMENT_3D('',#2258,#1714,#1715);
#1512=AXIS2_PLACEMENT_3D('',#2259,#1716,#1717);
#1513=AXIS2_PLACEMENT_3D('',#2262,#1719,#1720);
#1514=AXIS2_PLACEMENT_3D('',#2263,#1721,#1722);
#1515=AXIS2_PLACEMENT_3D('',#2266,#1724,#1725);
#1516=AXIS2_PLACEMENT_3D('',#2267,#1726,#1727);
#1517=AXIS2_PLACEMENT_3D('',#2270,#1729,#1730);
#1518=AXIS2_PLACEMENT_3D('',#2271,#1731,#1732);
#1519=AXIS2_PLACEMENT_3D('',#2275,#1734,#1735);
#1520=AXIS2_PLACEMENT_3D('',#2277,#1737,#1738);
#1521=AXIS2_PLACEMENT_3D('',#2281,#1741,#1742);
#1522=AXIS2_PLACEMENT_3D('',#2285,#1744,#1745);
#1523=AXIS2_PLACEMENT_3D('',#2289,#1747,#1748);
#1524=AXIS2_PLACEMENT_3D('',#2292,#1750,#1751);
#1525=AXIS2_PLACEMENT_3D('',#2297,#1753,#1754);
#1526=AXIS2_PLACEMENT_3D('',#2301,#1756,#1757);
#1527=AXIS2_PLACEMENT_3D('',#2305,#1759,#1760);
#1528=AXIS2_PLACEMENT_3D('',#2308,#1762,#1763);
#1529=AXIS2_PLACEMENT_3D('',#2313,#1765,#1766);
#1530=AXIS2_PLACEMENT_3D('',#2317,#1768,#1769);
#1531=AXIS2_PLACEMENT_3D('',#2321,#1771,#1772);
#1532=AXIS2_PLACEMENT_3D('',#2324,#1774,#1775);
#1533=AXIS2_PLACEMENT_3D('',#2327,#1776,#1777);
#1534=AXIS2_PLACEMENT_3D('',#2331,#1779,#1780);
#1535=AXIS2_PLACEMENT_3D('',#2335,#1782,#1783);
#1536=AXIS2_PLACEMENT_3D('',#2339,#1785,#1786);
#1537=AXIS2_PLACEMENT_3D('',#2345,#1789,#1790);
#1538=AXIS2_PLACEMENT_3D('',#2349,#1792,#1793);
#1539=AXIS2_PLACEMENT_3D('',#2353,#1795,#1796);
#1540=AXIS2_PLACEMENT_3D('',#2356,#1798,#1799);
#1541=AXIS2_PLACEMENT_3D('',#2359,#1800,#1801);
#1542=AXIS2_PLACEMENT_3D('',#2363,#1803,#1804);
#1543=AXIS2_PLACEMENT_3D('',#2367,#1806,#1807);
#1544=AXIS2_PLACEMENT_3D('',#2371,#1809,#1810);
#1545=AXIS2_PLACEMENT_3D('',#2375,#1812,#1813);
#1546=AXIS2_PLACEMENT_3D('',#2379,#1815,#1816);
#1547=AXIS2_PLACEMENT_3D('',#2383,#1818,#1819);
#1548=AXIS2_PLACEMENT_3D('',#2387,#1821,#1822);
#1549=AXIS2_PLACEMENT_3D('',#2397,#1828,#1829);
#1550=AXIS2_PLACEMENT_3D('',#2399,#1831,#1832);
#1551=AXIS2_PLACEMENT_3D('',#2401,#1834,#1835);
#1552=AXIS2_PLACEMENT_3D('',#2403,#1837,#1838);
#1553=AXIS2_PLACEMENT_3D('',#2405,#1840,#1841);
#1554=AXIS2_PLACEMENT_3D('',#2407,#1843,#1844);
#1555=AXIS2_PLACEMENT_3D('',#2410,#1847,#1848);
#1556=AXIS2_PLACEMENT_3D('',#2412,#1850,#1851);
#1557=AXIS2_PLACEMENT_3D('',#2414,#1853,#1854);
#1558=AXIS2_PLACEMENT_3D('',#2415,#1855,#1856);
#1559=AXIS2_PLACEMENT_3D('',#2418,#1859,#1860);
#1560=AXIS2_PLACEMENT_3D('',#2420,#1862,#1863);
#1561=AXIS2_PLACEMENT_3D('',#2422,#1865,#1866);
#1562=AXIS2_PLACEMENT_3D('',#2424,#1868,#1869);
#1563=AXIS2_PLACEMENT_3D('',#2426,#1871,#1872);
#1564=AXIS2_PLACEMENT_3D('',#2428,#1874,#1875);
#1565=AXIS2_PLACEMENT_3D('',#2430,#1877,#1878);
#1566=AXIS2_PLACEMENT_3D('',#2431,#1879,#1880);
#1567=AXIS2_PLACEMENT_3D('',#2434,#1883,#1884);
#1568=AXIS2_PLACEMENT_3D('',#2436,#1886,#1887);
#1569=AXIS2_PLACEMENT_3D('',#2438,#1889,#1890);
#1570=AXIS2_PLACEMENT_3D('',#2440,#1892,#1893);
#1571=AXIS2_PLACEMENT_3D('',#2442,#1895,#1896);
#1572=AXIS2_PLACEMENT_3D('',#2444,#1898,#1899);
#1573=AXIS2_PLACEMENT_3D('',#2446,#1901,#1902);
#1574=AXIS2_PLACEMENT_3D('',#2447,#1903,#1904);
#1575=AXIS2_PLACEMENT_3D('',#2450,#1907,#1908);
#1576=AXIS2_PLACEMENT_3D('',#2452,#1910,#1911);
#1577=AXIS2_PLACEMENT_3D('',#2454,#1913,#1914);
#1578=AXIS2_PLACEMENT_3D('',#2456,#1916,#1917);
#1579=AXIS2_PLACEMENT_3D('',#2458,#1919,#1920);
#1580=AXIS2_PLACEMENT_3D('',#2460,#1922,#1923);
#1581=AXIS2_PLACEMENT_3D('',#2462,#1925,#1926);
#1582=AXIS2_PLACEMENT_3D('',#2463,#1927,#1928);
#1583=AXIS2_PLACEMENT_3D('',#2466,#1931,#1932);
#1584=AXIS2_PLACEMENT_3D('',#2468,#1934,#1935);
#1585=AXIS2_PLACEMENT_3D('',#2470,#1937,#1938);
#1586=AXIS2_PLACEMENT_3D('',#2472,#1940,#1941);
#1587=AXIS2_PLACEMENT_3D('',#2474,#1943,#1944);
#1588=AXIS2_PLACEMENT_3D('',#2476,#1946,#1947);
#1589=AXIS2_PLACEMENT_3D('',#2478,#1949,#1950);
#1590=AXIS2_PLACEMENT_3D('',#2479,#1951,#1952);
#1591=AXIS2_PLACEMENT_3D('',#2482,#1955,#1956);
#1592=AXIS2_PLACEMENT_3D('',#2484,#1958,#1959);
#1593=AXIS2_PLACEMENT_3D('',#2486,#1961,#1962);
#1594=AXIS2_PLACEMENT_3D('',#2488,#1964,#1965);
#1595=AXIS2_PLACEMENT_3D('',#2490,#1967,#1968);
#1596=AXIS2_PLACEMENT_3D('',#2492,#1970,#1971);
#1597=AXIS2_PLACEMENT_3D('',#2494,#1973,#1974);
#1598=AXIS2_PLACEMENT_3D('',#2495,#1975,#1976);
#1599=AXIS2_PLACEMENT_3D('',#2498,#1979,#1980);
#1600=AXIS2_PLACEMENT_3D('',#2500,#1982,#1983);
#1601=AXIS2_PLACEMENT_3D('',#2502,#1985,#1986);
#1602=AXIS2_PLACEMENT_3D('',#2504,#1988,#1989);
#1603=AXIS2_PLACEMENT_3D('',#2506,#1991,#1992);
#1604=AXIS2_PLACEMENT_3D('',#2508,#1994,#1995);
#1605=AXIS2_PLACEMENT_3D('',#2510,#1997,#1998);
#1606=AXIS2_PLACEMENT_3D('',#2511,#1999,#2000);
#1607=DIRECTION('axis',(0.,0.,1.));
#1608=DIRECTION('refdir',(1.,0.,0.));
#1609=DIRECTION('center_axis',(0.,1.,0.));
#1610=DIRECTION('ref_axis',(0.,0.,1.));
#1611=DIRECTION('',(2.12992426786645E-16,0.,1.));
#1612=DIRECTION('center_axis',(0.,-1.,0.));
#1613=DIRECTION('ref_axis',(-0.707106781186547,0.,0.707106781186547));
#1614=DIRECTION('',(1.,0.,-2.10468819834124E-16));
#1615=DIRECTION('center_axis',(0.,-1.,0.));
#1616=DIRECTION('ref_axis',(0.707106781186547,0.,0.707106781186547));
#1617=DIRECTION('',(-1.06496213393323E-16,0.,-1.));
#1618=DIRECTION('center_axis',(0.,-1.,0.));
#1619=DIRECTION('ref_axis',(0.707106781186547,0.,-0.707106781186547));
#1620=DIRECTION('',(-1.,0.,2.10468819834124E-16));
#1621=DIRECTION('',(0.,0.,-1.));
#1622=DIRECTION('',(1.,0.,-2.88369616785755E-16));
#1623=DIRECTION('',(0.,0.,1.));
#1624=DIRECTION('',(-1.,0.,2.88369616785755E-16));
#1625=DIRECTION('center_axis',(0.,-1.,0.));
#1626=DIRECTION('ref_axis',(-8.88178419700125E-14,0.,1.));
#1627=DIRECTION('',(1.,0.,-2.30268479181514E-15));
#1628=DIRECTION('center_axis',(0.,-1.,0.));
#1629=DIRECTION('ref_axis',(-1.,0.,-4.44089209850062E-15));
#1630=DIRECTION('',(0.,0.,1.));
#1631=DIRECTION('center_axis',(0.,-1.,0.));
#1632=DIRECTION('ref_axis',(-4.44089209850064E-15,0.,-1.));
#1633=DIRECTION('',(-1.,0.,0.));
#1634=DIRECTION('center_axis',(0.,-1.,0.));
#1635=DIRECTION('ref_axis',(1.,0.,0.));
#1636=DIRECTION('',(0.,0.,-1.));
#1637=DIRECTION('center_axis',(0.,-1.,0.));
#1638=DIRECTION('ref_axis',(1.,0.,0.));
#1639=DIRECTION('',(0.,0.,-1.));
#1640=DIRECTION('center_axis',(0.,-1.,0.));
#1641=DIRECTION('ref_axis',(-5.77315972805083E-14,0.,1.));
#1642=DIRECTION('',(1.,0.,0.));
#1643=DIRECTION('center_axis',(0.,-1.,0.));
#1644=DIRECTION('ref_axis',(-1.,0.,-4.44089209850062E-15));
#1645=DIRECTION('',(0.,0.,1.));
#1646=DIRECTION('center_axis',(0.,-1.,0.));
#1647=DIRECTION('ref_axis',(4.44089209850064E-15,0.,-1.));
#1648=DIRECTION('',(-1.,0.,0.));
#1649=DIRECTION('',(0.,0.,1.));
#1650=DIRECTION('center_axis',(0.,-1.,0.));
#1651=DIRECTION('ref_axis',(4.44089209850064E-15,0.,-1.));
#1652=DIRECTION('',(-1.,0.,0.));
#1653=DIRECTION('center_axis',(0.,-1.,0.));
#1654=DIRECTION('ref_axis',(1.,0.,0.));
#1655=DIRECTION('',(0.,0.,-1.));
#1656=DIRECTION('center_axis',(0.,-1.,0.));
#1657=DIRECTION('ref_axis',(-5.77315972805083E-14,0.,1.));
#1658=DIRECTION('',(1.,0.,0.));
#1659=DIRECTION('center_axis',(0.,-1.,0.));
#1660=DIRECTION('ref_axis',(-1.,0.,-4.44089209850062E-15));
#1661=DIRECTION('center_axis',(0.,-1.,0.));
#1662=DIRECTION('ref_axis',(1.,0.,0.));
#1663=DIRECTION('',(0.,0.,-1.));
#1664=DIRECTION('center_axis',(0.,-1.,0.));
#1665=DIRECTION('ref_axis',(-8.88178419700125E-14,0.,1.));
#1666=DIRECTION('',(1.,0.,-2.30268479181514E-15));
#1667=DIRECTION('center_axis',(0.,-1.,0.));
#1668=DIRECTION('ref_axis',(-1.,0.,-4.44089209850062E-15));
#1669=DIRECTION('',(0.,0.,1.));
#1670=DIRECTION('center_axis',(0.,-1.,0.));
#1671=DIRECTION('ref_axis',(-4.44089209850064E-15,0.,-1.));
#1672=DIRECTION('',(-1.,0.,6.57909940518613E-16));
#1673=DIRECTION('',(-1.,0.,1.97372982155584E-15));
#1674=DIRECTION('center_axis',(0.,-1.,0.));
#1675=DIRECTION('ref_axis',(1.,0.,0.));
#1676=DIRECTION('',(0.,0.,-1.));
#1677=DIRECTION('center_axis',(0.,-1.,0.));
#1678=DIRECTION('ref_axis',(-5.77315972805117E-14,0.,1.));
#1679=DIRECTION('',(1.,0.,-2.30268479181514E-15));
#1680=DIRECTION('center_axis',(0.,-1.,0.));
#1681=DIRECTION('ref_axis',(-1.,0.,0.));
#1682=DIRECTION('',(0.,0.,1.));
#1683=DIRECTION('center_axis',(0.,-1.,0.));
#1684=DIRECTION('ref_axis',(0.,0.,-1.));
#1685=DIRECTION('',(1.,0.,0.));
#1686=DIRECTION('center_axis',(0.,-1.,0.));
#1687=DIRECTION('ref_axis',(-1.,0.,-4.4408920985006E-15));
#1688=DIRECTION('',(0.,0.,1.));
#1689=DIRECTION('center_axis',(0.,-1.,0.));
#1690=DIRECTION('ref_axis',(0.,0.,-1.));
#1691=DIRECTION('',(-1.,0.,2.63163976207445E-15));
#1692=DIRECTION('center_axis',(0.,-1.,0.));
#1693=DIRECTION('ref_axis',(1.,0.,0.));
#1694=DIRECTION('',(0.,0.,-1.));
#1695=DIRECTION('center_axis',(0.,-1.,0.));
#1696=DIRECTION('ref_axis',(-5.77315972805083E-14,0.,1.));
#1697=DIRECTION('center_axis',(0.,-1.,0.));
#1698=DIRECTION('ref_axis',(1.,0.,0.));
#1699=DIRECTION('center_axis',(0.,-1.,0.));
#1700=DIRECTION('ref_axis',(1.,0.,0.));
#1701=DIRECTION('center_axis',(0.,-1.,0.));
#1702=DIRECTION('ref_axis',(1.,0.,0.));
#1703=DIRECTION('center_axis',(0.,1.,0.));
#1704=DIRECTION('ref_axis',(0.,0.,1.));
#1705=DIRECTION('',(2.80182466782451E-16,0.,1.));
#1706=DIRECTION('',(-1.,0.,2.75831807360237E-16));
#1707=DIRECTION('center_axis',(0.,1.,0.));
#1708=DIRECTION('ref_axis',(0.,0.,-1.));
#1709=DIRECTION('center_axis',(0.,-1.,0.));
#1710=DIRECTION('ref_axis',(-1.,0.,0.));
#1711=DIRECTION('center_axis',(0.,-1.,0.));
#1712=DIRECTION('ref_axis',(1.,0.,0.));
#1713=DIRECTION('',(0.,-1.,0.));
#1714=DIRECTION('center_axis',(0.,1.,0.));
#1715=DIRECTION('ref_axis',(1.,0.,0.));
#1716=DIRECTION('center_axis',(0.,-1.,0.));
#1717=DIRECTION('ref_axis',(1.,0.,0.));
#1718=DIRECTION('',(0.,-1.,0.));
#1719=DIRECTION('center_axis',(0.,1.,0.));
#1720=DIRECTION('ref_axis',(1.,0.,0.));
#1721=DIRECTION('center_axis',(0.,-1.,0.));
#1722=DIRECTION('ref_axis',(1.,0.,0.));
#1723=DIRECTION('',(0.,-1.,0.));
#1724=DIRECTION('center_axis',(0.,1.,0.));
#1725=DIRECTION('ref_axis',(1.,0.,0.));
#1726=DIRECTION('center_axis',(0.,-1.,0.));
#1727=DIRECTION('ref_axis',(1.,0.,0.));
#1728=DIRECTION('',(0.,-1.,0.));
#1729=DIRECTION('center_axis',(0.,1.,0.));
#1730=DIRECTION('ref_axis',(1.,0.,0.));
#1731=DIRECTION('center_axis',(0.,1.,0.));
#1732=DIRECTION('ref_axis',(0.707106781186547,0.,0.707106781186547));
#1733=DIRECTION('',(0.,-1.,0.));
#1734=DIRECTION('center_axis',(0.,1.,0.));
#1735=DIRECTION('ref_axis',(0.707106781186547,0.,0.707106781186547));
#1736=DIRECTION('',(0.,1.,0.));
#1737=DIRECTION('center_axis',(1.,0.,-1.06496213393323E-16));
#1738=DIRECTION('ref_axis',(-1.06496213393323E-16,0.,-1.));
#1739=DIRECTION('',(-1.06496213393323E-16,0.,-1.));
#1740=DIRECTION('',(0.,-1.,0.));
#1741=DIRECTION('center_axis',(0.,1.,0.));
#1742=DIRECTION('ref_axis',(0.,0.,1.));
#1743=DIRECTION('',(1.,0.,-2.10468819834124E-16));
#1744=DIRECTION('center_axis',(0.,1.,0.));
#1745=DIRECTION('ref_axis',(-0.707106781186547,0.,0.707106781186547));
#1746=DIRECTION('',(2.12992426786645E-16,0.,1.));
#1747=DIRECTION('center_axis',(0.,1.,0.));
#1748=DIRECTION('ref_axis',(-0.707106781186547,0.,-0.707106781186547));
#1749=DIRECTION('',(-1.,0.,2.10468819834124E-16));
#1750=DIRECTION('center_axis',(0.,1.,0.));
#1751=DIRECTION('ref_axis',(0.707106781186547,0.,-0.707106781186547));
#1752=DIRECTION('',(1.,0.,0.));
#1753=DIRECTION('center_axis',(0.,-1.,0.));
#1754=DIRECTION('ref_axis',(-5.77315972805083E-14,0.,1.));
#1755=DIRECTION('',(0.,0.,-1.));
#1756=DIRECTION('center_axis',(0.,-1.,0.));
#1757=DIRECTION('ref_axis',(1.,0.,0.));
#1758=DIRECTION('',(-1.,0.,2.63163976207445E-15));
#1759=DIRECTION('center_axis',(0.,-1.,0.));
#1760=DIRECTION('ref_axis',(0.,0.,-1.));
#1761=DIRECTION('',(0.,0.,1.));
#1762=DIRECTION('center_axis',(0.,-1.,0.));
#1763=DIRECTION('ref_axis',(-1.,0.,-4.4408920985006E-15));
#1764=DIRECTION('',(-1.,0.,1.97372982155584E-15));
#1765=DIRECTION('center_axis',(0.,-1.,0.));
#1766=DIRECTION('ref_axis',(0.,0.,-1.));
#1767=DIRECTION('',(0.,0.,1.));
#1768=DIRECTION('center_axis',(0.,-1.,0.));
#1769=DIRECTION('ref_axis',(-1.,0.,0.));
#1770=DIRECTION('',(1.,0.,-2.30268479181514E-15));
#1771=DIRECTION('center_axis',(0.,-1.,0.));
#1772=DIRECTION('ref_axis',(-5.77315972805117E-14,0.,1.));
#1773=DIRECTION('',(0.,0.,-1.));
#1774=DIRECTION('center_axis',(0.,-1.,0.));
#1775=DIRECTION('ref_axis',(1.,0.,0.));
#1776=DIRECTION('center_axis',(0.,-1.,0.));
#1777=DIRECTION('ref_axis',(1.,0.,0.));
#1778=DIRECTION('',(-1.,0.,6.57909940518613E-16));
#1779=DIRECTION('center_axis',(0.,-1.,0.));
#1780=DIRECTION('ref_axis',(-4.44089209850064E-15,0.,-1.));
#1781=DIRECTION('',(0.,0.,1.));
#1782=DIRECTION('center_axis',(0.,-1.,0.));
#1783=DIRECTION('ref_axis',(-1.,0.,-4.44089209850062E-15));
#1784=DIRECTION('',(1.,0.,-2.30268479181514E-15));
#1785=DIRECTION('center_axis',(0.,-1.,0.));
#1786=DIRECTION('ref_axis',(-8.88178419700125E-14,0.,1.));
#1787=DIRECTION('',(0.,0.,-1.));
#1788=DIRECTION('',(0.,0.,1.));
#1789=DIRECTION('center_axis',(0.,-1.,0.));
#1790=DIRECTION('ref_axis',(-1.,0.,-4.44089209850062E-15));
#1791=DIRECTION('',(1.,0.,0.));
#1792=DIRECTION('center_axis',(0.,-1.,0.));
#1793=DIRECTION('ref_axis',(-5.77315972805083E-14,0.,1.));
#1794=DIRECTION('',(0.,0.,-1.));
#1795=DIRECTION('center_axis',(0.,-1.,0.));
#1796=DIRECTION('ref_axis',(1.,0.,0.));
#1797=DIRECTION('',(-1.,0.,0.));
#1798=DIRECTION('center_axis',(0.,-1.,0.));
#1799=DIRECTION('ref_axis',(4.44089209850064E-15,0.,-1.));
#1800=DIRECTION('center_axis',(0.,-1.,0.));
#1801=DIRECTION('ref_axis',(1.,0.,0.));
#1802=DIRECTION('',(-1.,0.,0.));
#1803=DIRECTION('center_axis',(0.,-1.,0.));
#1804=DIRECTION('ref_axis',(4.44089209850064E-15,0.,-1.));
#1805=DIRECTION('',(0.,0.,1.));
#1806=DIRECTION('center_axis',(0.,-1.,0.));
#1807=DIRECTION('ref_axis',(-1.,0.,-4.44089209850062E-15));
#1808=DIRECTION('',(1.,0.,0.));
#1809=DIRECTION('center_axis',(0.,-1.,0.));
#1810=DIRECTION('ref_axis',(-5.77315972805083E-14,0.,1.));
#1811=DIRECTION('',(0.,0.,-1.));
#1812=DIRECTION('center_axis',(0.,-1.,0.));
#1813=DIRECTION('ref_axis',(-8.88178419700125E-14,0.,1.));
#1814=DIRECTION('',(0.,0.,-1.));
#1815=DIRECTION('center_axis',(0.,-1.,0.));
#1816=DIRECTION('ref_axis',(1.,0.,0.));
#1817=DIRECTION('',(-1.,0.,0.));
#1818=DIRECTION('center_axis',(0.,-1.,0.));
#1819=DIRECTION('ref_axis',(-4.44089209850064E-15,0.,-1.));
#1820=DIRECTION('',(0.,0.,1.));
#1821=DIRECTION('center_axis',(0.,-1.,0.));
#1822=DIRECTION('ref_axis',(-1.,0.,-4.44089209850062E-15));
#1823=DIRECTION('',(1.,0.,-2.30268479181514E-15));
#1824=DIRECTION('',(0.,0.,-1.));
#1825=DIRECTION('',(-1.,0.,2.88369616785755E-16));
#1826=DIRECTION('',(0.,0.,1.));
#1827=DIRECTION('',(1.,0.,-2.88369616785755E-16));
#1828=DIRECTION('center_axis',(0.,1.,0.));
#1829=DIRECTION('ref_axis',(0.707106781186547,0.,-0.707106781186547));
#1830=DIRECTION('',(0.,1.,0.));
#1831=DIRECTION('center_axis',(-2.10468819834124E-16,0.,-1.));
#1832=DIRECTION('ref_axis',(-1.,0.,2.10468819834124E-16));
#1833=DIRECTION('',(0.,-1.,0.));
#1834=DIRECTION('center_axis',(0.,1.,0.));
#1835=DIRECTION('ref_axis',(-0.707106781186547,0.,-0.707106781186547));
#1836=DIRECTION('',(0.,1.,0.));
#1837=DIRECTION('center_axis',(-1.,0.,2.12992426786645E-16));
#1838=DIRECTION('ref_axis',(2.12992426786645E-16,0.,1.));
#1839=DIRECTION('',(0.,-1.,0.));
#1840=DIRECTION('center_axis',(0.,1.,0.));
#1841=DIRECTION('ref_axis',(-0.707106781186547,0.,0.707106781186547));
#1842=DIRECTION('',(0.,1.,0.));
#1843=DIRECTION('center_axis',(-2.88369616785755E-16,0.,-1.));
#1844=DIRECTION('ref_axis',(-1.,0.,2.88369616785755E-16));
#1845=DIRECTION('',(0.,1.,0.));
#1846=DIRECTION('',(0.,1.,0.));
#1847=DIRECTION('center_axis',(-1.,0.,0.));
#1848=DIRECTION('ref_axis',(0.,0.,1.));
#1849=DIRECTION('',(0.,1.,0.));
#1850=DIRECTION('center_axis',(2.88369616785755E-16,0.,1.));
#1851=DIRECTION('ref_axis',(1.,0.,-2.88369616785755E-16));
#1852=DIRECTION('',(0.,1.,0.));
#1853=DIRECTION('center_axis',(1.,0.,0.));
#1854=DIRECTION('ref_axis',(0.,0.,-1.));
#1855=DIRECTION('center_axis',(1.,0.,0.));
#1856=DIRECTION('ref_axis',(0.,0.,-1.));
#1857=DIRECTION('',(0.,1.,0.));
#1858=DIRECTION('',(0.,1.,0.));
#1859=DIRECTION('center_axis',(0.,1.,0.));
#1860=DIRECTION('ref_axis',(1.,0.,0.));
#1861=DIRECTION('',(0.,1.,0.));
#1862=DIRECTION('center_axis',(0.,0.,-1.));
#1863=DIRECTION('ref_axis',(-1.,0.,0.));
#1864=DIRECTION('',(0.,1.,0.));
#1865=DIRECTION('center_axis',(0.,1.,0.));
#1866=DIRECTION('ref_axis',(-4.44089209850064E-15,0.,-1.));
#1867=DIRECTION('',(0.,1.,0.));
#1868=DIRECTION('center_axis',(-1.,0.,0.));
#1869=DIRECTION('ref_axis',(0.,0.,1.));
#1870=DIRECTION('',(0.,1.,0.));
#1871=DIRECTION('center_axis',(0.,1.,0.));
#1872=DIRECTION('ref_axis',(-1.,0.,-4.44089209850062E-15));
#1873=DIRECTION('',(0.,1.,0.));
#1874=DIRECTION('center_axis',(2.30268479181514E-15,0.,1.));
#1875=DIRECTION('ref_axis',(1.,0.,-2.30268479181514E-15));
#1876=DIRECTION('',(0.,1.,0.));
#1877=DIRECTION('center_axis',(0.,1.,0.));
#1878=DIRECTION('ref_axis',(-8.88178419700125E-14,0.,1.));
#1879=DIRECTION('center_axis',(0.,0.,-1.));
#1880=DIRECTION('ref_axis',(-1.,0.,0.));
#1881=DIRECTION('',(0.,1.,0.));
#1882=DIRECTION('',(0.,1.,0.));
#1883=DIRECTION('center_axis',(0.,1.,0.));
#1884=DIRECTION('ref_axis',(4.44089209850064E-15,0.,-1.));
#1885=DIRECTION('',(0.,1.,0.));
#1886=DIRECTION('center_axis',(-1.,0.,0.));
#1887=DIRECTION('ref_axis',(0.,0.,1.));
#1888=DIRECTION('',(0.,1.,0.));
#1889=DIRECTION('center_axis',(0.,1.,0.));
#1890=DIRECTION('ref_axis',(-1.,0.,-4.44089209850062E-15));
#1891=DIRECTION('',(0.,1.,0.));
#1892=DIRECTION('center_axis',(0.,0.,1.));
#1893=DIRECTION('ref_axis',(1.,0.,0.));
#1894=DIRECTION('',(0.,1.,0.));
#1895=DIRECTION('center_axis',(0.,1.,0.));
#1896=DIRECTION('ref_axis',(-5.77315972805083E-14,0.,1.));
#1897=DIRECTION('',(0.,1.,0.));
#1898=DIRECTION('center_axis',(1.,0.,0.));
#1899=DIRECTION('ref_axis',(0.,0.,-1.));
#1900=DIRECTION('',(0.,1.,0.));
#1901=DIRECTION('center_axis',(0.,1.,0.));
#1902=DIRECTION('ref_axis',(1.,0.,0.));
#1903=DIRECTION('center_axis',(0.,1.,0.));
#1904=DIRECTION('ref_axis',(-1.,0.,-4.44089209850062E-15));
#1905=DIRECTION('',(0.,1.,0.));
#1906=DIRECTION('',(0.,1.,0.));
#1907=DIRECTION('center_axis',(0.,0.,1.));
#1908=DIRECTION('ref_axis',(1.,0.,0.));
#1909=DIRECTION('',(0.,1.,0.));
#1910=DIRECTION('center_axis',(0.,1.,0.));
#1911=DIRECTION('ref_axis',(-5.77315972805083E-14,0.,1.));
#1912=DIRECTION('',(0.,1.,0.));
#1913=DIRECTION('center_axis',(1.,0.,0.));
#1914=DIRECTION('ref_axis',(0.,0.,-1.));
#1915=DIRECTION('',(0.,1.,0.));
#1916=DIRECTION('center_axis',(0.,1.,0.));
#1917=DIRECTION('ref_axis',(1.,0.,0.));
#1918=DIRECTION('',(0.,1.,0.));
#1919=DIRECTION('center_axis',(0.,0.,-1.));
#1920=DIRECTION('ref_axis',(-1.,0.,0.));
#1921=DIRECTION('',(0.,1.,0.));
#1922=DIRECTION('center_axis',(0.,1.,0.));
#1923=DIRECTION('ref_axis',(4.44089209850064E-15,0.,-1.));
#1924=DIRECTION('',(0.,1.,0.));
#1925=DIRECTION('center_axis',(-1.,0.,0.));
#1926=DIRECTION('ref_axis',(0.,0.,1.));
#1927=DIRECTION('center_axis',(-6.57909940518613E-16,0.,-1.));
#1928=DIRECTION('ref_axis',(-1.,0.,6.57909940518613E-16));
#1929=DIRECTION('',(0.,1.,0.));
#1930=DIRECTION('',(0.,1.,0.));
#1931=DIRECTION('center_axis',(0.,1.,0.));
#1932=DIRECTION('ref_axis',(-4.44089209850064E-15,0.,-1.));
#1933=DIRECTION('',(0.,1.,0.));
#1934=DIRECTION('center_axis',(-1.,0.,0.));
#1935=DIRECTION('ref_axis',(0.,0.,1.));
#1936=DIRECTION('',(0.,1.,0.));
#1937=DIRECTION('center_axis',(0.,1.,0.));
#1938=DIRECTION('ref_axis',(-1.,0.,-4.44089209850062E-15));
#1939=DIRECTION('',(0.,1.,0.));
#1940=DIRECTION('center_axis',(2.30268479181514E-15,0.,1.));
#1941=DIRECTION('ref_axis',(1.,0.,-2.30268479181514E-15));
#1942=DIRECTION('',(0.,1.,0.));
#1943=DIRECTION('center_axis',(0.,1.,0.));
#1944=DIRECTION('ref_axis',(-8.88178419700125E-14,0.,1.));
#1945=DIRECTION('',(0.,1.,0.));
#1946=DIRECTION('center_axis',(1.,0.,0.));
#1947=DIRECTION('ref_axis',(0.,0.,-1.));
#1948=DIRECTION('',(0.,1.,0.));
#1949=DIRECTION('center_axis',(0.,1.,0.));
#1950=DIRECTION('ref_axis',(1.,0.,0.));
#1951=DIRECTION('center_axis',(0.,1.,0.));
#1952=DIRECTION('ref_axis',(0.,0.,-1.));
#1953=DIRECTION('',(0.,1.,0.));
#1954=DIRECTION('',(0.,1.,0.));
#1955=DIRECTION('center_axis',(-1.,0.,0.));
#1956=DIRECTION('ref_axis',(0.,0.,1.));
#1957=DIRECTION('',(0.,1.,0.));
#1958=DIRECTION('center_axis',(0.,1.,0.));
#1959=DIRECTION('ref_axis',(-1.,0.,0.));
#1960=DIRECTION('',(0.,1.,0.));
#1961=DIRECTION('center_axis',(2.30268479181514E-15,0.,1.));
#1962=DIRECTION('ref_axis',(1.,0.,-2.30268479181514E-15));
#1963=DIRECTION('',(0.,1.,0.));
#1964=DIRECTION('center_axis',(0.,1.,0.));
#1965=DIRECTION('ref_axis',(-5.77315972805117E-14,0.,1.));
#1966=DIRECTION('',(0.,1.,0.));
#1967=DIRECTION('center_axis',(1.,0.,0.));
#1968=DIRECTION('ref_axis',(0.,0.,-1.));
#1969=DIRECTION('',(0.,1.,0.));
#1970=DIRECTION('center_axis',(0.,1.,0.));
#1971=DIRECTION('ref_axis',(1.,0.,0.));
#1972=DIRECTION('',(0.,1.,0.));
#1973=DIRECTION('center_axis',(-1.97372982155584E-15,0.,-1.));
#1974=DIRECTION('ref_axis',(-1.,0.,1.97372982155584E-15));
#1975=DIRECTION('center_axis',(0.,1.,0.));
#1976=DIRECTION('ref_axis',(-5.77315972805083E-14,0.,1.));
#1977=DIRECTION('',(0.,1.,0.));
#1978=DIRECTION('',(0.,1.,0.));
#1979=DIRECTION('center_axis',(1.,0.,0.));
#1980=DIRECTION('ref_axis',(0.,0.,-1.));
#1981=DIRECTION('',(0.,1.,0.));
#1982=DIRECTION('center_axis',(0.,1.,0.));
#1983=DIRECTION('ref_axis',(1.,0.,0.));
#1984=DIRECTION('',(0.,1.,0.));
#1985=DIRECTION('center_axis',(-2.63163976207445E-15,0.,-1.));
#1986=DIRECTION('ref_axis',(-1.,0.,2.63163976207445E-15));
#1987=DIRECTION('',(0.,1.,0.));
#1988=DIRECTION('center_axis',(0.,1.,0.));
#1989=DIRECTION('ref_axis',(0.,0.,-1.));
#1990=DIRECTION('',(0.,1.,0.));
#1991=DIRECTION('center_axis',(-1.,0.,0.));
#1992=DIRECTION('ref_axis',(0.,0.,1.));
#1993=DIRECTION('',(0.,1.,0.));
#1994=DIRECTION('center_axis',(0.,1.,0.));
#1995=DIRECTION('ref_axis',(-1.,0.,-4.4408920985006E-15));
#1996=DIRECTION('',(0.,1.,0.));
#1997=DIRECTION('center_axis',(0.,0.,1.));
#1998=DIRECTION('ref_axis',(1.,0.,0.));
#1999=DIRECTION('center_axis',(2.10468819834124E-16,0.,1.));
#2000=DIRECTION('ref_axis',(1.,0.,-2.10468819834124E-16));
#2001=CARTESIAN_POINT('',(0.,0.,0.));
#2002=CARTESIAN_POINT('Ctrl Pts',(-40.6735030978644,4.7,-13.731641755366));
#2003=CARTESIAN_POINT('Ctrl Pts',(-39.0918407746577,4.7,-13.731641755366));
#2004=CARTESIAN_POINT('Ctrl Pts',(-35.9782642286568,4.7,-13.8818432370607));
#2005=CARTESIAN_POINT('Ctrl Pts',(-31.5148292137368,4.7,-14.6772681839905));
#2006=CARTESIAN_POINT('Ctrl Pts',(-27.4642249119191,4.7,-16.108900484664));
#2007=CARTESIAN_POINT('Ctrl Pts',(-24.2043992534056,4.7,-17.9741573551214));
#2008=CARTESIAN_POINT('Ctrl Pts',(-21.3806935650725,4.7,-20.1253041937916));
#2009=CARTESIAN_POINT('Ctrl Pts',(-19.1951943597324,4.7,-22.010065601794));
#2010=CARTESIAN_POINT('Ctrl Pts',(-17.0578725133758,4.7,-23.730692896589));
#2011=CARTESIAN_POINT('Ctrl Pts',(-15.1013540065274,4.7,-25.0683315704464));
#2012=CARTESIAN_POINT('Ctrl Pts',(-13.043125318518,4.7,-26.192749789314));
#2013=CARTESIAN_POINT('Ctrl Pts',(-9.05052060673709,4.7,-27.9546239988133));
#2014=CARTESIAN_POINT('Ctrl Pts',(-4.37738727593751,4.7,-29.390779254537));
#2015=CARTESIAN_POINT('Ctrl Pts',(1.02519050283454,4.7,-31.2298785022168));
#2016=CARTESIAN_POINT('Ctrl Pts',(7.38616293855051,4.7,-33.6409154731476));
#2017=CARTESIAN_POINT('Ctrl Pts',(14.8342128955397,4.7,-37.2198754712806));
#2018=CARTESIAN_POINT('Ctrl Pts',(20.4139669170213,4.7,-40.8668394025217));
#2019=CARTESIAN_POINT('Ctrl Pts',(25.4472392556419,4.7,-44.4610867532263));
#2020=CARTESIAN_POINT('Ctrl Pts',(27.7264962551206,4.7,-46.0886985494511));
#2021=CARTESIAN_POINT('Ctrl Pts',(30.0057532545991,4.7,-47.7163103456758));
#2022=CARTESIAN_POINT('Ctrl Pts',(-40.6735030978644,3.41299778241343,-12.0156387985839));
#2023=CARTESIAN_POINT('Ctrl Pts',(-39.0369909766072,3.41299778241343,-12.0157528684619));
#2024=CARTESIAN_POINT('Ctrl Pts',(-35.7980397271636,3.41299778241344,-12.1706387354855));
#2025=CARTESIAN_POINT('Ctrl Pts',(-31.0872728713559,3.41299778241343,-13.0076262637622));
#2026=CARTESIAN_POINT('Ctrl Pts',(-26.7477595210375,3.41299778241343,-14.5383305703101));
#2027=CARTESIAN_POINT('Ctrl Pts',(-23.2458614373943,3.41299778241343,-16.5443768921853));
#2028=CARTESIAN_POINT('Ctrl Pts',(-20.2819651534584,3.41299778241343,-18.8061536863663));
#2029=CARTESIAN_POINT('Ctrl Pts',(-18.0773474592218,3.41299778241343,-20.7083466724222));
#2030=CARTESIAN_POINT('Ctrl Pts',(-16.0239483886982,3.41299778241343,-22.3585129502133));
#2031=CARTESIAN_POINT('Ctrl Pts',(-14.2055786967156,3.41299778241343,-23.6016437236326));
#2032=CARTESIAN_POINT('Ctrl Pts',(-12.2873445528434,3.41299778241343,-24.6491116688106));
#2033=CARTESIAN_POINT('Ctrl Pts',(-8.49514001310815,3.41299778241343,-26.3272921853706));
#2034=CARTESIAN_POINT('Ctrl Pts',(-3.86401861926251,3.41299778241343,-27.7548788010778));
#2035=CARTESIAN_POINT('Ctrl Pts',(1.60249809884771,3.41299778241343,-29.6126712617594));
#2036=CARTESIAN_POINT('Ctrl Pts',(8.06000968876457,3.41299778241343,-32.0612011415902));
#2037=CARTESIAN_POINT('Ctrl Pts',(15.6855848766621,3.41299778241343,-35.722823223494));
#2038=CARTESIAN_POINT('Ctrl Pts',(21.3754370711094,3.41299778241343,-39.44530138997));
#2039=CARTESIAN_POINT('Ctrl Pts',(26.444471693036,3.41299778241344,-43.0645934258187));
#2040=CARTESIAN_POINT('Ctrl Pts',(28.7237286925147,3.41299778241343,-44.6922052220435));
#2041=CARTESIAN_POINT('Ctrl Pts',(31.0029856919933,3.41299778241344,-46.3198170182683));
#2042=CARTESIAN_POINT('Ctrl Pts',(-40.6735030978644,2.7,-9.87664545134361));
#2043=CARTESIAN_POINT('Ctrl Pts',(-38.9684003344504,2.7,-9.87650286399609));
#2044=CARTESIAN_POINT('Ctrl Pts',(-35.573567020668,2.7,-10.0379949157708));
#2045=CARTESIAN_POINT('Ctrl Pts',(-30.5542850992275,2.7,-10.9261253518303));
#2046=CARTESIAN_POINT('Ctrl Pts',(-25.854480757482,2.7,-12.5813791461724));
#2047=CARTESIAN_POINT('Ctrl Pts',(-22.051238231947,2.7,-14.7614474469195));
#2048=CARTESIAN_POINT('Ctrl Pts',(-18.9126460118136,2.7,-17.1621597375721));
#2049=CARTESIAN_POINT('Ctrl Pts',(-16.6842995212717,2.7,-19.0850786258878));
#2050=CARTESIAN_POINT('Ctrl Pts',(-14.7349989774008,2.7,-20.6490228634067));
#2051=CARTESIAN_POINT('Ctrl Pts',(-13.0883632011665,2.7,-21.7726706480171));
#2052=CARTESIAN_POINT('Ctrl Pts',(-11.3451616447374,2.7,-22.7274000168612));
#2053=CARTESIAN_POINT('Ctrl Pts',(-7.80316630813978,2.7,-24.2952925136655));
#2054=CARTESIAN_POINT('Ctrl Pts',(-3.22420703038808,2.7,-25.7174115473937));
#2055=CARTESIAN_POINT('Ctrl Pts',(2.32267378031748,2.7,-27.5964092933603));
#2056=CARTESIAN_POINT('Ctrl Pts',(8.89720722221432,2.7,-30.0901972056336));
#2057=CARTESIAN_POINT('Ctrl Pts',(16.7524272011232,2.70000000000001,-33.8616109116432));
#2058=CARTESIAN_POINT('Ctrl Pts',(22.5661271652872,2.69999999999998,-37.666078127912));
#2059=CARTESIAN_POINT('Ctrl Pts',(27.6875194050507,2.70000000000001,-41.3238680238115));
#2060=CARTESIAN_POINT('Ctrl Pts',(29.9667764045293,2.70000000000001,-42.9514798200362));
#2061=CARTESIAN_POINT('Ctrl Pts',(32.2460334040079,2.7,-44.579091616261));
#2062=CARTESIAN_POINT('Ctrl Pts',(-40.6735030978644,2.7,-7.73164175536599));
#2063=CARTESIAN_POINT('Ctrl Pts',(-38.8998380868873,2.7,-7.73164175536599));
#2064=CARTESIAN_POINT('Ctrl Pts',(-35.3482863938015,2.7,-7.89898928880184));
#2065=CARTESIAN_POINT('Ctrl Pts',(-30.0198396712515,2.7,-8.83907295154497));
#2066=CARTESIAN_POINT('Ctrl Pts',(-24.9588990188799,2.7,-10.61816675323));
#2067=CARTESIAN_POINT('Ctrl Pts',(-20.8530659619329,2.7,-12.9742218682494));
#2068=CARTESIAN_POINT('Ctrl Pts',(-17.5392354972959,2.7,-15.5132216032904));
#2069=CARTESIAN_POINT('Ctrl Pts',(-15.2869908956335,2.7,-17.457929964173));
#2070=CARTESIAN_POINT('Ctrl Pts',(-13.4425938215537,2.7,-18.9337979304371));
#2071=CARTESIAN_POINT('Ctrl Pts',(-11.9686440639016,2.7,-19.9393108394999));
#2072=CARTESIAN_POINT('Ctrl Pts',(-10.4004356876441,2.7,-20.797852366232));
#2073=CARTESIAN_POINT('Ctrl Pts',(-7.1089405661036,2.7,-22.2611277468621));
#2074=CARTESIAN_POINT('Ctrl Pts',(-2.58249620954432,2.7,-23.6725359805697));
#2075=CARTESIAN_POINT('Ctrl Pts',(3.04430827533394,2.7,-25.5749002427885));
#2076=CARTESIAN_POINT('Ctrl Pts',(9.7395156599819,2.7,-28.1155542911869));
#2077=CARTESIAN_POINT('Ctrl Pts',(17.8166421775263,2.70000000000001,-31.9902956019098));
#2078=CARTESIAN_POINT('Ctrl Pts',(23.7679648578974,2.69999999999998,-35.8891556122224));
#2079=CARTESIAN_POINT('Ctrl Pts',(28.9340599517934,2.70000000000001,-39.578251364552));
#2080=CARTESIAN_POINT('Ctrl Pts',(31.213316951272,2.70000000000001,-41.2058631607768));
#2081=CARTESIAN_POINT('Ctrl Pts',(33.4925739507506,2.7,-42.8334749570015));
#2082=CARTESIAN_POINT('',(33.4925739507506,2.7,-42.8334749570015));
#2083=CARTESIAN_POINT('',(23.1679822561634,4.7,-42.8334749570015));
#2084=CARTESIAN_POINT('Ctrl Pts',(33.4925739507506,2.7,-42.8334749570015));
#2085=CARTESIAN_POINT('Ctrl Pts',(31.6887165296519,2.70000000000001,-42.8334749570015));
#2086=CARTESIAN_POINT('Ctrl Pts',(29.865534753396,2.86483612760556,-42.8334749570014));
#2087=CARTESIAN_POINT('Ctrl Pts',(26.4129755390358,3.52755219372169,-42.8334749570014));
#2088=CARTESIAN_POINT('Ctrl Pts',(24.7343236536073,4.0173060497692,-42.8334749570015));
#2089=CARTESIAN_POINT('Ctrl Pts',(23.1679822561634,4.7,-42.8334749570015));
#2090=CARTESIAN_POINT('',(-40.6735030978644,4.7,-13.731641755366));
#2091=CARTESIAN_POINT('Ctrl Pts',(-40.6735030978644,4.7,-13.731641755366));
#2092=CARTESIAN_POINT('Ctrl Pts',(-25.866735540666,4.7,-13.731641755366));
#2093=CARTESIAN_POINT('Ctrl Pts',(-18.5545407814897,4.7,-25.5601925218611));
#2094=CARTESIAN_POINT('Ctrl Pts',(-7.2636518151145,4.7,-28.2484995142464));
#2095=CARTESIAN_POINT('Ctrl Pts',(6.52649690214144,4.7,-32.8334749570015));
#2096=CARTESIAN_POINT('Ctrl Pts',(16.285916600468,4.7,-37.9190088629343));
#2097=CARTESIAN_POINT('Ctrl Pts',(23.1679822561634,4.7,-42.8334749570015));
#2098=CARTESIAN_POINT('',(-40.6735030978644,2.7,-7.73164175536599));
#2099=CARTESIAN_POINT('Ctrl Pts',(-40.6735030978644,4.7,-13.731641755366));
#2100=CARTESIAN_POINT('Ctrl Pts',(-40.6735030978644,3.41299778241343,-12.0156387985839));
#2101=CARTESIAN_POINT('Ctrl Pts',(-40.6735030978644,2.7,-9.87664545134361));
#2102=CARTESIAN_POINT('Ctrl Pts',(-40.6735030978644,2.7,-7.73164175536599));
#2103=CARTESIAN_POINT('Ctrl Pts',(-40.6735030978644,2.7,-7.73164175536599));
#2104=CARTESIAN_POINT('Ctrl Pts',(-38.8998380868873,2.7,-7.73164175536599));
#2105=CARTESIAN_POINT('Ctrl Pts',(-35.3482863938015,2.7,-7.89898928880184));
#2106=CARTESIAN_POINT('Ctrl Pts',(-30.0198396712515,2.7,-8.83907295154497));
#2107=CARTESIAN_POINT('Ctrl Pts',(-24.9588990188799,2.7,-10.61816675323));
#2108=CARTESIAN_POINT('Ctrl Pts',(-20.8530659619329,2.7,-12.9742218682494));
#2109=CARTESIAN_POINT('Ctrl Pts',(-17.5392354972959,2.7,-15.5132216032904));
#2110=CARTESIAN_POINT('Ctrl Pts',(-15.2869908956335,2.7,-17.457929964173));
#2111=CARTESIAN_POINT('Ctrl Pts',(-13.4425938215537,2.7,-18.9337979304371));
#2112=CARTESIAN_POINT('Ctrl Pts',(-11.9686440639016,2.7,-19.9393108394999));
#2113=CARTESIAN_POINT('Ctrl Pts',(-10.4004356876441,2.7,-20.797852366232));
#2114=CARTESIAN_POINT('Ctrl Pts',(-7.1089405661036,2.7,-22.2611277468621));
#2115=CARTESIAN_POINT('Ctrl Pts',(-2.58249620954432,2.7,-23.6725359805697));
#2116=CARTESIAN_POINT('Ctrl Pts',(3.04430827533394,2.7,-25.5749002427885));
#2117=CARTESIAN_POINT('Ctrl Pts',(9.7395156599819,2.7,-28.1155542911869));
#2118=CARTESIAN_POINT('Ctrl Pts',(17.8166421775263,2.70000000000001,-31.9902956019098));
#2119=CARTESIAN_POINT('Ctrl Pts',(23.7679648578974,2.69999999999998,-35.8891556122224));
#2120=CARTESIAN_POINT('Ctrl Pts',(28.9340599517934,2.70000000000001,-39.578251364552));
#2121=CARTESIAN_POINT('Ctrl Pts',(31.213316951272,2.70000000000001,-41.2058631607768));
#2122=CARTESIAN_POINT('Ctrl Pts',(33.4925739507506,2.7,-42.8334749570015));
#2123=CARTESIAN_POINT('Origin',(1.52649690214143,2.7,-1.13347495701026));
#2124=CARTESIAN_POINT('',(-40.6735030978644,2.7,30.566525042981));
#2125=CARTESIAN_POINT('',(-40.6735030978644,2.7,-42.8334749570015));
#2126=CARTESIAN_POINT('',(-30.6735030978644,2.7,40.566525042981));
#2127=CARTESIAN_POINT('Origin',(-30.6735030978644,2.7,30.566525042981));
#2128=CARTESIAN_POINT('',(33.7264969021473,2.7,40.566525042981));
#2129=CARTESIAN_POINT('',(-40.6735030978644,2.7,40.566525042981));
#2130=CARTESIAN_POINT('',(43.7264969021473,2.7,30.566525042981));
#2131=CARTESIAN_POINT('Origin',(33.7264969021473,2.7,30.566525042981));
#2132=CARTESIAN_POINT('',(43.7264969021473,2.7,-32.8334749570015));
#2133=CARTESIAN_POINT('',(43.7264969021473,2.7,40.566525042981));
#2134=CARTESIAN_POINT('',(33.7264969021473,2.7,-42.8334749570015));
#2135=CARTESIAN_POINT('Origin',(33.7264969021473,2.7,-32.8334749570015));
#2136=CARTESIAN_POINT('',(43.7264969021473,2.7,-42.8334749570015));
#2137=CARTESIAN_POINT('',(14.3764969021473,2.7,-14.3931112809198));
#2138=CARTESIAN_POINT('',(14.3764969021473,2.7,-26.8931112809198));
#2139=CARTESIAN_POINT('',(14.3764969021473,2.7,-14.3931112809198));
#2140=CARTESIAN_POINT('',(26.7764969021473,2.7,-26.8931112809198));
#2141=CARTESIAN_POINT('',(12.8764969021473,2.7,-26.8931112809198));
#2142=CARTESIAN_POINT('',(26.7764969021473,2.7,-14.3931112809198));
#2143=CARTESIAN_POINT('',(26.7764969021473,2.7,-26.8931112809198));
#2144=CARTESIAN_POINT('',(28.2764969021473,2.7,-14.3931112809198));
#2145=CARTESIAN_POINT('',(-24.8735030978527,2.7,13.066525042981));
#2146=CARTESIAN_POINT('',(-24.3735030978527,2.7,12.566525042981));
#2147=CARTESIAN_POINT('Origin',(-24.3735030978528,2.7,13.066525042981));
#2148=CARTESIAN_POINT('',(-10.8735030978527,2.7,12.566525042981));
#2149=CARTESIAN_POINT('',(-24.3735030978527,2.7,12.566525042981));
#2150=CARTESIAN_POINT('',(-10.3735030978527,2.7,13.066525042981));
#2151=CARTESIAN_POINT('Origin',(-10.8735030978527,2.7,13.066525042981));
#2152=CARTESIAN_POINT('',(-10.3735030978527,2.7,26.066525042981));
#2153=CARTESIAN_POINT('',(-10.3735030978527,2.7,13.066525042981));
#2154=CARTESIAN_POINT('',(-10.8735030978527,2.7,26.566525042981));
#2155=CARTESIAN_POINT('Origin',(-10.8735030978527,2.7,26.066525042981));
#2156=CARTESIAN_POINT('',(-24.3735030978527,2.7,26.566525042981));
#2157=CARTESIAN_POINT('',(-10.8735030978527,2.7,26.566525042981));
#2158=CARTESIAN_POINT('',(-24.8735030978527,2.7,26.066525042981));
#2159=CARTESIAN_POINT('Origin',(-24.3735030978527,2.7,26.066525042981));
#2160=CARTESIAN_POINT('',(-24.8735030978527,2.7,26.066525042981));
#2161=CARTESIAN_POINT('',(-5.3235030978527,2.7,26.566525042981));
#2162=CARTESIAN_POINT('',(-5.82350309785274,2.7,26.066525042981));
#2163=CARTESIAN_POINT('Origin',(-5.32350309785274,2.7,26.066525042981));
#2164=CARTESIAN_POINT('',(-5.82350309785274,2.7,13.066525042981));
#2165=CARTESIAN_POINT('',(-5.82350309785274,2.7,26.066525042981));
#2166=CARTESIAN_POINT('',(-5.3235030978527,2.7,12.566525042981));
#2167=CARTESIAN_POINT('Origin',(-5.32350309785274,2.7,13.066525042981));
#2168=CARTESIAN_POINT('',(8.17649690214727,2.7,12.566525042981));
#2169=CARTESIAN_POINT('',(-5.32350309785271,2.7,12.566525042981));
#2170=CARTESIAN_POINT('',(8.67649690214727,2.7,13.066525042981));
#2171=CARTESIAN_POINT('Origin',(8.17649690214727,2.7,13.066525042981));
#2172=CARTESIAN_POINT('',(8.67649690214727,2.7,26.066525042981));
#2173=CARTESIAN_POINT('',(8.67649690214726,2.7,13.066525042981));
#2174=CARTESIAN_POINT('',(8.17649690214727,2.7,26.566525042981));
#2175=CARTESIAN_POINT('Origin',(8.17649690214727,2.7,26.066525042981));
#2176=CARTESIAN_POINT('',(8.17649690214727,2.7,26.566525042981));
#2177=CARTESIAN_POINT('',(8.67649690214726,2.7,-5.98311128091981));
#2178=CARTESIAN_POINT('',(8.67649690214727,2.7,7.01688871908018));
#2179=CARTESIAN_POINT('',(8.67649690214726,2.7,-5.98311128091981));
#2180=CARTESIAN_POINT('',(8.17649690214727,2.7,7.51688871908018));
#2181=CARTESIAN_POINT('Origin',(8.17649690214727,2.7,7.01688871908018));
#2182=CARTESIAN_POINT('',(-5.3235030978527,2.7,7.51688871908021));
#2183=CARTESIAN_POINT('',(8.17649690214727,2.7,7.51688871908017));
#2184=CARTESIAN_POINT('',(-5.82350309785274,2.7,7.01688871908019));
#2185=CARTESIAN_POINT('Origin',(-5.32350309785274,2.7,7.01688871908018));
#2186=CARTESIAN_POINT('',(-5.82350309785274,2.7,-5.9831112809198));
#2187=CARTESIAN_POINT('',(-5.82350309785274,2.7,7.01688871908018));
#2188=CARTESIAN_POINT('',(-5.3235030978527,2.7,-6.48311128091981));
#2189=CARTESIAN_POINT('Origin',(-5.32350309785274,2.7,-5.98311128091981));
#2190=CARTESIAN_POINT('',(8.17649690214727,2.7,-6.48311128091982));
#2191=CARTESIAN_POINT('',(-5.32350309785271,2.7,-6.48311128091981));
#2192=CARTESIAN_POINT('Origin',(8.17649690214727,2.7,-5.98311128091982));
#2193=CARTESIAN_POINT('',(-24.3735030978527,2.7,7.51688871908018));
#2194=CARTESIAN_POINT('',(-24.8735030978527,2.7,7.01688871908018));
#2195=CARTESIAN_POINT('Origin',(-24.3735030978527,2.7,7.01688871908017));
#2196=CARTESIAN_POINT('',(-24.8735030978527,2.7,-5.98311128091981));
#2197=CARTESIAN_POINT('',(-24.8735030978527,2.7,7.01688871908017));
#2198=CARTESIAN_POINT('',(-24.3735030978527,2.7,-6.48311128091978));
#2199=CARTESIAN_POINT('Origin',(-24.3735030978528,2.7,-5.98311128091979));
#2200=CARTESIAN_POINT('',(-10.8735030978527,2.7,-6.48311128091982));
#2201=CARTESIAN_POINT('',(-24.3735030978527,2.7,-6.48311128091979));
#2202=CARTESIAN_POINT('',(-10.3735030978527,2.7,-5.98311128091981));
#2203=CARTESIAN_POINT('Origin',(-10.8735030978527,2.7,-5.98311128091982));
#2204=CARTESIAN_POINT('',(-10.3735030978527,2.7,7.01688871908018));
#2205=CARTESIAN_POINT('',(-10.3735030978527,2.7,-5.98311128091981));
#2206=CARTESIAN_POINT('',(-10.8735030978527,2.7,7.51688871908017));
#2207=CARTESIAN_POINT('Origin',(-10.8735030978527,2.7,7.01688871908017));
#2208=CARTESIAN_POINT('',(-10.8735030978527,2.7,7.51688871908017));
#2209=CARTESIAN_POINT('',(27.2264969021473,2.7,26.566525042981));
#2210=CARTESIAN_POINT('',(13.7264969021473,2.7,26.566525042981));
#2211=CARTESIAN_POINT('',(27.2264969021473,2.7,26.566525042981));
#2212=CARTESIAN_POINT('',(13.2264969021473,2.7,26.066525042981));
#2213=CARTESIAN_POINT('Origin',(13.7264969021473,2.7,26.066525042981));
#2214=CARTESIAN_POINT('',(13.2264969021473,2.7,13.066525042981));
#2215=CARTESIAN_POINT('',(13.2264969021473,2.7,26.066525042981));
#2216=CARTESIAN_POINT('',(13.7264969021473,2.7,12.566525042981));
#2217=CARTESIAN_POINT('Origin',(13.7264969021473,2.7,13.066525042981));
#2218=CARTESIAN_POINT('',(27.2264969021473,2.7,12.566525042981));
#2219=CARTESIAN_POINT('',(13.7264969021473,2.7,12.566525042981));
#2220=CARTESIAN_POINT('',(27.7264969021473,2.7,13.066525042981));
#2221=CARTESIAN_POINT('Origin',(27.2264969021473,2.7,13.066525042981));
#2222=CARTESIAN_POINT('',(27.7264969021473,2.7,26.066525042981));
#2223=CARTESIAN_POINT('',(27.7264969021473,2.7,13.066525042981));
#2224=CARTESIAN_POINT('Origin',(27.2264969021473,2.7,26.066525042981));
#2225=CARTESIAN_POINT('',(13.7264969021473,2.7,-6.48311128091981));
#2226=CARTESIAN_POINT('',(27.2264969021473,2.7,-6.48311128091982));
#2227=CARTESIAN_POINT('',(13.7264969021473,2.7,-6.48311128091981));
#2228=CARTESIAN_POINT('',(27.7264969021473,2.7,-5.98311128091981));
#2229=CARTESIAN_POINT('Origin',(27.2264969021473,2.7,-5.98311128091982));
#2230=CARTESIAN_POINT('',(27.7264969021473,2.7,7.01688871908019));
#2231=CARTESIAN_POINT('',(27.7264969021473,2.7,-5.98311128091981));
#2232=CARTESIAN_POINT('',(27.2264969021473,2.7,7.51688871908018));
#2233=CARTESIAN_POINT('Origin',(27.2264969021473,2.7,7.01688871908018));
#2234=CARTESIAN_POINT('',(13.7264969021473,2.7,7.51688871908021));
#2235=CARTESIAN_POINT('',(27.2264969021473,2.7,7.51688871908017));
#2236=CARTESIAN_POINT('',(13.2264969021473,2.7,7.01688871908019));
#2237=CARTESIAN_POINT('Origin',(13.7264969021473,2.7,7.01688871908018));
#2238=CARTESIAN_POINT('',(13.2264969021473,2.7,-5.9831112809198));
#2239=CARTESIAN_POINT('',(13.2264969021473,2.7,7.01688871908018));
#2240=CARTESIAN_POINT('Origin',(13.7264969021473,2.7,-5.98311128091981));
#2241=CARTESIAN_POINT('',(-35.2945709097174,2.7,34.6375928548631));
#2242=CARTESIAN_POINT('Origin',(-33.7445709097174,2.7,34.6375928548631));
#2243=CARTESIAN_POINT('',(35.71203080808,2.7,-36.3690088629343));
#2244=CARTESIAN_POINT('Origin',(37.26203080808,2.7,-36.3690088629343));
#2245=CARTESIAN_POINT('',(35.71203080808,2.7,34.1020589489137));
#2246=CARTESIAN_POINT('Origin',(37.26203080808,2.7,34.1020589489137));
#2247=CARTESIAN_POINT('Origin',(-8.75276042085052,4.7,-28.2825583561838));
#2248=CARTESIAN_POINT('',(-40.6735030978644,4.7,-32.8334749570015));
#2249=CARTESIAN_POINT('',(-40.6735030978644,4.7,-32.8334749570015));
#2250=CARTESIAN_POINT('',(-30.6735030978644,4.7,-42.8334749570015));
#2251=CARTESIAN_POINT('',(33.7264969021473,4.7,-42.8334749570015));
#2252=CARTESIAN_POINT('Origin',(-30.6735030978644,4.7,-32.8334749570015));
#2253=CARTESIAN_POINT('',(-35.7590370037971,4.7,-36.3690088629343));
#2254=CARTESIAN_POINT('Origin',(-34.2090370037971,4.7,-36.3690088629343));
#2255=CARTESIAN_POINT('Origin',(37.26203080808,2.7,34.1020589489137));
#2256=CARTESIAN_POINT('',(35.71203080808,0.,34.1020589489137));
#2257=CARTESIAN_POINT('',(35.71203080808,2.7,34.1020589489137));
#2258=CARTESIAN_POINT('Origin',(37.26203080808,0.,34.1020589489137));
#2259=CARTESIAN_POINT('Origin',(37.26203080808,2.7,-36.3690088629343));
#2260=CARTESIAN_POINT('',(35.71203080808,0.,-36.3690088629343));
#2261=CARTESIAN_POINT('',(35.71203080808,2.7,-36.3690088629343));
#2262=CARTESIAN_POINT('Origin',(37.26203080808,0.,-36.3690088629343));
#2263=CARTESIAN_POINT('Origin',(-33.7445709097174,2.7,34.6375928548631));
#2264=CARTESIAN_POINT('',(-35.2945709097174,0.,34.6375928548631));
#2265=CARTESIAN_POINT('',(-35.2945709097174,2.7,34.6375928548631));
#2266=CARTESIAN_POINT('Origin',(-33.7445709097174,0.,34.6375928548631));
#2267=CARTESIAN_POINT('Origin',(-34.2090370037971,2.7,-36.3690088629343));
#2268=CARTESIAN_POINT('',(-35.7590370037971,0.,-36.3690088629343));
#2269=CARTESIAN_POINT('',(-35.7590370037971,2.7,-36.3690088629343));
#2270=CARTESIAN_POINT('Origin',(-34.2090370037971,0.,-36.3690088629343));
#2271=CARTESIAN_POINT('Origin',(33.7264969021473,0.,30.566525042981));
#2272=CARTESIAN_POINT('',(33.7264969021473,0.,40.566525042981));
#2273=CARTESIAN_POINT('',(33.7264969021473,0.,40.566525042981));
#2274=CARTESIAN_POINT('',(43.7264969021473,0.,30.566525042981));
#2275=CARTESIAN_POINT('Origin',(33.7264969021473,0.,30.566525042981));
#2276=CARTESIAN_POINT('',(43.7264969021473,0.,30.566525042981));
#2277=CARTESIAN_POINT('Origin',(43.7264969021473,0.,40.566525042981));
#2278=CARTESIAN_POINT('',(43.7264969021473,0.,-32.8334749570015));
#2279=CARTESIAN_POINT('',(43.7264969021473,0.,40.566525042981));
#2280=CARTESIAN_POINT('',(43.7264969021473,0.,-32.8334749570015));
#2281=CARTESIAN_POINT('Origin',(1.52649690214143,0.,-1.13347495701026));
#2282=CARTESIAN_POINT('',(-30.6735030978644,0.,40.566525042981));
#2283=CARTESIAN_POINT('',(-40.6735030978644,0.,40.566525042981));
#2284=CARTESIAN_POINT('',(-40.6735030978644,0.,30.566525042981));
#2285=CARTESIAN_POINT('Origin',(-30.6735030978644,0.,30.566525042981));
#2286=CARTESIAN_POINT('',(-40.6735030978644,0.,-32.8334749570015));
#2287=CARTESIAN_POINT('',(-40.6735030978644,0.,-42.8334749570015));
#2288=CARTESIAN_POINT('',(-30.6735030978644,0.,-42.8334749570015));
#2289=CARTESIAN_POINT('Origin',(-30.6735030978644,0.,-32.8334749570015));
#2290=CARTESIAN_POINT('',(33.7264969021473,0.,-42.8334749570015));
#2291=CARTESIAN_POINT('',(43.7264969021473,0.,-42.8334749570015));
#2292=CARTESIAN_POINT('Origin',(33.7264969021473,0.,-32.8334749570015));
#2293=CARTESIAN_POINT('',(13.7264969021473,0.,-6.48311128091981));
#2294=CARTESIAN_POINT('',(27.2264969021473,0.,-6.48311128091982));
#2295=CARTESIAN_POINT('',(13.7264969021473,0.,-6.48311128091981));
#2296=CARTESIAN_POINT('',(13.2264969021473,0.,-5.98311128091981));
#2297=CARTESIAN_POINT('Origin',(13.7264969021473,0.,-5.98311128091981));
#2298=CARTESIAN_POINT('',(13.2264969021473,0.,7.01688871908018));
#2299=CARTESIAN_POINT('',(13.2264969021473,0.,7.01688871908018));
#2300=CARTESIAN_POINT('',(13.7264969021473,0.,7.51688871908021));
#2301=CARTESIAN_POINT('Origin',(13.7264969021473,0.,7.01688871908018));
#2302=CARTESIAN_POINT('',(27.2264969021473,0.,7.51688871908018));
#2303=CARTESIAN_POINT('',(27.2264969021473,0.,7.51688871908017));
#2304=CARTESIAN_POINT('',(27.7264969021473,0.,7.01688871908018));
#2305=CARTESIAN_POINT('Origin',(27.2264969021473,0.,7.01688871908018));
#2306=CARTESIAN_POINT('',(27.7264969021473,0.,-5.98311128091981));
#2307=CARTESIAN_POINT('',(27.7264969021473,0.,-5.98311128091981));
#2308=CARTESIAN_POINT('Origin',(27.2264969021473,0.,-5.98311128091982));
#2309=CARTESIAN_POINT('',(27.2264969021473,0.,26.566525042981));
#2310=CARTESIAN_POINT('',(13.7264969021473,0.,26.566525042981));
#2311=CARTESIAN_POINT('',(27.2264969021473,0.,26.566525042981));
#2312=CARTESIAN_POINT('',(27.7264969021473,0.,26.066525042981));
#2313=CARTESIAN_POINT('Origin',(27.2264969021473,0.,26.066525042981));
#2314=CARTESIAN_POINT('',(27.7264969021473,0.,13.066525042981));
#2315=CARTESIAN_POINT('',(27.7264969021473,0.,13.066525042981));
#2316=CARTESIAN_POINT('',(27.2264969021473,0.,12.566525042981));
#2317=CARTESIAN_POINT('Origin',(27.2264969021473,0.,13.066525042981));
#2318=CARTESIAN_POINT('',(13.7264969021473,0.,12.566525042981));
#2319=CARTESIAN_POINT('',(13.7264969021473,0.,12.566525042981));
#2320=CARTESIAN_POINT('',(13.2264969021473,0.,13.066525042981));
#2321=CARTESIAN_POINT('Origin',(13.7264969021473,0.,13.066525042981));
#2322=CARTESIAN_POINT('',(13.2264969021473,0.,26.066525042981));
#2323=CARTESIAN_POINT('',(13.2264969021473,0.,26.066525042981));
#2324=CARTESIAN_POINT('Origin',(13.7264969021473,0.,26.066525042981));
#2325=CARTESIAN_POINT('',(-24.3735030978527,0.,7.51688871908018));
#2326=CARTESIAN_POINT('',(-24.8735030978527,0.,7.01688871908017));
#2327=CARTESIAN_POINT('Origin',(-24.3735030978527,0.,7.01688871908017));
#2328=CARTESIAN_POINT('',(-10.8735030978527,0.,7.51688871908017));
#2329=CARTESIAN_POINT('',(-10.8735030978527,0.,7.51688871908017));
#2330=CARTESIAN_POINT('',(-10.3735030978527,0.,7.01688871908017));
#2331=CARTESIAN_POINT('Origin',(-10.8735030978527,0.,7.01688871908017));
#2332=CARTESIAN_POINT('',(-10.3735030978527,0.,-5.98311128091981));
#2333=CARTESIAN_POINT('',(-10.3735030978527,0.,-5.98311128091981));
#2334=CARTESIAN_POINT('',(-10.8735030978527,0.,-6.48311128091982));
#2335=CARTESIAN_POINT('Origin',(-10.8735030978527,0.,-5.98311128091982));
#2336=CARTESIAN_POINT('',(-24.3735030978527,0.,-6.48311128091979));
#2337=CARTESIAN_POINT('',(-24.3735030978527,0.,-6.48311128091979));
#2338=CARTESIAN_POINT('',(-24.8735030978527,0.,-5.98311128091981));
#2339=CARTESIAN_POINT('Origin',(-24.3735030978528,0.,-5.98311128091979));
#2340=CARTESIAN_POINT('',(-24.8735030978527,0.,7.01688871908017));
#2341=CARTESIAN_POINT('',(8.67649690214726,0.,-5.98311128091981));
#2342=CARTESIAN_POINT('',(8.67649690214727,0.,7.01688871908017));
#2343=CARTESIAN_POINT('',(8.67649690214726,0.,-5.98311128091981));
#2344=CARTESIAN_POINT('',(8.17649690214727,0.,-6.48311128091982));
#2345=CARTESIAN_POINT('Origin',(8.17649690214727,0.,-5.98311128091982));
#2346=CARTESIAN_POINT('',(-5.32350309785271,0.,-6.48311128091981));
#2347=CARTESIAN_POINT('',(-5.32350309785271,0.,-6.48311128091981));
#2348=CARTESIAN_POINT('',(-5.82350309785274,0.,-5.98311128091981));
#2349=CARTESIAN_POINT('Origin',(-5.32350309785274,0.,-5.98311128091981));
#2350=CARTESIAN_POINT('',(-5.82350309785274,0.,7.01688871908018));
#2351=CARTESIAN_POINT('',(-5.82350309785274,0.,7.01688871908018));
#2352=CARTESIAN_POINT('',(-5.32350309785271,0.,7.51688871908021));
#2353=CARTESIAN_POINT('Origin',(-5.32350309785274,0.,7.01688871908018));
#2354=CARTESIAN_POINT('',(8.17649690214727,0.,7.51688871908018));
#2355=CARTESIAN_POINT('',(8.17649690214727,0.,7.51688871908017));
#2356=CARTESIAN_POINT('Origin',(8.17649690214727,0.,7.01688871908018));
#2357=CARTESIAN_POINT('',(-5.32350309785271,0.,26.566525042981));
#2358=CARTESIAN_POINT('',(-5.82350309785274,0.,26.066525042981));
#2359=CARTESIAN_POINT('Origin',(-5.32350309785274,0.,26.066525042981));
#2360=CARTESIAN_POINT('',(8.17649690214727,0.,26.566525042981));
#2361=CARTESIAN_POINT('',(8.17649690214727,0.,26.566525042981));
#2362=CARTESIAN_POINT('',(8.67649690214727,0.,26.066525042981));
#2363=CARTESIAN_POINT('Origin',(8.17649690214727,0.,26.066525042981));
#2364=CARTESIAN_POINT('',(8.67649690214727,0.,13.066525042981));
#2365=CARTESIAN_POINT('',(8.67649690214726,0.,13.066525042981));
#2366=CARTESIAN_POINT('',(8.17649690214727,0.,12.566525042981));
#2367=CARTESIAN_POINT('Origin',(8.17649690214727,0.,13.066525042981));
#2368=CARTESIAN_POINT('',(-5.32350309785271,0.,12.566525042981));
#2369=CARTESIAN_POINT('',(-5.32350309785271,0.,12.566525042981));
#2370=CARTESIAN_POINT('',(-5.82350309785274,0.,13.066525042981));
#2371=CARTESIAN_POINT('Origin',(-5.32350309785274,0.,13.066525042981));
#2372=CARTESIAN_POINT('',(-5.82350309785274,0.,26.066525042981));
#2373=CARTESIAN_POINT('',(-24.8735030978527,0.,13.066525042981));
#2374=CARTESIAN_POINT('',(-24.3735030978527,0.,12.566525042981));
#2375=CARTESIAN_POINT('Origin',(-24.3735030978528,0.,13.066525042981));
#2376=CARTESIAN_POINT('',(-24.8735030978527,0.,26.066525042981));
#2377=CARTESIAN_POINT('',(-24.8735030978527,0.,26.066525042981));
#2378=CARTESIAN_POINT('',(-24.3735030978527,0.,26.566525042981));
#2379=CARTESIAN_POINT('Origin',(-24.3735030978527,0.,26.066525042981));
#2380=CARTESIAN_POINT('',(-10.8735030978527,0.,26.566525042981));
#2381=CARTESIAN_POINT('',(-10.8735030978527,0.,26.566525042981));
#2382=CARTESIAN_POINT('',(-10.3735030978527,0.,26.066525042981));
#2383=CARTESIAN_POINT('Origin',(-10.8735030978527,0.,26.066525042981));
#2384=CARTESIAN_POINT('',(-10.3735030978527,0.,13.066525042981));
#2385=CARTESIAN_POINT('',(-10.3735030978527,0.,13.066525042981));
#2386=CARTESIAN_POINT('',(-10.8735030978527,0.,12.566525042981));
#2387=CARTESIAN_POINT('Origin',(-10.8735030978527,0.,13.066525042981));
#2388=CARTESIAN_POINT('',(-24.3735030978527,0.,12.566525042981));
#2389=CARTESIAN_POINT('',(14.3764969021473,0.,-14.3931112809198));
#2390=CARTESIAN_POINT('',(14.3764969021473,0.,-26.8931112809198));
#2391=CARTESIAN_POINT('',(14.3764969021473,0.,-14.3931112809198));
#2392=CARTESIAN_POINT('',(26.7764969021473,0.,-14.3931112809198));
#2393=CARTESIAN_POINT('',(28.2764969021473,0.,-14.3931112809198));
#2394=CARTESIAN_POINT('',(26.7764969021473,0.,-26.8931112809198));
#2395=CARTESIAN_POINT('',(26.7764969021473,0.,-26.8931112809198));
#2396=CARTESIAN_POINT('',(12.8764969021473,0.,-26.8931112809198));
#2397=CARTESIAN_POINT('Origin',(33.7264969021473,0.,-32.8334749570015));
#2398=CARTESIAN_POINT('',(33.7264969021473,0.,-42.8334749570015));
#2399=CARTESIAN_POINT('Origin',(43.7264969021473,0.,-42.8334749570015));
#2400=CARTESIAN_POINT('',(-30.6735030978644,0.,-42.8334749570015));
#2401=CARTESIAN_POINT('Origin',(-30.6735030978644,0.,-32.8334749570015));
#2402=CARTESIAN_POINT('',(-40.6735030978644,0.,-32.8334749570015));
#2403=CARTESIAN_POINT('Origin',(-40.6735030978644,0.,-42.8334749570015));
#2404=CARTESIAN_POINT('',(-40.6735030978644,0.,30.566525042981));
#2405=CARTESIAN_POINT('Origin',(-30.6735030978644,0.,30.566525042981));
#2406=CARTESIAN_POINT('',(-30.6735030978644,0.,40.566525042981));
#2407=CARTESIAN_POINT('Origin',(26.7764969021473,0.,-14.3931112809198));
#2408=CARTESIAN_POINT('',(14.3764969021473,0.,-14.3931112809198));
#2409=CARTESIAN_POINT('',(26.7764969021473,0.,-14.3931112809198));
#2410=CARTESIAN_POINT('Origin',(26.7764969021473,0.,-26.8931112809198));
#2411=CARTESIAN_POINT('',(26.7764969021473,0.,-26.8931112809198));
#2412=CARTESIAN_POINT('Origin',(14.3764969021473,0.,-26.8931112809198));
#2413=CARTESIAN_POINT('',(14.3764969021473,0.,-26.8931112809198));
#2414=CARTESIAN_POINT('Origin',(14.3764969021473,0.,-14.3931112809198));
#2415=CARTESIAN_POINT('Origin',(-24.8735030978527,0.,26.066525042981));
#2416=CARTESIAN_POINT('',(-24.8735030978527,0.,13.066525042981));
#2417=CARTESIAN_POINT('',(-24.8735030978527,0.,26.066525042981));
#2418=CARTESIAN_POINT('Origin',(-24.3735030978527,0.,26.066525042981));
#2419=CARTESIAN_POINT('',(-24.3735030978527,0.,26.566525042981));
#2420=CARTESIAN_POINT('Origin',(-10.8735030978527,0.,26.566525042981));
#2421=CARTESIAN_POINT('',(-10.8735030978527,0.,26.566525042981));
#2422=CARTESIAN_POINT('Origin',(-10.8735030978527,0.,26.066525042981));
#2423=CARTESIAN_POINT('',(-10.3735030978527,0.,26.066525042981));
#2424=CARTESIAN_POINT('Origin',(-10.3735030978527,0.,13.066525042981));
#2425=CARTESIAN_POINT('',(-10.3735030978527,0.,13.066525042981));
#2426=CARTESIAN_POINT('Origin',(-10.8735030978527,0.,13.066525042981));
#2427=CARTESIAN_POINT('',(-10.8735030978527,0.,12.566525042981));
#2428=CARTESIAN_POINT('Origin',(-24.3735030978527,0.,12.566525042981));
#2429=CARTESIAN_POINT('',(-24.3735030978527,0.,12.566525042981));
#2430=CARTESIAN_POINT('Origin',(-24.3735030978528,0.,13.066525042981));
#2431=CARTESIAN_POINT('Origin',(8.17649690214727,0.,26.566525042981));
#2432=CARTESIAN_POINT('',(-5.32350309785271,0.,26.566525042981));
#2433=CARTESIAN_POINT('',(8.17649690214727,0.,26.566525042981));
#2434=CARTESIAN_POINT('Origin',(8.17649690214727,0.,26.066525042981));
#2435=CARTESIAN_POINT('',(8.67649690214727,0.,26.066525042981));
#2436=CARTESIAN_POINT('Origin',(8.67649690214726,0.,13.066525042981));
#2437=CARTESIAN_POINT('',(8.67649690214727,0.,13.066525042981));
#2438=CARTESIAN_POINT('Origin',(8.17649690214727,0.,13.066525042981));
#2439=CARTESIAN_POINT('',(8.17649690214727,0.,12.566525042981));
#2440=CARTESIAN_POINT('Origin',(-5.32350309785271,0.,12.566525042981));
#2441=CARTESIAN_POINT('',(-5.32350309785271,0.,12.566525042981));
#2442=CARTESIAN_POINT('Origin',(-5.32350309785274,0.,13.066525042981));
#2443=CARTESIAN_POINT('',(-5.82350309785274,0.,13.066525042981));
#2444=CARTESIAN_POINT('Origin',(-5.82350309785274,0.,26.066525042981));
#2445=CARTESIAN_POINT('',(-5.82350309785274,0.,26.066525042981));
#2446=CARTESIAN_POINT('Origin',(-5.32350309785274,0.,26.066525042981));
#2447=CARTESIAN_POINT('Origin',(8.17649690214727,0.,-5.98311128091982));
#2448=CARTESIAN_POINT('',(8.67649690214726,0.,-5.98311128091981));
#2449=CARTESIAN_POINT('',(8.17649690214727,0.,-6.48311128091982));
#2450=CARTESIAN_POINT('Origin',(-5.32350309785271,0.,-6.48311128091981));
#2451=CARTESIAN_POINT('',(-5.32350309785271,0.,-6.48311128091981));
#2452=CARTESIAN_POINT('Origin',(-5.32350309785274,0.,-5.98311128091981));
#2453=CARTESIAN_POINT('',(-5.82350309785274,0.,-5.98311128091981));
#2454=CARTESIAN_POINT('Origin',(-5.82350309785274,0.,7.01688871908018));
#2455=CARTESIAN_POINT('',(-5.82350309785274,0.,7.01688871908018));
#2456=CARTESIAN_POINT('Origin',(-5.32350309785274,0.,7.01688871908018));
#2457=CARTESIAN_POINT('',(-5.32350309785271,0.,7.51688871908021));
#2458=CARTESIAN_POINT('Origin',(8.17649690214727,0.,7.51688871908017));
#2459=CARTESIAN_POINT('',(8.17649690214727,0.,7.51688871908018));
#2460=CARTESIAN_POINT('Origin',(8.17649690214727,0.,7.01688871908018));
#2461=CARTESIAN_POINT('',(8.67649690214727,0.,7.01688871908017));
#2462=CARTESIAN_POINT('Origin',(8.67649690214726,0.,-5.98311128091981));
#2463=CARTESIAN_POINT('Origin',(-10.8735030978527,0.,7.51688871908017));
#2464=CARTESIAN_POINT('',(-24.3735030978527,0.,7.51688871908018));
#2465=CARTESIAN_POINT('',(-10.8735030978527,0.,7.51688871908017));
#2466=CARTESIAN_POINT('Origin',(-10.8735030978527,0.,7.01688871908017));
#2467=CARTESIAN_POINT('',(-10.3735030978527,0.,7.01688871908017));
#2468=CARTESIAN_POINT('Origin',(-10.3735030978527,0.,-5.98311128091981));
#2469=CARTESIAN_POINT('',(-10.3735030978527,0.,-5.98311128091981));
#2470=CARTESIAN_POINT('Origin',(-10.8735030978527,0.,-5.98311128091982));
#2471=CARTESIAN_POINT('',(-10.8735030978527,0.,-6.48311128091982));
#2472=CARTESIAN_POINT('Origin',(-24.3735030978527,0.,-6.48311128091979));
#2473=CARTESIAN_POINT('',(-24.3735030978527,0.,-6.48311128091979));
#2474=CARTESIAN_POINT('Origin',(-24.3735030978528,0.,-5.98311128091979));
#2475=CARTESIAN_POINT('',(-24.8735030978527,0.,-5.98311128091981));
#2476=CARTESIAN_POINT('Origin',(-24.8735030978527,0.,7.01688871908017));
#2477=CARTESIAN_POINT('',(-24.8735030978527,0.,7.01688871908017));
#2478=CARTESIAN_POINT('Origin',(-24.3735030978527,0.,7.01688871908017));
#2479=CARTESIAN_POINT('Origin',(27.2264969021473,0.,26.066525042981));
#2480=CARTESIAN_POINT('',(27.2264969021473,0.,26.566525042981));
#2481=CARTESIAN_POINT('',(27.7264969021473,0.,26.066525042981));
#2482=CARTESIAN_POINT('Origin',(27.7264969021473,0.,13.066525042981));
#2483=CARTESIAN_POINT('',(27.7264969021473,0.,13.066525042981));
#2484=CARTESIAN_POINT('Origin',(27.2264969021473,0.,13.066525042981));
#2485=CARTESIAN_POINT('',(27.2264969021473,0.,12.566525042981));
#2486=CARTESIAN_POINT('Origin',(13.7264969021473,0.,12.566525042981));
#2487=CARTESIAN_POINT('',(13.7264969021473,0.,12.566525042981));
#2488=CARTESIAN_POINT('Origin',(13.7264969021473,0.,13.066525042981));
#2489=CARTESIAN_POINT('',(13.2264969021473,0.,13.066525042981));
#2490=CARTESIAN_POINT('Origin',(13.2264969021473,0.,26.066525042981));
#2491=CARTESIAN_POINT('',(13.2264969021473,0.,26.066525042981));
#2492=CARTESIAN_POINT('Origin',(13.7264969021473,0.,26.066525042981));
#2493=CARTESIAN_POINT('',(13.7264969021473,0.,26.566525042981));
#2494=CARTESIAN_POINT('Origin',(27.2264969021473,0.,26.566525042981));
#2495=CARTESIAN_POINT('Origin',(13.7264969021473,0.,-5.98311128091981));
#2496=CARTESIAN_POINT('',(13.7264969021473,0.,-6.48311128091981));
#2497=CARTESIAN_POINT('',(13.2264969021473,0.,-5.98311128091981));
#2498=CARTESIAN_POINT('Origin',(13.2264969021473,0.,7.01688871908018));
#2499=CARTESIAN_POINT('',(13.2264969021473,0.,7.01688871908018));
#2500=CARTESIAN_POINT('Origin',(13.7264969021473,0.,7.01688871908018));
#2501=CARTESIAN_POINT('',(13.7264969021473,0.,7.51688871908021));
#2502=CARTESIAN_POINT('Origin',(27.2264969021473,0.,7.51688871908017));
#2503=CARTESIAN_POINT('',(27.2264969021473,0.,7.51688871908018));
#2504=CARTESIAN_POINT('Origin',(27.2264969021473,0.,7.01688871908018));
#2505=CARTESIAN_POINT('',(27.7264969021473,0.,7.01688871908018));
#2506=CARTESIAN_POINT('Origin',(27.7264969021473,0.,-5.98311128091981));
#2507=CARTESIAN_POINT('',(27.7264969021473,0.,-5.98311128091981));
#2508=CARTESIAN_POINT('Origin',(27.2264969021473,0.,-5.98311128091982));
#2509=CARTESIAN_POINT('',(27.2264969021473,0.,-6.48311128091982));
#2510=CARTESIAN_POINT('Origin',(13.7264969021473,0.,-6.48311128091981));
#2511=CARTESIAN_POINT('Origin',(-40.6735030978644,0.,40.566525042981));
#2512=UNCERTAINTY_MEASURE_WITH_UNIT(LENGTH_MEASURE(0.01),#2516,
'DISTANCE_ACCURACY_VALUE',
'Maximum model space distance between geometric entities at asserted c
onnectivities');
#2513=UNCERTAINTY_MEASURE_WITH_UNIT(LENGTH_MEASURE(0.01),#2516,
'DISTANCE_ACCURACY_VALUE',
'Maximum model space distance between geometric entities at asserted c
onnectivities');
#2514=(
GEOMETRIC_REPRESENTATION_CONTEXT(3)
GLOBAL_UNCERTAINTY_ASSIGNED_CONTEXT((#2512))
GLOBAL_UNIT_ASSIGNED_CONTEXT((#2516,#2518,#2519))
REPRESENTATION_CONTEXT('','3D')
);
#2515=(
GEOMETRIC_REPRESENTATION_CONTEXT(3)
GLOBAL_UNCERTAINTY_ASSIGNED_CONTEXT((#2513))
GLOBAL_UNIT_ASSIGNED_CONTEXT((#2516,#2518,#2519))
REPRESENTATION_CONTEXT('','3D')
);
#2516=(
LENGTH_UNIT()
NAMED_UNIT(*)
SI_UNIT(.MILLI.,.METRE.)
);
#2517=(
LENGTH_UNIT()
NAMED_UNIT(*)
SI_UNIT(.CENTI.,.METRE.)
);
#2518=(
NAMED_UNIT(*)
PLANE_ANGLE_UNIT()
SI_UNIT($,.RADIAN.)
);
#2519=(
NAMED_UNIT(*)
SI_UNIT($,.STERADIAN.)
SOLID_ANGLE_UNIT()
);
#2520=SHAPE_DEFINITION_REPRESENTATION(#2521,#2522);
#2521=PRODUCT_DEFINITION_SHAPE('',$,#2524);
#2522=SHAPE_REPRESENTATION('',(#1475),#2514);
#2523=PRODUCT_DEFINITION_CONTEXT('part definition',#2528,'design');
#2524=PRODUCT_DEFINITION('Cover','Cover',#2525,#2523);
#2525=PRODUCT_DEFINITION_FORMATION('',$,#2530);
#2526=PRODUCT_RELATED_PRODUCT_CATEGORY('Cover','Cover',(#2530));
#2527=APPLICATION_PROTOCOL_DEFINITION('international standard',
'automotive_design',2009,#2528);
#2528=APPLICATION_CONTEXT(
'Core Data for Automotive Mechanical Design Process');
#2529=PRODUCT_CONTEXT('part definition',#2528,'mechanical');
#2530=PRODUCT('Cover','Cover',$,(#2529));
#2531=PRESENTATION_STYLE_ASSIGNMENT((#2533));
#2532=PRESENTATION_STYLE_ASSIGNMENT((#2534));
#2533=SURFACE_STYLE_USAGE(.BOTH.,#2539);
#2534=SURFACE_STYLE_USAGE(.BOTH.,#2540);
#2535=SURFACE_STYLE_RENDERING_WITH_PROPERTIES($,#2547,(#2537));
#2536=SURFACE_STYLE_RENDERING_WITH_PROPERTIES($,#2548,(#2538));
#2537=SURFACE_STYLE_TRANSPARENT(0.);
#2538=SURFACE_STYLE_TRANSPARENT(0.);
#2539=SURFACE_SIDE_STYLE('',(#2541,#2535));
#2540=SURFACE_SIDE_STYLE('',(#2542,#2536));
#2541=SURFACE_STYLE_FILL_AREA(#2543);
#2542=SURFACE_STYLE_FILL_AREA(#2544);
#2543=FILL_AREA_STYLE('',(#2545));
#2544=FILL_AREA_STYLE('',(#2546));
#2545=FILL_AREA_STYLE_COLOUR('',#2547);
#2546=FILL_AREA_STYLE_COLOUR('',#2548);
#2547=COLOUR_RGB('',0.749019607843137,0.749019607843137,0.749019607843137);
#2548=COLOUR_RGB('',1.,1.,1.);
ENDSEC;
END-ISO-10303-21;
