ISO-10303-21;
HEADER;
/* Generated by software containing ST-Developer
 * from STEP Tools, Inc. (www.steptools.com) 
 */

FILE_DESCRIPTION(
/* description */ ('KiCad electronic assembly'),
/* implementation_level */ '2;1');

FILE_NAME(
/* name */ 'MacroPadCase.stp',
/* time_stamp */ '2026-04-26T10:37:51-07:00',
/* author */ ('bh'),
/* organization */ ('Kicad'),
/* preprocessor_version */ 'ST-DEVELOPER v20.1',
/* originating_system */ 'Autodesk Inventor 2026',
/* authorisation */ 'Unknown');

FILE_SCHEMA (('AUTOMOTIVE_DESIGN { 1 0 10303 214 3 1 1 }'));
ENDSEC;

DATA;
#10=MECHANICAL_DESIGN_GEOMETRIC_PRESENTATION_REPRESENTATION('',(#2062,#2063,
#2064,#2065,#2066,#2067,#2068,#2069,#2070,#2071,#2072,#2073,#2074,#2075,
#2076,#2077,#2078,#2079,#2080,#2081,#2082,#2083,#2084,#2085,#2086,#2087,
#2088,#2089,#2090,#2091,#2092,#2093,#2094,#2095,#2096,#2097,#2098,#2099,
#2100,#2101,#2102,#2103,#2104,#2105,#2106,#2107,#2108,#2109,#2110,#2111,
#2112,#2113,#2114,#2115,#2116,#2117,#2118,#2119,#2120,#2121,#2122,#2123,
#2124,#2125,#2126,#2127,#2128,#2129,#2130,#2131,#2132,#2133,#2134,#2135,
#2136,#2137,#2138,#2139,#2140,#2141,#2142,#2143,#2144,#2145,#2146,#2147,
#2148,#2149,#2150,#2151,#2152,#2153,#2154,#2155,#2156,#2157,#2158,#2159,
#2160,#2161,#2162,#2163,#2164,#2165,#2166,#2167,#2168,#2169,#2170,#2171,
#2172,#2173,#2174,#2175,#2176,#2177),#4030);
#11=ITEM_DEFINED_TRANSFORMATION($,$,#2411,#2633);
#12=ITEM_DEFINED_TRANSFORMATION($,$,#2479,#2634);
#13=ITEM_DEFINED_TRANSFORMATION($,$,#2611,#2635);
#14=(
REPRESENTATION_RELATIONSHIP($,$,#4047,#4046)
REPRESENTATION_RELATIONSHIP_WITH_TRANSFORMATION(#11)
SHAPE_REPRESENTATION_RELATIONSHIP()
);
#15=(
REPRESENTATION_RELATIONSHIP($,$,#4048,#4046)
REPRESENTATION_RELATIONSHIP_WITH_TRANSFORMATION(#12)
SHAPE_REPRESENTATION_RELATIONSHIP()
);
#16=(
REPRESENTATION_RELATIONSHIP($,$,#4049,#4046)
REPRESENTATION_RELATIONSHIP_WITH_TRANSFORMATION(#13)
SHAPE_REPRESENTATION_RELATIONSHIP()
);
#17=CONTEXT_DEPENDENT_SHAPE_REPRESENTATION(#14,#4043);
#18=CONTEXT_DEPENDENT_SHAPE_REPRESENTATION(#15,#4044);
#19=CONTEXT_DEPENDENT_SHAPE_REPRESENTATION(#16,#4045);
#20=NEXT_ASSEMBLY_USAGE_OCCURRENCE('Base:1','Base:1','Base:1',#4051,#4052,
'Base:1');
#21=NEXT_ASSEMBLY_USAGE_OCCURRENCE('Cover:1','Cover:1','Cover:1',#4051,
#4053,'Cover:1');
#22=NEXT_ASSEMBLY_USAGE_OCCURRENCE('Knob:1','Knob:1','Knob:1',#4051,#4054,
'Knob:1');
#23=CONICAL_SURFACE('',#2612,8.5,0.785398163397448);
#24=B_SPLINE_CURVE_WITH_KNOTS('',3,(#3548,#3549,#3550,#3551,#3552,#3553),
 .UNSPECIFIED.,.F.,.F.,(4,2,4),(0.,0.541157226329587,1.05566092780203),
 .UNSPECIFIED.);
#25=B_SPLINE_CURVE_WITH_KNOTS('',4,(#3555,#3556,#3557,#3558,#3559,#3560,
#3561),.UNSPECIFIED.,.F.,.F.,(5,1,1,5),(1.,2.,3.,4.),.UNSPECIFIED.);
#26=B_SPLINE_CURVE_WITH_KNOTS('',3,(#3563,#3564,#3565,#3566),
 .UNSPECIFIED.,.F.,.F.,(4,4),(0.,1.),.UNSPECIFIED.);
#27=B_SPLINE_CURVE_WITH_KNOTS('',3,(#3567,#3568,#3569,#3570,#3571,#3572,
#3573,#3574,#3575,#3576,#3577,#3578,#3579,#3580,#3581,#3582,#3583,#3584,
#3585,#3586),.UNSPECIFIED.,.F.,.F.,(4,1,1,1,1,1,1,1,1,1,1,1,1,1,1,2,4),
(-7.44939304610381,-6.91729354281068,-6.38519403951755,-5.85309453622442,
-5.32099503293129,-4.96626203073587,-4.61152902854045,-4.43416252744274,
-4.25679602634503,-4.07942952524732,-3.90206302414961,-3.19259701975878,
-2.66049751646565,-2.12839801317252,-1.06419900658626,0.,0.840221361665721),
 .UNSPECIFIED.);
#28=B_SPLINE_SURFACE_WITH_KNOTS('',3,3,((#3466,#3467,#3468,#3469,#3470,
#3471,#3472,#3473,#3474,#3475,#3476,#3477,#3478,#3479,#3480,#3481,#3482,
#3483,#3484,#3485),(#3486,#3487,#3488,#3489,#3490,#3491,#3492,#3493,#3494,
#3495,#3496,#3497,#3498,#3499,#3500,#3501,#3502,#3503,#3504,#3505),(#3506,
#3507,#3508,#3509,#3510,#3511,#3512,#3513,#3514,#3515,#3516,#3517,#3518,
#3519,#3520,#3521,#3522,#3523,#3524,#3525),(#3526,#3527,#3528,#3529,#3530,
#3531,#3532,#3533,#3534,#3535,#3536,#3537,#3538,#3539,#3540,#3541,#3542,
#3543,#3544,#3545)),.UNSPECIFIED.,.F.,.F.,.F.,(4,4),(4,1,1,1,1,1,1,1,1,
1,1,1,1,1,1,2,4),(0.,1.),(-7.44939304610381,-6.91729354281068,-6.38519403951755,
-5.85309453622442,-5.32099503293129,-4.96626203073587,-4.61152902854045,
-4.43416252744274,-4.25679602634503,-4.07942952524732,-3.90206302414961,
-3.19259701975878,-2.66049751646565,-2.12839801317252,-1.06419900658626,
0.,0.840221361665721),.UNSPECIFIED.);
#29=SHAPE_REPRESENTATION_RELATIONSHIP('SRR','None',#4047,#32);
#30=SHAPE_REPRESENTATION_RELATIONSHIP('SRR','None',#4048,#33);
#31=SHAPE_REPRESENTATION_RELATIONSHIP('SRR','None',#4049,#34);
#32=ADVANCED_BREP_SHAPE_REPRESENTATION('',(#35),#4027);
#33=ADVANCED_BREP_SHAPE_REPRESENTATION('',(#36),#4028);
#34=ADVANCED_BREP_SHAPE_REPRESENTATION('',(#37),#4029);
#35=MANIFOLD_SOLID_BREP('Solid1',#2292);
#36=MANIFOLD_SOLID_BREP('Solid1',#2293);
#37=MANIFOLD_SOLID_BREP('Solid1',#2294);
#38=FACE_BOUND('',#260,.T.);
#39=FACE_BOUND('',#261,.T.);
#40=FACE_BOUND('',#262,.T.);
#41=FACE_BOUND('',#263,.T.);
#42=FACE_BOUND('',#269,.T.);
#43=FACE_BOUND('',#271,.T.);
#44=FACE_BOUND('',#273,.T.);
#45=FACE_BOUND('',#281,.T.);
#46=FACE_BOUND('',#293,.T.);
#47=FACE_BOUND('',#294,.T.);
#48=FACE_BOUND('',#295,.T.);
#49=FACE_BOUND('',#296,.T.);
#50=FACE_BOUND('',#297,.T.);
#51=FACE_BOUND('',#300,.T.);
#52=FACE_BOUND('',#301,.T.);
#53=FACE_BOUND('',#302,.T.);
#54=FACE_BOUND('',#303,.T.);
#55=FACE_BOUND('',#304,.T.);
#56=FACE_BOUND('',#305,.T.);
#57=FACE_BOUND('',#306,.T.);
#58=FACE_BOUND('',#307,.T.);
#59=FACE_BOUND('',#308,.T.);
#60=FACE_BOUND('',#309,.T.);
#61=FACE_BOUND('',#311,.T.);
#62=FACE_BOUND('',#319,.T.);
#63=FACE_BOUND('',#320,.T.);
#64=FACE_BOUND('',#321,.T.);
#65=FACE_BOUND('',#322,.T.);
#66=FACE_BOUND('',#323,.T.);
#67=FACE_BOUND('',#324,.T.);
#68=FACE_BOUND('',#325,.T.);
#69=FACE_BOUND('',#326,.T.);
#70=FACE_BOUND('',#327,.T.);
#71=FACE_BOUND('',#328,.T.);
#72=FACE_BOUND('',#329,.T.);
#73=FACE_BOUND('',#392,.T.);
#74=FACE_BOUND('',#395,.T.);
#75=FACE_BOUND('',#398,.T.);
#76=PLANE('',#2415);
#77=PLANE('',#2419);
#78=PLANE('',#2420);
#79=PLANE('',#2427);
#80=PLANE('',#2428);
#81=PLANE('',#2429);
#82=PLANE('',#2446);
#83=PLANE('',#2448);
#84=PLANE('',#2450);
#85=PLANE('',#2463);
#86=PLANE('',#2464);
#87=PLANE('',#2467);
#88=PLANE('',#2472);
#89=PLANE('',#2473);
#90=PLANE('',#2474);
#91=PLANE('',#2475);
#92=PLANE('',#2476);
#93=PLANE('',#2477);
#94=PLANE('',#2478);
#95=PLANE('',#2480);
#96=PLANE('',#2511);
#97=PLANE('',#2524);
#98=PLANE('',#2525);
#99=PLANE('',#2554);
#100=PLANE('',#2556);
#101=PLANE('',#2558);
#102=PLANE('',#2559);
#103=PLANE('',#2560);
#104=PLANE('',#2561);
#105=PLANE('',#2562);
#106=PLANE('',#2564);
#107=PLANE('',#2566);
#108=PLANE('',#2568);
#109=PLANE('',#2570);
#110=PLANE('',#2572);
#111=PLANE('',#2574);
#112=PLANE('',#2576);
#113=PLANE('',#2579);
#114=PLANE('',#2581);
#115=PLANE('',#2583);
#116=PLANE('',#2585);
#117=PLANE('',#2586);
#118=PLANE('',#2588);
#119=PLANE('',#2590);
#120=PLANE('',#2592);
#121=PLANE('',#2595);
#122=PLANE('',#2597);
#123=PLANE('',#2599);
#124=PLANE('',#2601);
#125=PLANE('',#2603);
#126=PLANE('',#2605);
#127=PLANE('',#2607);
#128=PLANE('',#2609);
#129=PLANE('',#2610);
#130=PLANE('',#2618);
#131=PLANE('',#2619);
#132=PLANE('',#2622);
#133=PLANE('',#2623);
#134=PLANE('',#2627);
#135=PLANE('',#2631);
#136=FACE_OUTER_BOUND('',#250,.T.);
#137=FACE_OUTER_BOUND('',#251,.T.);
#138=FACE_OUTER_BOUND('',#252,.T.);
#139=FACE_OUTER_BOUND('',#253,.T.);
#140=FACE_OUTER_BOUND('',#254,.T.);
#141=FACE_OUTER_BOUND('',#255,.T.);
#142=FACE_OUTER_BOUND('',#256,.T.);
#143=FACE_OUTER_BOUND('',#257,.T.);
#144=FACE_OUTER_BOUND('',#258,.T.);
#145=FACE_OUTER_BOUND('',#259,.T.);
#146=FACE_OUTER_BOUND('',#264,.T.);
#147=FACE_OUTER_BOUND('',#265,.T.);
#148=FACE_OUTER_BOUND('',#266,.T.);
#149=FACE_OUTER_BOUND('',#267,.T.);
#150=FACE_OUTER_BOUND('',#268,.T.);
#151=FACE_OUTER_BOUND('',#270,.T.);
#152=FACE_OUTER_BOUND('',#272,.T.);
#153=FACE_OUTER_BOUND('',#274,.T.);
#154=FACE_OUTER_BOUND('',#275,.T.);
#155=FACE_OUTER_BOUND('',#276,.T.);
#156=FACE_OUTER_BOUND('',#277,.T.);
#157=FACE_OUTER_BOUND('',#278,.T.);
#158=FACE_OUTER_BOUND('',#279,.T.);
#159=FACE_OUTER_BOUND('',#280,.T.);
#160=FACE_OUTER_BOUND('',#282,.T.);
#161=FACE_OUTER_BOUND('',#283,.T.);
#162=FACE_OUTER_BOUND('',#284,.T.);
#163=FACE_OUTER_BOUND('',#285,.T.);
#164=FACE_OUTER_BOUND('',#286,.T.);
#165=FACE_OUTER_BOUND('',#287,.T.);
#166=FACE_OUTER_BOUND('',#288,.T.);
#167=FACE_OUTER_BOUND('',#289,.T.);
#168=FACE_OUTER_BOUND('',#290,.T.);
#169=FACE_OUTER_BOUND('',#291,.T.);
#170=FACE_OUTER_BOUND('',#292,.T.);
#171=FACE_OUTER_BOUND('',#298,.T.);
#172=FACE_OUTER_BOUND('',#299,.T.);
#173=FACE_OUTER_BOUND('',#310,.T.);
#174=FACE_OUTER_BOUND('',#312,.T.);
#175=FACE_OUTER_BOUND('',#313,.T.);
#176=FACE_OUTER_BOUND('',#314,.T.);
#177=FACE_OUTER_BOUND('',#315,.T.);
#178=FACE_OUTER_BOUND('',#316,.T.);
#179=FACE_OUTER_BOUND('',#317,.T.);
#180=FACE_OUTER_BOUND('',#318,.T.);
#181=FACE_OUTER_BOUND('',#330,.T.);
#182=FACE_OUTER_BOUND('',#331,.T.);
#183=FACE_OUTER_BOUND('',#332,.T.);
#184=FACE_OUTER_BOUND('',#333,.T.);
#185=FACE_OUTER_BOUND('',#334,.T.);
#186=FACE_OUTER_BOUND('',#335,.T.);
#187=FACE_OUTER_BOUND('',#336,.T.);
#188=FACE_OUTER_BOUND('',#337,.T.);
#189=FACE_OUTER_BOUND('',#338,.T.);
#190=FACE_OUTER_BOUND('',#339,.T.);
#191=FACE_OUTER_BOUND('',#340,.T.);
#192=FACE_OUTER_BOUND('',#341,.T.);
#193=FACE_OUTER_BOUND('',#342,.T.);
#194=FACE_OUTER_BOUND('',#343,.T.);
#195=FACE_OUTER_BOUND('',#344,.T.);
#196=FACE_OUTER_BOUND('',#345,.T.);
#197=FACE_OUTER_BOUND('',#346,.T.);
#198=FACE_OUTER_BOUND('',#347,.T.);
#199=FACE_OUTER_BOUND('',#348,.T.);
#200=FACE_OUTER_BOUND('',#349,.T.);
#201=FACE_OUTER_BOUND('',#350,.T.);
#202=FACE_OUTER_BOUND('',#351,.T.);
#203=FACE_OUTER_BOUND('',#352,.T.);
#204=FACE_OUTER_BOUND('',#353,.T.);
#205=FACE_OUTER_BOUND('',#354,.T.);
#206=FACE_OUTER_BOUND('',#355,.T.);
#207=FACE_OUTER_BOUND('',#356,.T.);
#208=FACE_OUTER_BOUND('',#357,.T.);
#209=FACE_OUTER_BOUND('',#358,.T.);
#210=FACE_OUTER_BOUND('',#359,.T.);
#211=FACE_OUTER_BOUND('',#360,.T.);
#212=FACE_OUTER_BOUND('',#361,.T.);
#213=FACE_OUTER_BOUND('',#362,.T.);
#214=FACE_OUTER_BOUND('',#363,.T.);
#215=FACE_OUTER_BOUND('',#364,.T.);
#216=FACE_OUTER_BOUND('',#365,.T.);
#217=FACE_OUTER_BOUND('',#366,.T.);
#218=FACE_OUTER_BOUND('',#367,.T.);
#219=FACE_OUTER_BOUND('',#368,.T.);
#220=FACE_OUTER_BOUND('',#369,.T.);
#221=FACE_OUTER_BOUND('',#370,.T.);
#222=FACE_OUTER_BOUND('',#371,.T.);
#223=FACE_OUTER_BOUND('',#372,.T.);
#224=FACE_OUTER_BOUND('',#373,.T.);
#225=FACE_OUTER_BOUND('',#374,.T.);
#226=FACE_OUTER_BOUND('',#375,.T.);
#227=FACE_OUTER_BOUND('',#376,.T.);
#228=FACE_OUTER_BOUND('',#377,.T.);
#229=FACE_OUTER_BOUND('',#378,.T.);
#230=FACE_OUTER_BOUND('',#379,.T.);
#231=FACE_OUTER_BOUND('',#380,.T.);
#232=FACE_OUTER_BOUND('',#381,.T.);
#233=FACE_OUTER_BOUND('',#382,.T.);
#234=FACE_OUTER_BOUND('',#383,.T.);
#235=FACE_OUTER_BOUND('',#384,.T.);
#236=FACE_OUTER_BOUND('',#385,.T.);
#237=FACE_OUTER_BOUND('',#386,.T.);
#238=FACE_OUTER_BOUND('',#387,.T.);
#239=FACE_OUTER_BOUND('',#388,.T.);
#240=FACE_OUTER_BOUND('',#389,.T.);
#241=FACE_OUTER_BOUND('',#390,.T.);
#242=FACE_OUTER_BOUND('',#391,.T.);
#243=FACE_OUTER_BOUND('',#393,.T.);
#244=FACE_OUTER_BOUND('',#394,.T.);
#245=FACE_OUTER_BOUND('',#396,.T.);
#246=FACE_OUTER_BOUND('',#397,.T.);
#247=FACE_OUTER_BOUND('',#399,.T.);
#248=FACE_OUTER_BOUND('',#400,.T.);
#249=FACE_OUTER_BOUND('',#401,.T.);
#250=EDGE_LOOP('',(#1402,#1403,#1404,#1405));
#251=EDGE_LOOP('',(#1406,#1407,#1408,#1409,#1410));
#252=EDGE_LOOP('',(#1411,#1412,#1413,#1414));
#253=EDGE_LOOP('',(#1415,#1416,#1417,#1418,#1419));
#254=EDGE_LOOP('',(#1420,#1421,#1422,#1423,#1424,#1425,#1426,#1427,#1428,
#1429,#1430,#1431));
#255=EDGE_LOOP('',(#1432,#1433,#1434,#1435));
#256=EDGE_LOOP('',(#1436,#1437,#1438,#1439));
#257=EDGE_LOOP('',(#1440,#1441,#1442,#1443));
#258=EDGE_LOOP('',(#1444,#1445,#1446,#1447,#1448,#1449));
#259=EDGE_LOOP('',(#1450,#1451,#1452,#1453,#1454,#1455,#1456,#1457,#1458,
#1459,#1460,#1461));
#260=EDGE_LOOP('',(#1462));
#261=EDGE_LOOP('',(#1463));
#262=EDGE_LOOP('',(#1464));
#263=EDGE_LOOP('',(#1465));
#264=EDGE_LOOP('',(#1466,#1467,#1468,#1469));
#265=EDGE_LOOP('',(#1470,#1471,#1472,#1473));
#266=EDGE_LOOP('',(#1474,#1475,#1476,#1477));
#267=EDGE_LOOP('',(#1478,#1479,#1480,#1481));
#268=EDGE_LOOP('',(#1482));
#269=EDGE_LOOP('',(#1483));
#270=EDGE_LOOP('',(#1484));
#271=EDGE_LOOP('',(#1485));
#272=EDGE_LOOP('',(#1486));
#273=EDGE_LOOP('',(#1487));
#274=EDGE_LOOP('',(#1488,#1489,#1490,#1491));
#275=EDGE_LOOP('',(#1492,#1493,#1494,#1495));
#276=EDGE_LOOP('',(#1496,#1497,#1498,#1499));
#277=EDGE_LOOP('',(#1500,#1501,#1502,#1503));
#278=EDGE_LOOP('',(#1504,#1505,#1506,#1507));
#279=EDGE_LOOP('',(#1508,#1509,#1510,#1511));
#280=EDGE_LOOP('',(#1512));
#281=EDGE_LOOP('',(#1513));
#282=EDGE_LOOP('',(#1514,#1515,#1516,#1517));
#283=EDGE_LOOP('',(#1518,#1519,#1520,#1521));
#284=EDGE_LOOP('',(#1522,#1523,#1524,#1525));
#285=EDGE_LOOP('',(#1526,#1527,#1528,#1529));
#286=EDGE_LOOP('',(#1530,#1531,#1532,#1533));
#287=EDGE_LOOP('',(#1534,#1535,#1536,#1537,#1538,#1539));
#288=EDGE_LOOP('',(#1540,#1541,#1542,#1543));
#289=EDGE_LOOP('',(#1544,#1545,#1546,#1547));
#290=EDGE_LOOP('',(#1548,#1549,#1550,#1551,#1552,#1553,#1554,#1555,#1556,
#1557));
#291=EDGE_LOOP('',(#1558,#1559,#1560,#1561));
#292=EDGE_LOOP('',(#1562,#1563,#1564,#1565,#1566,#1567,#1568,#1569));
#293=EDGE_LOOP('',(#1570));
#294=EDGE_LOOP('',(#1571));
#295=EDGE_LOOP('',(#1572));
#296=EDGE_LOOP('',(#1573));
#297=EDGE_LOOP('',(#1574,#1575,#1576,#1577));
#298=EDGE_LOOP('',(#1578,#1579,#1580,#1581));
#299=EDGE_LOOP('',(#1582,#1583,#1584,#1585,#1586,#1587,#1588,#1589));
#300=EDGE_LOOP('',(#1590,#1591,#1592,#1593));
#301=EDGE_LOOP('',(#1594,#1595,#1596,#1597,#1598,#1599,#1600,#1601));
#302=EDGE_LOOP('',(#1602,#1603,#1604,#1605,#1606,#1607,#1608,#1609));
#303=EDGE_LOOP('',(#1610,#1611,#1612,#1613,#1614,#1615,#1616,#1617));
#304=EDGE_LOOP('',(#1618,#1619,#1620,#1621,#1622,#1623,#1624,#1625));
#305=EDGE_LOOP('',(#1626,#1627,#1628,#1629,#1630,#1631,#1632,#1633));
#306=EDGE_LOOP('',(#1634,#1635,#1636,#1637,#1638,#1639,#1640,#1641));
#307=EDGE_LOOP('',(#1642));
#308=EDGE_LOOP('',(#1643));
#309=EDGE_LOOP('',(#1644));
#310=EDGE_LOOP('',(#1645,#1646,#1647,#1648));
#311=EDGE_LOOP('',(#1649));
#312=EDGE_LOOP('',(#1650,#1651,#1652,#1653));
#313=EDGE_LOOP('',(#1654,#1655,#1656,#1657));
#314=EDGE_LOOP('',(#1658,#1659,#1660,#1661));
#315=EDGE_LOOP('',(#1662,#1663,#1664,#1665));
#316=EDGE_LOOP('',(#1666,#1667,#1668,#1669));
#317=EDGE_LOOP('',(#1670,#1671,#1672,#1673));
#318=EDGE_LOOP('',(#1674,#1675,#1676,#1677,#1678,#1679,#1680,#1681));
#319=EDGE_LOOP('',(#1682));
#320=EDGE_LOOP('',(#1683));
#321=EDGE_LOOP('',(#1684));
#322=EDGE_LOOP('',(#1685));
#323=EDGE_LOOP('',(#1686,#1687,#1688,#1689,#1690,#1691,#1692,#1693));
#324=EDGE_LOOP('',(#1694,#1695,#1696,#1697,#1698,#1699,#1700,#1701));
#325=EDGE_LOOP('',(#1702,#1703,#1704,#1705,#1706,#1707,#1708,#1709));
#326=EDGE_LOOP('',(#1710,#1711,#1712,#1713,#1714,#1715,#1716,#1717));
#327=EDGE_LOOP('',(#1718,#1719,#1720,#1721,#1722,#1723,#1724,#1725));
#328=EDGE_LOOP('',(#1726,#1727,#1728,#1729,#1730,#1731,#1732,#1733));
#329=EDGE_LOOP('',(#1734,#1735,#1736,#1737));
#330=EDGE_LOOP('',(#1738,#1739,#1740,#1741));
#331=EDGE_LOOP('',(#1742,#1743,#1744,#1745,#1746,#1747));
#332=EDGE_LOOP('',(#1748,#1749,#1750,#1751));
#333=EDGE_LOOP('',(#1752,#1753,#1754,#1755,#1756,#1757));
#334=EDGE_LOOP('',(#1758,#1759,#1760,#1761));
#335=EDGE_LOOP('',(#1762,#1763,#1764,#1765));
#336=EDGE_LOOP('',(#1766,#1767,#1768,#1769));
#337=EDGE_LOOP('',(#1770,#1771,#1772,#1773));
#338=EDGE_LOOP('',(#1774,#1775,#1776,#1777));
#339=EDGE_LOOP('',(#1778,#1779,#1780,#1781));
#340=EDGE_LOOP('',(#1782,#1783,#1784,#1785));
#341=EDGE_LOOP('',(#1786,#1787,#1788,#1789));
#342=EDGE_LOOP('',(#1790,#1791,#1792,#1793));
#343=EDGE_LOOP('',(#1794,#1795,#1796,#1797));
#344=EDGE_LOOP('',(#1798,#1799,#1800,#1801));
#345=EDGE_LOOP('',(#1802,#1803,#1804,#1805));
#346=EDGE_LOOP('',(#1806,#1807,#1808,#1809));
#347=EDGE_LOOP('',(#1810,#1811,#1812,#1813));
#348=EDGE_LOOP('',(#1814,#1815,#1816,#1817));
#349=EDGE_LOOP('',(#1818,#1819,#1820,#1821));
#350=EDGE_LOOP('',(#1822,#1823,#1824,#1825));
#351=EDGE_LOOP('',(#1826,#1827,#1828,#1829));
#352=EDGE_LOOP('',(#1830,#1831,#1832,#1833));
#353=EDGE_LOOP('',(#1834,#1835,#1836,#1837));
#354=EDGE_LOOP('',(#1838,#1839,#1840,#1841));
#355=EDGE_LOOP('',(#1842,#1843,#1844,#1845));
#356=EDGE_LOOP('',(#1846,#1847,#1848,#1849));
#357=EDGE_LOOP('',(#1850,#1851,#1852,#1853));
#358=EDGE_LOOP('',(#1854,#1855,#1856,#1857));
#359=EDGE_LOOP('',(#1858,#1859,#1860,#1861));
#360=EDGE_LOOP('',(#1862,#1863,#1864,#1865));
#361=EDGE_LOOP('',(#1866,#1867,#1868,#1869));
#362=EDGE_LOOP('',(#1870,#1871,#1872,#1873));
#363=EDGE_LOOP('',(#1874,#1875,#1876,#1877));
#364=EDGE_LOOP('',(#1878,#1879,#1880,#1881));
#365=EDGE_LOOP('',(#1882,#1883,#1884,#1885));
#366=EDGE_LOOP('',(#1886,#1887,#1888,#1889));
#367=EDGE_LOOP('',(#1890,#1891,#1892,#1893));
#368=EDGE_LOOP('',(#1894,#1895,#1896,#1897));
#369=EDGE_LOOP('',(#1898,#1899,#1900,#1901));
#370=EDGE_LOOP('',(#1902,#1903,#1904,#1905));
#371=EDGE_LOOP('',(#1906,#1907,#1908,#1909));
#372=EDGE_LOOP('',(#1910,#1911,#1912,#1913));
#373=EDGE_LOOP('',(#1914,#1915,#1916,#1917));
#374=EDGE_LOOP('',(#1918,#1919,#1920,#1921));
#375=EDGE_LOOP('',(#1922,#1923,#1924,#1925));
#376=EDGE_LOOP('',(#1926,#1927,#1928,#1929));
#377=EDGE_LOOP('',(#1930,#1931,#1932,#1933));
#378=EDGE_LOOP('',(#1934,#1935,#1936,#1937));
#379=EDGE_LOOP('',(#1938,#1939,#1940,#1941));
#380=EDGE_LOOP('',(#1942,#1943,#1944,#1945));
#381=EDGE_LOOP('',(#1946,#1947,#1948,#1949));
#382=EDGE_LOOP('',(#1950,#1951,#1952,#1953));
#383=EDGE_LOOP('',(#1954,#1955,#1956,#1957));
#384=EDGE_LOOP('',(#1958,#1959,#1960,#1961));
#385=EDGE_LOOP('',(#1962,#1963,#1964,#1965));
#386=EDGE_LOOP('',(#1966,#1967,#1968,#1969));
#387=EDGE_LOOP('',(#1970,#1971,#1972,#1973));
#388=EDGE_LOOP('',(#1974,#1975,#1976,#1977,#1978));
#389=EDGE_LOOP('',(#1979,#1980,#1981,#1982,#1983));
#390=EDGE_LOOP('',(#1984));
#391=EDGE_LOOP('',(#1985));
#392=EDGE_LOOP('',(#1986,#1987));
#393=EDGE_LOOP('',(#1988,#1989,#1990,#1991));
#394=EDGE_LOOP('',(#1992));
#395=EDGE_LOOP('',(#1993));
#396=EDGE_LOOP('',(#1994,#1995,#1996,#1997));
#397=EDGE_LOOP('',(#1998));
#398=EDGE_LOOP('',(#1999));
#399=EDGE_LOOP('',(#2000,#2001,#2002,#2003));
#400=EDGE_LOOP('',(#2004,#2005));
#401=EDGE_LOOP('',(#2006,#2007,#2008,#2009));
#402=LINE('',#3289,#596);
#403=LINE('',#3292,#597);
#404=LINE('',#3295,#598);
#405=LINE('',#3297,#599);
#406=LINE('',#3299,#600);
#407=LINE('',#3300,#601);
#408=LINE('',#3306,#602);
#409=LINE('',#3309,#603);
#410=LINE('',#3312,#604);
#411=LINE('',#3314,#605);
#412=LINE('',#3316,#606);
#413=LINE('',#3317,#607);
#414=LINE('',#3320,#608);
#415=LINE('',#3322,#609);
#416=LINE('',#3324,#610);
#417=LINE('',#3326,#611);
#418=LINE('',#3328,#612);
#419=LINE('',#3331,#613);
#420=LINE('',#3335,#614);
#421=LINE('',#3339,#615);
#422=LINE('',#3342,#616);
#423=LINE('',#3344,#617);
#424=LINE('',#3345,#618);
#425=LINE('',#3350,#619);
#426=LINE('',#3354,#620);
#427=LINE('',#3358,#621);
#428=LINE('',#3370,#622);
#429=LINE('',#3374,#623);
#430=LINE('',#3378,#624);
#431=LINE('',#3382,#625);
#432=LINE('',#3395,#626);
#433=LINE('',#3399,#627);
#434=LINE('',#3405,#628);
#435=LINE('',#3409,#629);
#436=LINE('',#3415,#630);
#437=LINE('',#3416,#631);
#438=LINE('',#3419,#632);
#439=LINE('',#3420,#633);
#440=LINE('',#3424,#634);
#441=LINE('',#3428,#635);
#442=LINE('',#3429,#636);
#443=LINE('',#3435,#637);
#444=LINE('',#3437,#638);
#445=LINE('',#3441,#639);
#446=LINE('',#3443,#640);
#447=LINE('',#3444,#641);
#448=LINE('',#3446,#642);
#449=LINE('',#3447,#643);
#450=LINE('',#3450,#644);
#451=LINE('',#3452,#645);
#452=LINE('',#3453,#646);
#453=LINE('',#3456,#647);
#454=LINE('',#3457,#648);
#455=LINE('',#3460,#649);
#456=LINE('',#3461,#650);
#457=LINE('',#3463,#651);
#458=LINE('',#3589,#652);
#459=LINE('',#3593,#653);
#460=LINE('',#3597,#654);
#461=LINE('',#3600,#655);
#462=LINE('',#3603,#656);
#463=LINE('',#3605,#657);
#464=LINE('',#3607,#658);
#465=LINE('',#3608,#659);
#466=LINE('',#3613,#660);
#467=LINE('',#3617,#661);
#468=LINE('',#3621,#662);
#469=LINE('',#3624,#663);
#470=LINE('',#3629,#664);
#471=LINE('',#3633,#665);
#472=LINE('',#3637,#666);
#473=LINE('',#3640,#667);
#474=LINE('',#3643,#668);
#475=LINE('',#3647,#669);
#476=LINE('',#3651,#670);
#477=LINE('',#3655,#671);
#478=LINE('',#3661,#672);
#479=LINE('',#3665,#673);
#480=LINE('',#3669,#674);
#481=LINE('',#3672,#675);
#482=LINE('',#3675,#676);
#483=LINE('',#3679,#677);
#484=LINE('',#3683,#678);
#485=LINE('',#3687,#679);
#486=LINE('',#3691,#680);
#487=LINE('',#3695,#681);
#488=LINE('',#3699,#682);
#489=LINE('',#3703,#683);
#490=LINE('',#3713,#684);
#491=LINE('',#3715,#685);
#492=LINE('',#3721,#686);
#493=LINE('',#3725,#687);
#494=LINE('',#3729,#688);
#495=LINE('',#3733,#689);
#496=LINE('',#3737,#690);
#497=LINE('',#3740,#691);
#498=LINE('',#3743,#692);
#499=LINE('',#3744,#693);
#500=LINE('',#3747,#694);
#501=LINE('',#3751,#695);
#502=LINE('',#3755,#696);
#503=LINE('',#3759,#697);
#504=LINE('',#3763,#698);
#505=LINE('',#3767,#699);
#506=LINE('',#3771,#700);
#507=LINE('',#3775,#701);
#508=LINE('',#3779,#702);
#509=LINE('',#3783,#703);
#510=LINE('',#3787,#704);
#511=LINE('',#3793,#705);
#512=LINE('',#3797,#706);
#513=LINE('',#3801,#707);
#514=LINE('',#3804,#708);
#515=LINE('',#3807,#709);
#516=LINE('',#3811,#710);
#517=LINE('',#3815,#711);
#518=LINE('',#3819,#712);
#519=LINE('',#3825,#713);
#520=LINE('',#3829,#714);
#521=LINE('',#3833,#715);
#522=LINE('',#3836,#716);
#523=LINE('',#3841,#717);
#524=LINE('',#3845,#718);
#525=LINE('',#3849,#719);
#526=LINE('',#3852,#720);
#527=LINE('',#3855,#721);
#528=LINE('',#3857,#722);
#529=LINE('',#3859,#723);
#530=LINE('',#3860,#724);
#531=LINE('',#3862,#725);
#532=LINE('',#3864,#726);
#533=LINE('',#3866,#727);
#534=LINE('',#3868,#728);
#535=LINE('',#3870,#729);
#536=LINE('',#3872,#730);
#537=LINE('',#3873,#731);
#538=LINE('',#3875,#732);
#539=LINE('',#3877,#733);
#540=LINE('',#3880,#734);
#541=LINE('',#3881,#735);
#542=LINE('',#3883,#736);
#543=LINE('',#3885,#737);
#544=LINE('',#3887,#738);
#545=LINE('',#3889,#739);
#546=LINE('',#3891,#740);
#547=LINE('',#3893,#741);
#548=LINE('',#3896,#742);
#549=LINE('',#3897,#743);
#550=LINE('',#3899,#744);
#551=LINE('',#3901,#745);
#552=LINE('',#3903,#746);
#553=LINE('',#3905,#747);
#554=LINE('',#3907,#748);
#555=LINE('',#3909,#749);
#556=LINE('',#3912,#750);
#557=LINE('',#3913,#751);
#558=LINE('',#3915,#752);
#559=LINE('',#3917,#753);
#560=LINE('',#3919,#754);
#561=LINE('',#3921,#755);
#562=LINE('',#3923,#756);
#563=LINE('',#3925,#757);
#564=LINE('',#3928,#758);
#565=LINE('',#3929,#759);
#566=LINE('',#3931,#760);
#567=LINE('',#3933,#761);
#568=LINE('',#3935,#762);
#569=LINE('',#3937,#763);
#570=LINE('',#3939,#764);
#571=LINE('',#3941,#765);
#572=LINE('',#3944,#766);
#573=LINE('',#3945,#767);
#574=LINE('',#3947,#768);
#575=LINE('',#3949,#769);
#576=LINE('',#3951,#770);
#577=LINE('',#3953,#771);
#578=LINE('',#3955,#772);
#579=LINE('',#3957,#773);
#580=LINE('',#3960,#774);
#581=LINE('',#3961,#775);
#582=LINE('',#3963,#776);
#583=LINE('',#3965,#777);
#584=LINE('',#3967,#778);
#585=LINE('',#3969,#779);
#586=LINE('',#3971,#780);
#587=LINE('',#3973,#781);
#588=LINE('',#3981,#782);
#589=LINE('',#3987,#783);
#590=LINE('',#3995,#784);
#591=LINE('',#3999,#785);
#592=LINE('',#4001,#786);
#593=LINE('',#4002,#787);
#594=LINE('',#4008,#788);
#595=LINE('',#4017,#789);
#596=VECTOR('',#2644,10.);
#597=VECTOR('',#2647,10.);
#598=VECTOR('',#2650,10.);
#599=VECTOR('',#2651,10.);
#600=VECTOR('',#2652,10.);
#601=VECTOR('',#2653,10.);
#602=VECTOR('',#2658,10.);
#603=VECTOR('',#2661,10.);
#604=VECTOR('',#2664,10.);
#605=VECTOR('',#2665,10.);
#606=VECTOR('',#2666,10.);
#607=VECTOR('',#2667,10.);
#608=VECTOR('',#2670,10.);
#609=VECTOR('',#2671,10.);
#610=VECTOR('',#2672,10.);
#611=VECTOR('',#2673,10.);
#612=VECTOR('',#2674,10.);
#613=VECTOR('',#2677,10.);
#614=VECTOR('',#2682,10.);
#615=VECTOR('',#2687,10.);
#616=VECTOR('',#2692,10.);
#617=VECTOR('',#2695,10.);
#618=VECTOR('',#2696,10.);
#619=VECTOR('',#2701,10.);
#620=VECTOR('',#2704,10.);
#621=VECTOR('',#2707,10.);
#622=VECTOR('',#2720,2.85);
#623=VECTOR('',#2725,2.95);
#624=VECTOR('',#2730,2.95);
#625=VECTOR('',#2735,2.85000000000001);
#626=VECTOR('',#2752,1.55);
#627=VECTOR('',#2757,1.55);
#628=VECTOR('',#2764,1.55);
#629=VECTOR('',#2769,1.55);
#630=VECTOR('',#2776,10.);
#631=VECTOR('',#2777,10.);
#632=VECTOR('',#2780,10.);
#633=VECTOR('',#2781,10.);
#634=VECTOR('',#2786,10.);
#635=VECTOR('',#2791,10.);
#636=VECTOR('',#2792,10.);
#637=VECTOR('',#2801,10.);
#638=VECTOR('',#2804,10.);
#639=VECTOR('',#2807,10.);
#640=VECTOR('',#2808,10.);
#641=VECTOR('',#2809,10.);
#642=VECTOR('',#2810,10.);
#643=VECTOR('',#2811,10.);
#644=VECTOR('',#2814,10.);
#645=VECTOR('',#2815,10.);
#646=VECTOR('',#2816,10.);
#647=VECTOR('',#2819,10.);
#648=VECTOR('',#2820,10.);
#649=VECTOR('',#2823,10.);
#650=VECTOR('',#2824,10.);
#651=VECTOR('',#2827,10.);
#652=VECTOR('',#2834,10.);
#653=VECTOR('',#2837,10.);
#654=VECTOR('',#2840,10.);
#655=VECTOR('',#2843,10.);
#656=VECTOR('',#2844,10.);
#657=VECTOR('',#2845,10.);
#658=VECTOR('',#2846,10.);
#659=VECTOR('',#2847,10.);
#660=VECTOR('',#2850,10.);
#661=VECTOR('',#2853,10.);
#662=VECTOR('',#2856,10.);
#663=VECTOR('',#2859,10.);
#664=VECTOR('',#2862,10.);
#665=VECTOR('',#2865,10.);
#666=VECTOR('',#2868,10.);
#667=VECTOR('',#2871,10.);
#668=VECTOR('',#2872,10.);
#669=VECTOR('',#2875,10.);
#670=VECTOR('',#2878,10.);
#671=VECTOR('',#2881,10.);
#672=VECTOR('',#2886,10.);
#673=VECTOR('',#2889,10.);
#674=VECTOR('',#2892,10.);
#675=VECTOR('',#2895,10.);
#676=VECTOR('',#2896,10.);
#677=VECTOR('',#2899,10.);
#678=VECTOR('',#2902,10.);
#679=VECTOR('',#2905,10.);
#680=VECTOR('',#2908,10.);
#681=VECTOR('',#2911,10.);
#682=VECTOR('',#2914,10.);
#683=VECTOR('',#2917,10.);
#684=VECTOR('',#2928,10.);
#685=VECTOR('',#2929,10.);
#686=VECTOR('',#2936,1.55);
#687=VECTOR('',#2941,1.55);
#688=VECTOR('',#2946,1.55);
#689=VECTOR('',#2951,1.55);
#690=VECTOR('',#2956,10.);
#691=VECTOR('',#2959,10.);
#692=VECTOR('',#2962,10.);
#693=VECTOR('',#2963,10.);
#694=VECTOR('',#2966,10.);
#695=VECTOR('',#2969,10.);
#696=VECTOR('',#2972,10.);
#697=VECTOR('',#2975,10.);
#698=VECTOR('',#2978,10.);
#699=VECTOR('',#2981,10.);
#700=VECTOR('',#2984,10.);
#701=VECTOR('',#2987,10.);
#702=VECTOR('',#2990,10.);
#703=VECTOR('',#2993,10.);
#704=VECTOR('',#2996,10.);
#705=VECTOR('',#3001,10.);
#706=VECTOR('',#3004,10.);
#707=VECTOR('',#3007,10.);
#708=VECTOR('',#3010,10.);
#709=VECTOR('',#3011,10.);
#710=VECTOR('',#3014,10.);
#711=VECTOR('',#3017,10.);
#712=VECTOR('',#3020,10.);
#713=VECTOR('',#3025,10.);
#714=VECTOR('',#3028,10.);
#715=VECTOR('',#3031,10.);
#716=VECTOR('',#3034,10.);
#717=VECTOR('',#3037,10.);
#718=VECTOR('',#3040,10.);
#719=VECTOR('',#3043,10.);
#720=VECTOR('',#3046,10.);
#721=VECTOR('',#3047,10.);
#722=VECTOR('',#3048,10.);
#723=VECTOR('',#3049,10.);
#724=VECTOR('',#3050,10.);
#725=VECTOR('',#3053,10.);
#726=VECTOR('',#3056,10.);
#727=VECTOR('',#3059,10.);
#728=VECTOR('',#3062,10.);
#729=VECTOR('',#3065,10.);
#730=VECTOR('',#3068,10.);
#731=VECTOR('',#3069,10.);
#732=VECTOR('',#3072,10.);
#733=VECTOR('',#3075,10.);
#734=VECTOR('',#3080,10.);
#735=VECTOR('',#3081,10.);
#736=VECTOR('',#3084,10.);
#737=VECTOR('',#3087,10.);
#738=VECTOR('',#3090,10.);
#739=VECTOR('',#3093,10.);
#740=VECTOR('',#3096,10.);
#741=VECTOR('',#3099,10.);
#742=VECTOR('',#3104,10.);
#743=VECTOR('',#3105,10.);
#744=VECTOR('',#3108,10.);
#745=VECTOR('',#3111,10.);
#746=VECTOR('',#3114,10.);
#747=VECTOR('',#3117,10.);
#748=VECTOR('',#3120,10.);
#749=VECTOR('',#3123,10.);
#750=VECTOR('',#3128,10.);
#751=VECTOR('',#3129,10.);
#752=VECTOR('',#3132,10.);
#753=VECTOR('',#3135,10.);
#754=VECTOR('',#3138,10.);
#755=VECTOR('',#3141,10.);
#756=VECTOR('',#3144,10.);
#757=VECTOR('',#3147,10.);
#758=VECTOR('',#3152,10.);
#759=VECTOR('',#3153,10.);
#760=VECTOR('',#3156,10.);
#761=VECTOR('',#3159,10.);
#762=VECTOR('',#3162,10.);
#763=VECTOR('',#3165,10.);
#764=VECTOR('',#3168,10.);
#765=VECTOR('',#3171,10.);
#766=VECTOR('',#3176,10.);
#767=VECTOR('',#3177,10.);
#768=VECTOR('',#3180,10.);
#769=VECTOR('',#3183,10.);
#770=VECTOR('',#3186,10.);
#771=VECTOR('',#3189,10.);
#772=VECTOR('',#3192,10.);
#773=VECTOR('',#3195,10.);
#774=VECTOR('',#3200,10.);
#775=VECTOR('',#3201,10.);
#776=VECTOR('',#3204,10.);
#777=VECTOR('',#3207,10.);
#778=VECTOR('',#3210,10.);
#779=VECTOR('',#3213,10.);
#780=VECTOR('',#3216,10.);
#781=VECTOR('',#3219,10.);
#782=VECTOR('',#3230,8.5);
#783=VECTOR('',#3237,10.);
#784=VECTOR('',#3246,10.);
#785=VECTOR('',#3251,10.);
#786=VECTOR('',#3252,10.);
#787=VECTOR('',#3253,10.);
#788=VECTOR('',#3260,9.1);
#789=VECTOR('',#3275,4.15);
#790=CIRCLE('',#2413,2.);
#791=CIRCLE('',#2414,2.);
#792=CIRCLE('',#2417,2.);
#793=CIRCLE('',#2418,2.);
#794=CIRCLE('',#2421,2.);
#795=CIRCLE('',#2422,2.);
#796=CIRCLE('',#2424,2.);
#797=CIRCLE('',#2426,2.);
#798=CIRCLE('',#2430,10.);
#799=CIRCLE('',#2431,10.);
#800=CIRCLE('',#2432,10.);
#801=CIRCLE('',#2433,10.);
#802=CIRCLE('',#2434,2.85);
#803=CIRCLE('',#2435,2.95);
#804=CIRCLE('',#2436,2.95);
#805=CIRCLE('',#2437,2.85000000000001);
#806=CIRCLE('',#2439,2.85);
#807=CIRCLE('',#2441,2.95);
#808=CIRCLE('',#2443,2.95);
#809=CIRCLE('',#2445,2.85000000000001);
#810=CIRCLE('',#2447,1.55);
#811=CIRCLE('',#2449,1.55);
#812=CIRCLE('',#2451,1.55);
#813=CIRCLE('',#2453,1.55);
#814=CIRCLE('',#2455,1.55);
#815=CIRCLE('',#2457,1.55);
#816=CIRCLE('',#2458,1.55);
#817=CIRCLE('',#2460,1.55);
#818=CIRCLE('',#2462,10.);
#819=CIRCLE('',#2466,10.);
#820=CIRCLE('',#2469,10.);
#821=CIRCLE('',#2471,10.);
#822=CIRCLE('',#2481,10.);
#823=CIRCLE('',#2482,10.);
#824=CIRCLE('',#2483,10.);
#825=CIRCLE('',#2484,0.5);
#826=CIRCLE('',#2485,0.5);
#827=CIRCLE('',#2486,0.5);
#828=CIRCLE('',#2487,0.5);
#829=CIRCLE('',#2488,0.5);
#830=CIRCLE('',#2489,0.5);
#831=CIRCLE('',#2490,0.5);
#832=CIRCLE('',#2491,0.5);
#833=CIRCLE('',#2492,0.5);
#834=CIRCLE('',#2493,0.5);
#835=CIRCLE('',#2494,0.5);
#836=CIRCLE('',#2495,0.5);
#837=CIRCLE('',#2496,0.5);
#838=CIRCLE('',#2497,0.5);
#839=CIRCLE('',#2498,0.5);
#840=CIRCLE('',#2499,0.5);
#841=CIRCLE('',#2500,0.5);
#842=CIRCLE('',#2501,0.5);
#843=CIRCLE('',#2502,0.5);
#844=CIRCLE('',#2503,0.5);
#845=CIRCLE('',#2504,0.5);
#846=CIRCLE('',#2505,0.5);
#847=CIRCLE('',#2506,0.5);
#848=CIRCLE('',#2507,0.5);
#849=CIRCLE('',#2508,1.55);
#850=CIRCLE('',#2509,1.55);
#851=CIRCLE('',#2510,1.55);
#852=CIRCLE('',#2512,10.);
#853=CIRCLE('',#2513,1.55);
#854=CIRCLE('',#2515,1.55);
#855=CIRCLE('',#2517,1.55);
#856=CIRCLE('',#2519,1.55);
#857=CIRCLE('',#2521,1.55);
#858=CIRCLE('',#2523,10.);
#859=CIRCLE('',#2526,10.);
#860=CIRCLE('',#2527,10.);
#861=CIRCLE('',#2528,10.);
#862=CIRCLE('',#2529,0.5);
#863=CIRCLE('',#2530,0.5);
#864=CIRCLE('',#2531,0.5);
#865=CIRCLE('',#2532,0.5);
#866=CIRCLE('',#2533,0.5);
#867=CIRCLE('',#2534,0.5);
#868=CIRCLE('',#2535,0.5);
#869=CIRCLE('',#2536,0.5);
#870=CIRCLE('',#2537,0.5);
#871=CIRCLE('',#2538,0.5);
#872=CIRCLE('',#2539,0.5);
#873=CIRCLE('',#2540,0.5);
#874=CIRCLE('',#2541,0.5);
#875=CIRCLE('',#2542,0.5);
#876=CIRCLE('',#2543,0.5);
#877=CIRCLE('',#2544,0.5);
#878=CIRCLE('',#2545,0.5);
#879=CIRCLE('',#2546,0.5);
#880=CIRCLE('',#2547,0.5);
#881=CIRCLE('',#2548,0.5);
#882=CIRCLE('',#2549,0.5);
#883=CIRCLE('',#2550,0.5);
#884=CIRCLE('',#2551,0.5);
#885=CIRCLE('',#2552,0.5);
#886=CIRCLE('',#2613,7.);
#887=CIRCLE('',#2614,10.);
#888=CIRCLE('',#2615,10.);
#889=CIRCLE('',#2617,10.);
#890=CIRCLE('',#2620,4.15);
#891=CIRCLE('',#2621,3.2);
#892=CIRCLE('',#2624,9.1);
#893=CIRCLE('',#2626,9.1);
#894=CIRCLE('',#2628,4.15);
#895=CIRCLE('',#2630,3.2);
#896=VERTEX_POINT('',#3285);
#897=VERTEX_POINT('',#3286);
#898=VERTEX_POINT('',#3288);
#899=VERTEX_POINT('',#3290);
#900=VERTEX_POINT('',#3294);
#901=VERTEX_POINT('',#3296);
#902=VERTEX_POINT('',#3298);
#903=VERTEX_POINT('',#3302);
#904=VERTEX_POINT('',#3303);
#905=VERTEX_POINT('',#3305);
#906=VERTEX_POINT('',#3307);
#907=VERTEX_POINT('',#3311);
#908=VERTEX_POINT('',#3313);
#909=VERTEX_POINT('',#3315);
#910=VERTEX_POINT('',#3319);
#911=VERTEX_POINT('',#3321);
#912=VERTEX_POINT('',#3323);
#913=VERTEX_POINT('',#3325);
#914=VERTEX_POINT('',#3327);
#915=VERTEX_POINT('',#3330);
#916=VERTEX_POINT('',#3334);
#917=VERTEX_POINT('',#3338);
#918=VERTEX_POINT('',#3347);
#919=VERTEX_POINT('',#3349);
#920=VERTEX_POINT('',#3351);
#921=VERTEX_POINT('',#3353);
#922=VERTEX_POINT('',#3355);
#923=VERTEX_POINT('',#3357);
#924=VERTEX_POINT('',#3360);
#925=VERTEX_POINT('',#3362);
#926=VERTEX_POINT('',#3364);
#927=VERTEX_POINT('',#3366);
#928=VERTEX_POINT('',#3369);
#929=VERTEX_POINT('',#3373);
#930=VERTEX_POINT('',#3377);
#931=VERTEX_POINT('',#3381);
#932=VERTEX_POINT('',#3385);
#933=VERTEX_POINT('',#3388);
#934=VERTEX_POINT('',#3391);
#935=VERTEX_POINT('',#3394);
#936=VERTEX_POINT('',#3398);
#937=VERTEX_POINT('',#3402);
#938=VERTEX_POINT('',#3404);
#939=VERTEX_POINT('',#3408);
#940=VERTEX_POINT('',#3412);
#941=VERTEX_POINT('',#3413);
#942=VERTEX_POINT('',#3418);
#943=VERTEX_POINT('',#3423);
#944=VERTEX_POINT('',#3427);
#945=VERTEX_POINT('',#3433);
#946=VERTEX_POINT('',#3439);
#947=VERTEX_POINT('',#3440);
#948=VERTEX_POINT('',#3442);
#949=VERTEX_POINT('',#3445);
#950=VERTEX_POINT('',#3449);
#951=VERTEX_POINT('',#3451);
#952=VERTEX_POINT('',#3455);
#953=VERTEX_POINT('',#3459);
#954=VERTEX_POINT('',#3546);
#955=VERTEX_POINT('',#3547);
#956=VERTEX_POINT('',#3554);
#957=VERTEX_POINT('',#3562);
#958=VERTEX_POINT('',#3588);
#959=VERTEX_POINT('',#3590);
#960=VERTEX_POINT('',#3592);
#961=VERTEX_POINT('',#3594);
#962=VERTEX_POINT('',#3596);
#963=VERTEX_POINT('',#3598);
#964=VERTEX_POINT('',#3601);
#965=VERTEX_POINT('',#3602);
#966=VERTEX_POINT('',#3604);
#967=VERTEX_POINT('',#3606);
#968=VERTEX_POINT('',#3609);
#969=VERTEX_POINT('',#3610);
#970=VERTEX_POINT('',#3612);
#971=VERTEX_POINT('',#3614);
#972=VERTEX_POINT('',#3616);
#973=VERTEX_POINT('',#3618);
#974=VERTEX_POINT('',#3620);
#975=VERTEX_POINT('',#3622);
#976=VERTEX_POINT('',#3625);
#977=VERTEX_POINT('',#3626);
#978=VERTEX_POINT('',#3628);
#979=VERTEX_POINT('',#3630);
#980=VERTEX_POINT('',#3632);
#981=VERTEX_POINT('',#3634);
#982=VERTEX_POINT('',#3636);
#983=VERTEX_POINT('',#3638);
#984=VERTEX_POINT('',#3641);
#985=VERTEX_POINT('',#3642);
#986=VERTEX_POINT('',#3644);
#987=VERTEX_POINT('',#3646);
#988=VERTEX_POINT('',#3648);
#989=VERTEX_POINT('',#3650);
#990=VERTEX_POINT('',#3652);
#991=VERTEX_POINT('',#3654);
#992=VERTEX_POINT('',#3657);
#993=VERTEX_POINT('',#3658);
#994=VERTEX_POINT('',#3660);
#995=VERTEX_POINT('',#3662);
#996=VERTEX_POINT('',#3664);
#997=VERTEX_POINT('',#3666);
#998=VERTEX_POINT('',#3668);
#999=VERTEX_POINT('',#3670);
#1000=VERTEX_POINT('',#3673);
#1001=VERTEX_POINT('',#3674);
#1002=VERTEX_POINT('',#3676);
#1003=VERTEX_POINT('',#3678);
#1004=VERTEX_POINT('',#3680);
#1005=VERTEX_POINT('',#3682);
#1006=VERTEX_POINT('',#3684);
#1007=VERTEX_POINT('',#3686);
#1008=VERTEX_POINT('',#3689);
#1009=VERTEX_POINT('',#3690);
#1010=VERTEX_POINT('',#3692);
#1011=VERTEX_POINT('',#3694);
#1012=VERTEX_POINT('',#3696);
#1013=VERTEX_POINT('',#3698);
#1014=VERTEX_POINT('',#3700);
#1015=VERTEX_POINT('',#3702);
#1016=VERTEX_POINT('',#3705);
#1017=VERTEX_POINT('',#3707);
#1018=VERTEX_POINT('',#3709);
#1019=VERTEX_POINT('',#3712);
#1020=VERTEX_POINT('',#3714);
#1021=VERTEX_POINT('',#3717);
#1022=VERTEX_POINT('',#3720);
#1023=VERTEX_POINT('',#3724);
#1024=VERTEX_POINT('',#3728);
#1025=VERTEX_POINT('',#3732);
#1026=VERTEX_POINT('',#3736);
#1027=VERTEX_POINT('',#3738);
#1028=VERTEX_POINT('',#3742);
#1029=VERTEX_POINT('',#3746);
#1030=VERTEX_POINT('',#3748);
#1031=VERTEX_POINT('',#3750);
#1032=VERTEX_POINT('',#3752);
#1033=VERTEX_POINT('',#3754);
#1034=VERTEX_POINT('',#3757);
#1035=VERTEX_POINT('',#3758);
#1036=VERTEX_POINT('',#3760);
#1037=VERTEX_POINT('',#3762);
#1038=VERTEX_POINT('',#3764);
#1039=VERTEX_POINT('',#3766);
#1040=VERTEX_POINT('',#3768);
#1041=VERTEX_POINT('',#3770);
#1042=VERTEX_POINT('',#3773);
#1043=VERTEX_POINT('',#3774);
#1044=VERTEX_POINT('',#3776);
#1045=VERTEX_POINT('',#3778);
#1046=VERTEX_POINT('',#3780);
#1047=VERTEX_POINT('',#3782);
#1048=VERTEX_POINT('',#3784);
#1049=VERTEX_POINT('',#3786);
#1050=VERTEX_POINT('',#3789);
#1051=VERTEX_POINT('',#3790);
#1052=VERTEX_POINT('',#3792);
#1053=VERTEX_POINT('',#3794);
#1054=VERTEX_POINT('',#3796);
#1055=VERTEX_POINT('',#3798);
#1056=VERTEX_POINT('',#3800);
#1057=VERTEX_POINT('',#3802);
#1058=VERTEX_POINT('',#3805);
#1059=VERTEX_POINT('',#3806);
#1060=VERTEX_POINT('',#3808);
#1061=VERTEX_POINT('',#3810);
#1062=VERTEX_POINT('',#3812);
#1063=VERTEX_POINT('',#3814);
#1064=VERTEX_POINT('',#3816);
#1065=VERTEX_POINT('',#3818);
#1066=VERTEX_POINT('',#3821);
#1067=VERTEX_POINT('',#3822);
#1068=VERTEX_POINT('',#3824);
#1069=VERTEX_POINT('',#3826);
#1070=VERTEX_POINT('',#3828);
#1071=VERTEX_POINT('',#3830);
#1072=VERTEX_POINT('',#3832);
#1073=VERTEX_POINT('',#3834);
#1074=VERTEX_POINT('',#3837);
#1075=VERTEX_POINT('',#3838);
#1076=VERTEX_POINT('',#3840);
#1077=VERTEX_POINT('',#3842);
#1078=VERTEX_POINT('',#3844);
#1079=VERTEX_POINT('',#3846);
#1080=VERTEX_POINT('',#3848);
#1081=VERTEX_POINT('',#3850);
#1082=VERTEX_POINT('',#3853);
#1083=VERTEX_POINT('',#3854);
#1084=VERTEX_POINT('',#3856);
#1085=VERTEX_POINT('',#3858);
#1086=VERTEX_POINT('',#3978);
#1087=VERTEX_POINT('',#3980);
#1088=VERTEX_POINT('',#3982);
#1089=VERTEX_POINT('',#3986);
#1090=VERTEX_POINT('',#3991);
#1091=VERTEX_POINT('',#3993);
#1092=VERTEX_POINT('',#3994);
#1093=VERTEX_POINT('',#3998);
#1094=VERTEX_POINT('',#4000);
#1095=VERTEX_POINT('',#4004);
#1096=VERTEX_POINT('',#4007);
#1097=VERTEX_POINT('',#4011);
#1098=EDGE_CURVE('',#896,#897,#790,.T.);
#1099=EDGE_CURVE('',#897,#898,#402,.T.);
#1100=EDGE_CURVE('',#898,#899,#791,.T.);
#1101=EDGE_CURVE('',#899,#896,#403,.T.);
#1102=EDGE_CURVE('',#900,#897,#404,.T.);
#1103=EDGE_CURVE('',#901,#900,#405,.T.);
#1104=EDGE_CURVE('',#901,#902,#406,.T.);
#1105=EDGE_CURVE('',#898,#902,#407,.T.);
#1106=EDGE_CURVE('',#903,#904,#792,.T.);
#1107=EDGE_CURVE('',#904,#905,#408,.T.);
#1108=EDGE_CURVE('',#905,#906,#793,.F.);
#1109=EDGE_CURVE('',#906,#903,#409,.T.);
#1110=EDGE_CURVE('',#907,#904,#410,.T.);
#1111=EDGE_CURVE('',#908,#907,#411,.T.);
#1112=EDGE_CURVE('',#909,#908,#412,.T.);
#1113=EDGE_CURVE('',#909,#905,#413,.T.);
#1114=EDGE_CURVE('',#910,#903,#414,.T.);
#1115=EDGE_CURVE('',#911,#910,#415,.T.);
#1116=EDGE_CURVE('',#912,#911,#416,.T.);
#1117=EDGE_CURVE('',#913,#912,#417,.T.);
#1118=EDGE_CURVE('',#914,#913,#418,.T.);
#1119=EDGE_CURVE('',#900,#914,#794,.T.);
#1120=EDGE_CURVE('',#896,#915,#419,.T.);
#1121=EDGE_CURVE('',#907,#915,#795,.T.);
#1122=EDGE_CURVE('',#914,#916,#420,.T.);
#1123=EDGE_CURVE('',#916,#901,#796,.F.);
#1124=EDGE_CURVE('',#915,#917,#421,.T.);
#1125=EDGE_CURVE('',#917,#908,#797,.T.);
#1126=EDGE_CURVE('',#917,#899,#422,.T.);
#1127=EDGE_CURVE('',#909,#902,#423,.T.);
#1128=EDGE_CURVE('',#906,#916,#424,.T.);
#1129=EDGE_CURVE('',#913,#918,#798,.T.);
#1130=EDGE_CURVE('',#918,#919,#425,.T.);
#1131=EDGE_CURVE('',#919,#920,#799,.T.);
#1132=EDGE_CURVE('',#920,#921,#426,.T.);
#1133=EDGE_CURVE('',#921,#922,#800,.T.);
#1134=EDGE_CURVE('',#922,#923,#427,.T.);
#1135=EDGE_CURVE('',#923,#910,#801,.T.);
#1136=EDGE_CURVE('',#924,#924,#802,.T.);
#1137=EDGE_CURVE('',#925,#925,#803,.T.);
#1138=EDGE_CURVE('',#926,#926,#804,.T.);
#1139=EDGE_CURVE('',#927,#927,#805,.T.);
#1140=EDGE_CURVE('',#924,#928,#428,.T.);
#1141=EDGE_CURVE('',#928,#928,#806,.T.);
#1142=EDGE_CURVE('',#925,#929,#429,.T.);
#1143=EDGE_CURVE('',#929,#929,#807,.T.);
#1144=EDGE_CURVE('',#926,#930,#430,.T.);
#1145=EDGE_CURVE('',#930,#930,#808,.T.);
#1146=EDGE_CURVE('',#927,#931,#431,.T.);
#1147=EDGE_CURVE('',#931,#931,#809,.T.);
#1148=EDGE_CURVE('',#932,#932,#810,.T.);
#1149=EDGE_CURVE('',#933,#933,#811,.T.);
#1150=EDGE_CURVE('',#934,#934,#812,.T.);
#1151=EDGE_CURVE('',#932,#935,#432,.T.);
#1152=EDGE_CURVE('',#935,#935,#813,.T.);
#1153=EDGE_CURVE('',#934,#936,#433,.T.);
#1154=EDGE_CURVE('',#936,#936,#814,.T.);
#1155=EDGE_CURVE('',#937,#937,#815,.T.);
#1156=EDGE_CURVE('',#937,#938,#434,.T.);
#1157=EDGE_CURVE('',#938,#938,#816,.T.);
#1158=EDGE_CURVE('',#933,#939,#435,.T.);
#1159=EDGE_CURVE('',#939,#939,#817,.T.);
#1160=EDGE_CURVE('',#940,#941,#818,.T.);
#1161=EDGE_CURVE('',#941,#922,#436,.T.);
#1162=EDGE_CURVE('',#921,#940,#437,.T.);
#1163=EDGE_CURVE('',#942,#920,#438,.T.);
#1164=EDGE_CURVE('',#940,#942,#439,.T.);
#1165=EDGE_CURVE('',#919,#943,#440,.T.);
#1166=EDGE_CURVE('',#943,#942,#819,.T.);
#1167=EDGE_CURVE('',#944,#918,#441,.T.);
#1168=EDGE_CURVE('',#943,#944,#442,.T.);
#1169=EDGE_CURVE('',#912,#944,#820,.T.);
#1170=EDGE_CURVE('',#945,#911,#821,.T.);
#1171=EDGE_CURVE('',#923,#945,#443,.T.);
#1172=EDGE_CURVE('',#945,#941,#444,.T.);
#1173=EDGE_CURVE('',#946,#947,#445,.T.);
#1174=EDGE_CURVE('',#948,#946,#446,.T.);
#1175=EDGE_CURVE('',#902,#948,#447,.T.);
#1176=EDGE_CURVE('',#949,#909,#448,.T.);
#1177=EDGE_CURVE('',#947,#949,#449,.T.);
#1178=EDGE_CURVE('',#947,#950,#450,.T.);
#1179=EDGE_CURVE('',#951,#950,#451,.T.);
#1180=EDGE_CURVE('',#946,#951,#452,.T.);
#1181=EDGE_CURVE('',#952,#951,#453,.T.);
#1182=EDGE_CURVE('',#948,#952,#454,.T.);
#1183=EDGE_CURVE('',#953,#952,#455,.T.);
#1184=EDGE_CURVE('',#949,#953,#456,.T.);
#1185=EDGE_CURVE('',#950,#953,#457,.T.);
#1186=EDGE_CURVE('',#954,#955,#24,.T.);
#1187=EDGE_CURVE('',#956,#955,#25,.T.);
#1188=EDGE_CURVE('',#956,#957,#26,.T.);
#1189=EDGE_CURVE('',#957,#954,#27,.T.);
#1190=EDGE_CURVE('',#957,#958,#458,.T.);
#1191=EDGE_CURVE('',#959,#958,#822,.T.);
#1192=EDGE_CURVE('',#959,#960,#459,.T.);
#1193=EDGE_CURVE('',#961,#960,#823,.T.);
#1194=EDGE_CURVE('',#961,#962,#460,.T.);
#1195=EDGE_CURVE('',#963,#962,#824,.T.);
#1196=EDGE_CURVE('',#963,#954,#461,.T.);
#1197=EDGE_CURVE('',#964,#965,#462,.T.);
#1198=EDGE_CURVE('',#965,#966,#463,.T.);
#1199=EDGE_CURVE('',#966,#967,#464,.T.);
#1200=EDGE_CURVE('',#967,#964,#465,.T.);
#1201=EDGE_CURVE('',#968,#969,#825,.T.);
#1202=EDGE_CURVE('',#969,#970,#466,.T.);
#1203=EDGE_CURVE('',#970,#971,#826,.T.);
#1204=EDGE_CURVE('',#971,#972,#467,.T.);
#1205=EDGE_CURVE('',#972,#973,#827,.T.);
#1206=EDGE_CURVE('',#973,#974,#468,.T.);
#1207=EDGE_CURVE('',#974,#975,#828,.T.);
#1208=EDGE_CURVE('',#975,#968,#469,.T.);
#1209=EDGE_CURVE('',#976,#977,#829,.T.);
#1210=EDGE_CURVE('',#977,#978,#470,.T.);
#1211=EDGE_CURVE('',#978,#979,#830,.T.);
#1212=EDGE_CURVE('',#979,#980,#471,.T.);
#1213=EDGE_CURVE('',#980,#981,#831,.T.);
#1214=EDGE_CURVE('',#981,#982,#472,.T.);
#1215=EDGE_CURVE('',#982,#983,#832,.T.);
#1216=EDGE_CURVE('',#983,#976,#473,.T.);
#1217=EDGE_CURVE('',#984,#985,#474,.T.);
#1218=EDGE_CURVE('',#985,#986,#833,.T.);
#1219=EDGE_CURVE('',#986,#987,#475,.T.);
#1220=EDGE_CURVE('',#987,#988,#834,.T.);
#1221=EDGE_CURVE('',#988,#989,#476,.T.);
#1222=EDGE_CURVE('',#989,#990,#835,.T.);
#1223=EDGE_CURVE('',#990,#991,#477,.T.);
#1224=EDGE_CURVE('',#991,#984,#836,.T.);
#1225=EDGE_CURVE('',#992,#993,#837,.T.);
#1226=EDGE_CURVE('',#993,#994,#478,.T.);
#1227=EDGE_CURVE('',#994,#995,#838,.T.);
#1228=EDGE_CURVE('',#995,#996,#479,.T.);
#1229=EDGE_CURVE('',#996,#997,#839,.T.);
#1230=EDGE_CURVE('',#997,#998,#480,.T.);
#1231=EDGE_CURVE('',#998,#999,#840,.T.);
#1232=EDGE_CURVE('',#999,#992,#481,.T.);
#1233=EDGE_CURVE('',#1000,#1001,#482,.T.);
#1234=EDGE_CURVE('',#1001,#1002,#841,.T.);
#1235=EDGE_CURVE('',#1002,#1003,#483,.T.);
#1236=EDGE_CURVE('',#1003,#1004,#842,.T.);
#1237=EDGE_CURVE('',#1004,#1005,#484,.T.);
#1238=EDGE_CURVE('',#1005,#1006,#843,.T.);
#1239=EDGE_CURVE('',#1006,#1007,#485,.T.);
#1240=EDGE_CURVE('',#1007,#1000,#844,.T.);
#1241=EDGE_CURVE('',#1008,#1009,#486,.T.);
#1242=EDGE_CURVE('',#1009,#1010,#845,.T.);
#1243=EDGE_CURVE('',#1010,#1011,#487,.T.);
#1244=EDGE_CURVE('',#1011,#1012,#846,.T.);
#1245=EDGE_CURVE('',#1012,#1013,#488,.T.);
#1246=EDGE_CURVE('',#1013,#1014,#847,.T.);
#1247=EDGE_CURVE('',#1014,#1015,#489,.T.);
#1248=EDGE_CURVE('',#1015,#1008,#848,.T.);
#1249=EDGE_CURVE('',#1016,#1016,#849,.T.);
#1250=EDGE_CURVE('',#1017,#1017,#850,.T.);
#1251=EDGE_CURVE('',#1018,#1018,#851,.T.);
#1252=EDGE_CURVE('',#1019,#956,#490,.T.);
#1253=EDGE_CURVE('',#955,#1020,#491,.T.);
#1254=EDGE_CURVE('',#1020,#1019,#852,.T.);
#1255=EDGE_CURVE('',#1021,#1021,#853,.T.);
#1256=EDGE_CURVE('',#1018,#1022,#492,.T.);
#1257=EDGE_CURVE('',#1022,#1022,#854,.T.);
#1258=EDGE_CURVE('',#1017,#1023,#493,.T.);
#1259=EDGE_CURVE('',#1023,#1023,#855,.T.);
#1260=EDGE_CURVE('',#1016,#1024,#494,.T.);
#1261=EDGE_CURVE('',#1024,#1024,#856,.T.);
#1262=EDGE_CURVE('',#1021,#1025,#495,.T.);
#1263=EDGE_CURVE('',#1025,#1025,#857,.T.);
#1264=EDGE_CURVE('',#960,#1026,#496,.T.);
#1265=EDGE_CURVE('',#1026,#1027,#858,.T.);
#1266=EDGE_CURVE('',#1027,#961,#497,.T.);
#1267=EDGE_CURVE('',#1027,#1028,#498,.T.);
#1268=EDGE_CURVE('',#962,#1028,#499,.T.);
#1269=EDGE_CURVE('',#1029,#1026,#500,.T.);
#1270=EDGE_CURVE('',#1030,#1029,#859,.T.);
#1271=EDGE_CURVE('',#1031,#1030,#501,.T.);
#1272=EDGE_CURVE('',#1032,#1031,#860,.T.);
#1273=EDGE_CURVE('',#1033,#1032,#502,.T.);
#1274=EDGE_CURVE('',#1028,#1033,#861,.T.);
#1275=EDGE_CURVE('',#1034,#1035,#503,.T.);
#1276=EDGE_CURVE('',#1036,#1034,#862,.T.);
#1277=EDGE_CURVE('',#1037,#1036,#504,.T.);
#1278=EDGE_CURVE('',#1038,#1037,#863,.T.);
#1279=EDGE_CURVE('',#1039,#1038,#505,.T.);
#1280=EDGE_CURVE('',#1040,#1039,#864,.T.);
#1281=EDGE_CURVE('',#1041,#1040,#506,.T.);
#1282=EDGE_CURVE('',#1035,#1041,#865,.T.);
#1283=EDGE_CURVE('',#1042,#1043,#507,.T.);
#1284=EDGE_CURVE('',#1044,#1042,#866,.T.);
#1285=EDGE_CURVE('',#1045,#1044,#508,.T.);
#1286=EDGE_CURVE('',#1046,#1045,#867,.T.);
#1287=EDGE_CURVE('',#1047,#1046,#509,.T.);
#1288=EDGE_CURVE('',#1048,#1047,#868,.T.);
#1289=EDGE_CURVE('',#1049,#1048,#510,.T.);
#1290=EDGE_CURVE('',#1043,#1049,#869,.T.);
#1291=EDGE_CURVE('',#1050,#1051,#870,.T.);
#1292=EDGE_CURVE('',#1052,#1050,#511,.T.);
#1293=EDGE_CURVE('',#1053,#1052,#871,.T.);
#1294=EDGE_CURVE('',#1054,#1053,#512,.T.);
#1295=EDGE_CURVE('',#1055,#1054,#872,.T.);
#1296=EDGE_CURVE('',#1056,#1055,#513,.T.);
#1297=EDGE_CURVE('',#1057,#1056,#873,.T.);
#1298=EDGE_CURVE('',#1051,#1057,#514,.T.);
#1299=EDGE_CURVE('',#1058,#1059,#515,.T.);
#1300=EDGE_CURVE('',#1060,#1058,#874,.T.);
#1301=EDGE_CURVE('',#1061,#1060,#516,.T.);
#1302=EDGE_CURVE('',#1062,#1061,#875,.T.);
#1303=EDGE_CURVE('',#1063,#1062,#517,.T.);
#1304=EDGE_CURVE('',#1064,#1063,#876,.T.);
#1305=EDGE_CURVE('',#1065,#1064,#518,.T.);
#1306=EDGE_CURVE('',#1059,#1065,#877,.T.);
#1307=EDGE_CURVE('',#1066,#1067,#878,.T.);
#1308=EDGE_CURVE('',#1068,#1066,#519,.T.);
#1309=EDGE_CURVE('',#1069,#1068,#879,.T.);
#1310=EDGE_CURVE('',#1070,#1069,#520,.T.);
#1311=EDGE_CURVE('',#1071,#1070,#880,.T.);
#1312=EDGE_CURVE('',#1072,#1071,#521,.T.);
#1313=EDGE_CURVE('',#1073,#1072,#881,.T.);
#1314=EDGE_CURVE('',#1067,#1073,#522,.T.);
#1315=EDGE_CURVE('',#1074,#1075,#882,.T.);
#1316=EDGE_CURVE('',#1076,#1074,#523,.T.);
#1317=EDGE_CURVE('',#1077,#1076,#883,.T.);
#1318=EDGE_CURVE('',#1078,#1077,#524,.T.);
#1319=EDGE_CURVE('',#1079,#1078,#884,.T.);
#1320=EDGE_CURVE('',#1080,#1079,#525,.T.);
#1321=EDGE_CURVE('',#1081,#1080,#885,.T.);
#1322=EDGE_CURVE('',#1075,#1081,#526,.T.);
#1323=EDGE_CURVE('',#1082,#1083,#527,.T.);
#1324=EDGE_CURVE('',#1084,#1082,#528,.T.);
#1325=EDGE_CURVE('',#1085,#1084,#529,.T.);
#1326=EDGE_CURVE('',#1083,#1085,#530,.T.);
#1327=EDGE_CURVE('',#1033,#963,#531,.T.);
#1328=EDGE_CURVE('',#1020,#1032,#532,.T.);
#1329=EDGE_CURVE('',#1031,#1019,#533,.T.);
#1330=EDGE_CURVE('',#958,#1030,#534,.T.);
#1331=EDGE_CURVE('',#1029,#959,#535,.T.);
#1332=EDGE_CURVE('',#1082,#964,#536,.T.);
#1333=EDGE_CURVE('',#1084,#967,#537,.T.);
#1334=EDGE_CURVE('',#1085,#966,#538,.T.);
#1335=EDGE_CURVE('',#1083,#965,#539,.T.);
#1336=EDGE_CURVE('',#1074,#968,#540,.T.);
#1337=EDGE_CURVE('',#1076,#975,#541,.T.);
#1338=EDGE_CURVE('',#1077,#974,#542,.T.);
#1339=EDGE_CURVE('',#1078,#973,#543,.T.);
#1340=EDGE_CURVE('',#1079,#972,#544,.T.);
#1341=EDGE_CURVE('',#1080,#971,#545,.T.);
#1342=EDGE_CURVE('',#1081,#970,#546,.T.);
#1343=EDGE_CURVE('',#1075,#969,#547,.T.);
#1344=EDGE_CURVE('',#1066,#976,#548,.T.);
#1345=EDGE_CURVE('',#1068,#983,#549,.T.);
#1346=EDGE_CURVE('',#1069,#982,#550,.T.);
#1347=EDGE_CURVE('',#1070,#981,#551,.T.);
#1348=EDGE_CURVE('',#1071,#980,#552,.T.);
#1349=EDGE_CURVE('',#1072,#979,#553,.T.);
#1350=EDGE_CURVE('',#1073,#978,#554,.T.);
#1351=EDGE_CURVE('',#1067,#977,#555,.T.);
#1352=EDGE_CURVE('',#1058,#984,#556,.T.);
#1353=EDGE_CURVE('',#1060,#991,#557,.T.);
#1354=EDGE_CURVE('',#1061,#990,#558,.T.);
#1355=EDGE_CURVE('',#1062,#989,#559,.T.);
#1356=EDGE_CURVE('',#1063,#988,#560,.T.);
#1357=EDGE_CURVE('',#1064,#987,#561,.T.);
#1358=EDGE_CURVE('',#1065,#986,#562,.T.);
#1359=EDGE_CURVE('',#1059,#985,#563,.T.);
#1360=EDGE_CURVE('',#1050,#992,#564,.T.);
#1361=EDGE_CURVE('',#1052,#999,#565,.T.);
#1362=EDGE_CURVE('',#1053,#998,#566,.T.);
#1363=EDGE_CURVE('',#1054,#997,#567,.T.);
#1364=EDGE_CURVE('',#1055,#996,#568,.T.);
#1365=EDGE_CURVE('',#1056,#995,#569,.T.);
#1366=EDGE_CURVE('',#1057,#994,#570,.T.);
#1367=EDGE_CURVE('',#1051,#993,#571,.T.);
#1368=EDGE_CURVE('',#1042,#1000,#572,.T.);
#1369=EDGE_CURVE('',#1044,#1007,#573,.T.);
#1370=EDGE_CURVE('',#1045,#1006,#574,.T.);
#1371=EDGE_CURVE('',#1046,#1005,#575,.T.);
#1372=EDGE_CURVE('',#1047,#1004,#576,.T.);
#1373=EDGE_CURVE('',#1048,#1003,#577,.T.);
#1374=EDGE_CURVE('',#1049,#1002,#578,.T.);
#1375=EDGE_CURVE('',#1043,#1001,#579,.T.);
#1376=EDGE_CURVE('',#1034,#1008,#580,.T.);
#1377=EDGE_CURVE('',#1036,#1015,#581,.T.);
#1378=EDGE_CURVE('',#1037,#1014,#582,.T.);
#1379=EDGE_CURVE('',#1038,#1013,#583,.T.);
#1380=EDGE_CURVE('',#1039,#1012,#584,.T.);
#1381=EDGE_CURVE('',#1040,#1011,#585,.T.);
#1382=EDGE_CURVE('',#1041,#1010,#586,.T.);
#1383=EDGE_CURVE('',#1035,#1009,#587,.T.);
#1384=EDGE_CURVE('',#1086,#1086,#886,.T.);
#1385=EDGE_CURVE('',#1086,#1087,#588,.T.);
#1386=EDGE_CURVE('',#1087,#1088,#887,.T.);
#1387=EDGE_CURVE('',#1088,#1087,#888,.T.);
#1388=EDGE_CURVE('',#1088,#1089,#589,.T.);
#1389=EDGE_CURVE('',#1089,#1089,#889,.T.);
#1390=EDGE_CURVE('',#1090,#1090,#890,.T.);
#1391=EDGE_CURVE('',#1091,#1092,#590,.T.);
#1392=EDGE_CURVE('',#1092,#1091,#891,.T.);
#1393=EDGE_CURVE('',#1092,#1093,#591,.T.);
#1394=EDGE_CURVE('',#1093,#1094,#592,.T.);
#1395=EDGE_CURVE('',#1091,#1094,#593,.T.);
#1396=EDGE_CURVE('',#1095,#1095,#892,.T.);
#1397=EDGE_CURVE('',#1095,#1096,#594,.T.);
#1398=EDGE_CURVE('',#1096,#1096,#893,.T.);
#1399=EDGE_CURVE('',#1097,#1097,#894,.T.);
#1400=EDGE_CURVE('',#1094,#1093,#895,.T.);
#1401=EDGE_CURVE('',#1097,#1090,#595,.T.);
#1402=ORIENTED_EDGE('',*,*,#1098,.T.);
#1403=ORIENTED_EDGE('',*,*,#1099,.T.);
#1404=ORIENTED_EDGE('',*,*,#1100,.T.);
#1405=ORIENTED_EDGE('',*,*,#1101,.T.);
#1406=ORIENTED_EDGE('',*,*,#1099,.F.);
#1407=ORIENTED_EDGE('',*,*,#1102,.F.);
#1408=ORIENTED_EDGE('',*,*,#1103,.F.);
#1409=ORIENTED_EDGE('',*,*,#1104,.T.);
#1410=ORIENTED_EDGE('',*,*,#1105,.F.);
#1411=ORIENTED_EDGE('',*,*,#1106,.T.);
#1412=ORIENTED_EDGE('',*,*,#1107,.T.);
#1413=ORIENTED_EDGE('',*,*,#1108,.T.);
#1414=ORIENTED_EDGE('',*,*,#1109,.T.);
#1415=ORIENTED_EDGE('',*,*,#1107,.F.);
#1416=ORIENTED_EDGE('',*,*,#1110,.F.);
#1417=ORIENTED_EDGE('',*,*,#1111,.F.);
#1418=ORIENTED_EDGE('',*,*,#1112,.F.);
#1419=ORIENTED_EDGE('',*,*,#1113,.T.);
#1420=ORIENTED_EDGE('',*,*,#1106,.F.);
#1421=ORIENTED_EDGE('',*,*,#1114,.F.);
#1422=ORIENTED_EDGE('',*,*,#1115,.F.);
#1423=ORIENTED_EDGE('',*,*,#1116,.F.);
#1424=ORIENTED_EDGE('',*,*,#1117,.F.);
#1425=ORIENTED_EDGE('',*,*,#1118,.F.);
#1426=ORIENTED_EDGE('',*,*,#1119,.F.);
#1427=ORIENTED_EDGE('',*,*,#1102,.T.);
#1428=ORIENTED_EDGE('',*,*,#1098,.F.);
#1429=ORIENTED_EDGE('',*,*,#1120,.T.);
#1430=ORIENTED_EDGE('',*,*,#1121,.F.);
#1431=ORIENTED_EDGE('',*,*,#1110,.T.);
#1432=ORIENTED_EDGE('',*,*,#1119,.T.);
#1433=ORIENTED_EDGE('',*,*,#1122,.T.);
#1434=ORIENTED_EDGE('',*,*,#1123,.T.);
#1435=ORIENTED_EDGE('',*,*,#1103,.T.);
#1436=ORIENTED_EDGE('',*,*,#1121,.T.);
#1437=ORIENTED_EDGE('',*,*,#1124,.T.);
#1438=ORIENTED_EDGE('',*,*,#1125,.T.);
#1439=ORIENTED_EDGE('',*,*,#1111,.T.);
#1440=ORIENTED_EDGE('',*,*,#1101,.F.);
#1441=ORIENTED_EDGE('',*,*,#1126,.F.);
#1442=ORIENTED_EDGE('',*,*,#1124,.F.);
#1443=ORIENTED_EDGE('',*,*,#1120,.F.);
#1444=ORIENTED_EDGE('',*,*,#1127,.T.);
#1445=ORIENTED_EDGE('',*,*,#1104,.F.);
#1446=ORIENTED_EDGE('',*,*,#1123,.F.);
#1447=ORIENTED_EDGE('',*,*,#1128,.F.);
#1448=ORIENTED_EDGE('',*,*,#1108,.F.);
#1449=ORIENTED_EDGE('',*,*,#1113,.F.);
#1450=ORIENTED_EDGE('',*,*,#1128,.T.);
#1451=ORIENTED_EDGE('',*,*,#1122,.F.);
#1452=ORIENTED_EDGE('',*,*,#1118,.T.);
#1453=ORIENTED_EDGE('',*,*,#1129,.T.);
#1454=ORIENTED_EDGE('',*,*,#1130,.T.);
#1455=ORIENTED_EDGE('',*,*,#1131,.T.);
#1456=ORIENTED_EDGE('',*,*,#1132,.T.);
#1457=ORIENTED_EDGE('',*,*,#1133,.T.);
#1458=ORIENTED_EDGE('',*,*,#1134,.T.);
#1459=ORIENTED_EDGE('',*,*,#1135,.T.);
#1460=ORIENTED_EDGE('',*,*,#1114,.T.);
#1461=ORIENTED_EDGE('',*,*,#1109,.F.);
#1462=ORIENTED_EDGE('',*,*,#1136,.T.);
#1463=ORIENTED_EDGE('',*,*,#1137,.T.);
#1464=ORIENTED_EDGE('',*,*,#1138,.T.);
#1465=ORIENTED_EDGE('',*,*,#1139,.T.);
#1466=ORIENTED_EDGE('',*,*,#1136,.F.);
#1467=ORIENTED_EDGE('',*,*,#1140,.T.);
#1468=ORIENTED_EDGE('',*,*,#1141,.F.);
#1469=ORIENTED_EDGE('',*,*,#1140,.F.);
#1470=ORIENTED_EDGE('',*,*,#1137,.F.);
#1471=ORIENTED_EDGE('',*,*,#1142,.T.);
#1472=ORIENTED_EDGE('',*,*,#1143,.F.);
#1473=ORIENTED_EDGE('',*,*,#1142,.F.);
#1474=ORIENTED_EDGE('',*,*,#1138,.F.);
#1475=ORIENTED_EDGE('',*,*,#1144,.T.);
#1476=ORIENTED_EDGE('',*,*,#1145,.F.);
#1477=ORIENTED_EDGE('',*,*,#1144,.F.);
#1478=ORIENTED_EDGE('',*,*,#1139,.F.);
#1479=ORIENTED_EDGE('',*,*,#1146,.T.);
#1480=ORIENTED_EDGE('',*,*,#1147,.F.);
#1481=ORIENTED_EDGE('',*,*,#1146,.F.);
#1482=ORIENTED_EDGE('',*,*,#1147,.T.);
#1483=ORIENTED_EDGE('',*,*,#1148,.T.);
#1484=ORIENTED_EDGE('',*,*,#1145,.T.);
#1485=ORIENTED_EDGE('',*,*,#1149,.T.);
#1486=ORIENTED_EDGE('',*,*,#1143,.T.);
#1487=ORIENTED_EDGE('',*,*,#1150,.T.);
#1488=ORIENTED_EDGE('',*,*,#1148,.F.);
#1489=ORIENTED_EDGE('',*,*,#1151,.T.);
#1490=ORIENTED_EDGE('',*,*,#1152,.F.);
#1491=ORIENTED_EDGE('',*,*,#1151,.F.);
#1492=ORIENTED_EDGE('',*,*,#1150,.F.);
#1493=ORIENTED_EDGE('',*,*,#1153,.T.);
#1494=ORIENTED_EDGE('',*,*,#1154,.F.);
#1495=ORIENTED_EDGE('',*,*,#1153,.F.);
#1496=ORIENTED_EDGE('',*,*,#1155,.F.);
#1497=ORIENTED_EDGE('',*,*,#1156,.T.);
#1498=ORIENTED_EDGE('',*,*,#1157,.F.);
#1499=ORIENTED_EDGE('',*,*,#1156,.F.);
#1500=ORIENTED_EDGE('',*,*,#1149,.F.);
#1501=ORIENTED_EDGE('',*,*,#1158,.T.);
#1502=ORIENTED_EDGE('',*,*,#1159,.F.);
#1503=ORIENTED_EDGE('',*,*,#1158,.F.);
#1504=ORIENTED_EDGE('',*,*,#1160,.T.);
#1505=ORIENTED_EDGE('',*,*,#1161,.T.);
#1506=ORIENTED_EDGE('',*,*,#1133,.F.);
#1507=ORIENTED_EDGE('',*,*,#1162,.T.);
#1508=ORIENTED_EDGE('',*,*,#1162,.F.);
#1509=ORIENTED_EDGE('',*,*,#1132,.F.);
#1510=ORIENTED_EDGE('',*,*,#1163,.F.);
#1511=ORIENTED_EDGE('',*,*,#1164,.F.);
#1512=ORIENTED_EDGE('',*,*,#1141,.T.);
#1513=ORIENTED_EDGE('',*,*,#1155,.T.);
#1514=ORIENTED_EDGE('',*,*,#1165,.T.);
#1515=ORIENTED_EDGE('',*,*,#1166,.T.);
#1516=ORIENTED_EDGE('',*,*,#1163,.T.);
#1517=ORIENTED_EDGE('',*,*,#1131,.F.);
#1518=ORIENTED_EDGE('',*,*,#1165,.F.);
#1519=ORIENTED_EDGE('',*,*,#1130,.F.);
#1520=ORIENTED_EDGE('',*,*,#1167,.F.);
#1521=ORIENTED_EDGE('',*,*,#1168,.F.);
#1522=ORIENTED_EDGE('',*,*,#1169,.T.);
#1523=ORIENTED_EDGE('',*,*,#1167,.T.);
#1524=ORIENTED_EDGE('',*,*,#1129,.F.);
#1525=ORIENTED_EDGE('',*,*,#1117,.T.);
#1526=ORIENTED_EDGE('',*,*,#1170,.T.);
#1527=ORIENTED_EDGE('',*,*,#1115,.T.);
#1528=ORIENTED_EDGE('',*,*,#1135,.F.);
#1529=ORIENTED_EDGE('',*,*,#1171,.T.);
#1530=ORIENTED_EDGE('',*,*,#1161,.F.);
#1531=ORIENTED_EDGE('',*,*,#1172,.F.);
#1532=ORIENTED_EDGE('',*,*,#1171,.F.);
#1533=ORIENTED_EDGE('',*,*,#1134,.F.);
#1534=ORIENTED_EDGE('',*,*,#1173,.F.);
#1535=ORIENTED_EDGE('',*,*,#1174,.F.);
#1536=ORIENTED_EDGE('',*,*,#1175,.F.);
#1537=ORIENTED_EDGE('',*,*,#1127,.F.);
#1538=ORIENTED_EDGE('',*,*,#1176,.F.);
#1539=ORIENTED_EDGE('',*,*,#1177,.F.);
#1540=ORIENTED_EDGE('',*,*,#1173,.T.);
#1541=ORIENTED_EDGE('',*,*,#1178,.T.);
#1542=ORIENTED_EDGE('',*,*,#1179,.F.);
#1543=ORIENTED_EDGE('',*,*,#1180,.F.);
#1544=ORIENTED_EDGE('',*,*,#1174,.T.);
#1545=ORIENTED_EDGE('',*,*,#1180,.T.);
#1546=ORIENTED_EDGE('',*,*,#1181,.F.);
#1547=ORIENTED_EDGE('',*,*,#1182,.F.);
#1548=ORIENTED_EDGE('',*,*,#1105,.T.);
#1549=ORIENTED_EDGE('',*,*,#1175,.T.);
#1550=ORIENTED_EDGE('',*,*,#1182,.T.);
#1551=ORIENTED_EDGE('',*,*,#1183,.F.);
#1552=ORIENTED_EDGE('',*,*,#1184,.F.);
#1553=ORIENTED_EDGE('',*,*,#1176,.T.);
#1554=ORIENTED_EDGE('',*,*,#1112,.T.);
#1555=ORIENTED_EDGE('',*,*,#1125,.F.);
#1556=ORIENTED_EDGE('',*,*,#1126,.T.);
#1557=ORIENTED_EDGE('',*,*,#1100,.F.);
#1558=ORIENTED_EDGE('',*,*,#1177,.T.);
#1559=ORIENTED_EDGE('',*,*,#1184,.T.);
#1560=ORIENTED_EDGE('',*,*,#1185,.F.);
#1561=ORIENTED_EDGE('',*,*,#1178,.F.);
#1562=ORIENTED_EDGE('',*,*,#1160,.F.);
#1563=ORIENTED_EDGE('',*,*,#1164,.T.);
#1564=ORIENTED_EDGE('',*,*,#1166,.F.);
#1565=ORIENTED_EDGE('',*,*,#1168,.T.);
#1566=ORIENTED_EDGE('',*,*,#1169,.F.);
#1567=ORIENTED_EDGE('',*,*,#1116,.T.);
#1568=ORIENTED_EDGE('',*,*,#1170,.F.);
#1569=ORIENTED_EDGE('',*,*,#1172,.T.);
#1570=ORIENTED_EDGE('',*,*,#1152,.T.);
#1571=ORIENTED_EDGE('',*,*,#1154,.T.);
#1572=ORIENTED_EDGE('',*,*,#1157,.T.);
#1573=ORIENTED_EDGE('',*,*,#1159,.T.);
#1574=ORIENTED_EDGE('',*,*,#1185,.T.);
#1575=ORIENTED_EDGE('',*,*,#1183,.T.);
#1576=ORIENTED_EDGE('',*,*,#1181,.T.);
#1577=ORIENTED_EDGE('',*,*,#1179,.T.);
#1578=ORIENTED_EDGE('',*,*,#1186,.T.);
#1579=ORIENTED_EDGE('',*,*,#1187,.F.);
#1580=ORIENTED_EDGE('',*,*,#1188,.T.);
#1581=ORIENTED_EDGE('',*,*,#1189,.T.);
#1582=ORIENTED_EDGE('',*,*,#1189,.F.);
#1583=ORIENTED_EDGE('',*,*,#1190,.T.);
#1584=ORIENTED_EDGE('',*,*,#1191,.F.);
#1585=ORIENTED_EDGE('',*,*,#1192,.T.);
#1586=ORIENTED_EDGE('',*,*,#1193,.F.);
#1587=ORIENTED_EDGE('',*,*,#1194,.T.);
#1588=ORIENTED_EDGE('',*,*,#1195,.F.);
#1589=ORIENTED_EDGE('',*,*,#1196,.T.);
#1590=ORIENTED_EDGE('',*,*,#1197,.T.);
#1591=ORIENTED_EDGE('',*,*,#1198,.T.);
#1592=ORIENTED_EDGE('',*,*,#1199,.T.);
#1593=ORIENTED_EDGE('',*,*,#1200,.T.);
#1594=ORIENTED_EDGE('',*,*,#1201,.T.);
#1595=ORIENTED_EDGE('',*,*,#1202,.T.);
#1596=ORIENTED_EDGE('',*,*,#1203,.T.);
#1597=ORIENTED_EDGE('',*,*,#1204,.T.);
#1598=ORIENTED_EDGE('',*,*,#1205,.T.);
#1599=ORIENTED_EDGE('',*,*,#1206,.T.);
#1600=ORIENTED_EDGE('',*,*,#1207,.T.);
#1601=ORIENTED_EDGE('',*,*,#1208,.T.);
#1602=ORIENTED_EDGE('',*,*,#1209,.T.);
#1603=ORIENTED_EDGE('',*,*,#1210,.T.);
#1604=ORIENTED_EDGE('',*,*,#1211,.T.);
#1605=ORIENTED_EDGE('',*,*,#1212,.T.);
#1606=ORIENTED_EDGE('',*,*,#1213,.T.);
#1607=ORIENTED_EDGE('',*,*,#1214,.T.);
#1608=ORIENTED_EDGE('',*,*,#1215,.T.);
#1609=ORIENTED_EDGE('',*,*,#1216,.T.);
#1610=ORIENTED_EDGE('',*,*,#1217,.T.);
#1611=ORIENTED_EDGE('',*,*,#1218,.T.);
#1612=ORIENTED_EDGE('',*,*,#1219,.T.);
#1613=ORIENTED_EDGE('',*,*,#1220,.T.);
#1614=ORIENTED_EDGE('',*,*,#1221,.T.);
#1615=ORIENTED_EDGE('',*,*,#1222,.T.);
#1616=ORIENTED_EDGE('',*,*,#1223,.T.);
#1617=ORIENTED_EDGE('',*,*,#1224,.T.);
#1618=ORIENTED_EDGE('',*,*,#1225,.T.);
#1619=ORIENTED_EDGE('',*,*,#1226,.T.);
#1620=ORIENTED_EDGE('',*,*,#1227,.T.);
#1621=ORIENTED_EDGE('',*,*,#1228,.T.);
#1622=ORIENTED_EDGE('',*,*,#1229,.T.);
#1623=ORIENTED_EDGE('',*,*,#1230,.T.);
#1624=ORIENTED_EDGE('',*,*,#1231,.T.);
#1625=ORIENTED_EDGE('',*,*,#1232,.T.);
#1626=ORIENTED_EDGE('',*,*,#1233,.T.);
#1627=ORIENTED_EDGE('',*,*,#1234,.T.);
#1628=ORIENTED_EDGE('',*,*,#1235,.T.);
#1629=ORIENTED_EDGE('',*,*,#1236,.T.);
#1630=ORIENTED_EDGE('',*,*,#1237,.T.);
#1631=ORIENTED_EDGE('',*,*,#1238,.T.);
#1632=ORIENTED_EDGE('',*,*,#1239,.T.);
#1633=ORIENTED_EDGE('',*,*,#1240,.T.);
#1634=ORIENTED_EDGE('',*,*,#1241,.T.);
#1635=ORIENTED_EDGE('',*,*,#1242,.T.);
#1636=ORIENTED_EDGE('',*,*,#1243,.T.);
#1637=ORIENTED_EDGE('',*,*,#1244,.T.);
#1638=ORIENTED_EDGE('',*,*,#1245,.T.);
#1639=ORIENTED_EDGE('',*,*,#1246,.T.);
#1640=ORIENTED_EDGE('',*,*,#1247,.T.);
#1641=ORIENTED_EDGE('',*,*,#1248,.T.);
#1642=ORIENTED_EDGE('',*,*,#1249,.T.);
#1643=ORIENTED_EDGE('',*,*,#1250,.T.);
#1644=ORIENTED_EDGE('',*,*,#1251,.T.);
#1645=ORIENTED_EDGE('',*,*,#1252,.T.);
#1646=ORIENTED_EDGE('',*,*,#1187,.T.);
#1647=ORIENTED_EDGE('',*,*,#1253,.T.);
#1648=ORIENTED_EDGE('',*,*,#1254,.T.);
#1649=ORIENTED_EDGE('',*,*,#1255,.T.);
#1650=ORIENTED_EDGE('',*,*,#1251,.F.);
#1651=ORIENTED_EDGE('',*,*,#1256,.T.);
#1652=ORIENTED_EDGE('',*,*,#1257,.F.);
#1653=ORIENTED_EDGE('',*,*,#1256,.F.);
#1654=ORIENTED_EDGE('',*,*,#1250,.F.);
#1655=ORIENTED_EDGE('',*,*,#1258,.T.);
#1656=ORIENTED_EDGE('',*,*,#1259,.F.);
#1657=ORIENTED_EDGE('',*,*,#1258,.F.);
#1658=ORIENTED_EDGE('',*,*,#1249,.F.);
#1659=ORIENTED_EDGE('',*,*,#1260,.T.);
#1660=ORIENTED_EDGE('',*,*,#1261,.F.);
#1661=ORIENTED_EDGE('',*,*,#1260,.F.);
#1662=ORIENTED_EDGE('',*,*,#1255,.F.);
#1663=ORIENTED_EDGE('',*,*,#1262,.T.);
#1664=ORIENTED_EDGE('',*,*,#1263,.F.);
#1665=ORIENTED_EDGE('',*,*,#1262,.F.);
#1666=ORIENTED_EDGE('',*,*,#1193,.T.);
#1667=ORIENTED_EDGE('',*,*,#1264,.T.);
#1668=ORIENTED_EDGE('',*,*,#1265,.T.);
#1669=ORIENTED_EDGE('',*,*,#1266,.T.);
#1670=ORIENTED_EDGE('',*,*,#1266,.F.);
#1671=ORIENTED_EDGE('',*,*,#1267,.T.);
#1672=ORIENTED_EDGE('',*,*,#1268,.F.);
#1673=ORIENTED_EDGE('',*,*,#1194,.F.);
#1674=ORIENTED_EDGE('',*,*,#1265,.F.);
#1675=ORIENTED_EDGE('',*,*,#1269,.F.);
#1676=ORIENTED_EDGE('',*,*,#1270,.F.);
#1677=ORIENTED_EDGE('',*,*,#1271,.F.);
#1678=ORIENTED_EDGE('',*,*,#1272,.F.);
#1679=ORIENTED_EDGE('',*,*,#1273,.F.);
#1680=ORIENTED_EDGE('',*,*,#1274,.F.);
#1681=ORIENTED_EDGE('',*,*,#1267,.F.);
#1682=ORIENTED_EDGE('',*,*,#1257,.T.);
#1683=ORIENTED_EDGE('',*,*,#1259,.T.);
#1684=ORIENTED_EDGE('',*,*,#1261,.T.);
#1685=ORIENTED_EDGE('',*,*,#1263,.T.);
#1686=ORIENTED_EDGE('',*,*,#1275,.F.);
#1687=ORIENTED_EDGE('',*,*,#1276,.F.);
#1688=ORIENTED_EDGE('',*,*,#1277,.F.);
#1689=ORIENTED_EDGE('',*,*,#1278,.F.);
#1690=ORIENTED_EDGE('',*,*,#1279,.F.);
#1691=ORIENTED_EDGE('',*,*,#1280,.F.);
#1692=ORIENTED_EDGE('',*,*,#1281,.F.);
#1693=ORIENTED_EDGE('',*,*,#1282,.F.);
#1694=ORIENTED_EDGE('',*,*,#1283,.F.);
#1695=ORIENTED_EDGE('',*,*,#1284,.F.);
#1696=ORIENTED_EDGE('',*,*,#1285,.F.);
#1697=ORIENTED_EDGE('',*,*,#1286,.F.);
#1698=ORIENTED_EDGE('',*,*,#1287,.F.);
#1699=ORIENTED_EDGE('',*,*,#1288,.F.);
#1700=ORIENTED_EDGE('',*,*,#1289,.F.);
#1701=ORIENTED_EDGE('',*,*,#1290,.F.);
#1702=ORIENTED_EDGE('',*,*,#1291,.F.);
#1703=ORIENTED_EDGE('',*,*,#1292,.F.);
#1704=ORIENTED_EDGE('',*,*,#1293,.F.);
#1705=ORIENTED_EDGE('',*,*,#1294,.F.);
#1706=ORIENTED_EDGE('',*,*,#1295,.F.);
#1707=ORIENTED_EDGE('',*,*,#1296,.F.);
#1708=ORIENTED_EDGE('',*,*,#1297,.F.);
#1709=ORIENTED_EDGE('',*,*,#1298,.F.);
#1710=ORIENTED_EDGE('',*,*,#1299,.F.);
#1711=ORIENTED_EDGE('',*,*,#1300,.F.);
#1712=ORIENTED_EDGE('',*,*,#1301,.F.);
#1713=ORIENTED_EDGE('',*,*,#1302,.F.);
#1714=ORIENTED_EDGE('',*,*,#1303,.F.);
#1715=ORIENTED_EDGE('',*,*,#1304,.F.);
#1716=ORIENTED_EDGE('',*,*,#1305,.F.);
#1717=ORIENTED_EDGE('',*,*,#1306,.F.);
#1718=ORIENTED_EDGE('',*,*,#1307,.F.);
#1719=ORIENTED_EDGE('',*,*,#1308,.F.);
#1720=ORIENTED_EDGE('',*,*,#1309,.F.);
#1721=ORIENTED_EDGE('',*,*,#1310,.F.);
#1722=ORIENTED_EDGE('',*,*,#1311,.F.);
#1723=ORIENTED_EDGE('',*,*,#1312,.F.);
#1724=ORIENTED_EDGE('',*,*,#1313,.F.);
#1725=ORIENTED_EDGE('',*,*,#1314,.F.);
#1726=ORIENTED_EDGE('',*,*,#1315,.F.);
#1727=ORIENTED_EDGE('',*,*,#1316,.F.);
#1728=ORIENTED_EDGE('',*,*,#1317,.F.);
#1729=ORIENTED_EDGE('',*,*,#1318,.F.);
#1730=ORIENTED_EDGE('',*,*,#1319,.F.);
#1731=ORIENTED_EDGE('',*,*,#1320,.F.);
#1732=ORIENTED_EDGE('',*,*,#1321,.F.);
#1733=ORIENTED_EDGE('',*,*,#1322,.F.);
#1734=ORIENTED_EDGE('',*,*,#1323,.F.);
#1735=ORIENTED_EDGE('',*,*,#1324,.F.);
#1736=ORIENTED_EDGE('',*,*,#1325,.F.);
#1737=ORIENTED_EDGE('',*,*,#1326,.F.);
#1738=ORIENTED_EDGE('',*,*,#1195,.T.);
#1739=ORIENTED_EDGE('',*,*,#1268,.T.);
#1740=ORIENTED_EDGE('',*,*,#1274,.T.);
#1741=ORIENTED_EDGE('',*,*,#1327,.T.);
#1742=ORIENTED_EDGE('',*,*,#1327,.F.);
#1743=ORIENTED_EDGE('',*,*,#1273,.T.);
#1744=ORIENTED_EDGE('',*,*,#1328,.F.);
#1745=ORIENTED_EDGE('',*,*,#1253,.F.);
#1746=ORIENTED_EDGE('',*,*,#1186,.F.);
#1747=ORIENTED_EDGE('',*,*,#1196,.F.);
#1748=ORIENTED_EDGE('',*,*,#1328,.T.);
#1749=ORIENTED_EDGE('',*,*,#1272,.T.);
#1750=ORIENTED_EDGE('',*,*,#1329,.T.);
#1751=ORIENTED_EDGE('',*,*,#1254,.F.);
#1752=ORIENTED_EDGE('',*,*,#1329,.F.);
#1753=ORIENTED_EDGE('',*,*,#1271,.T.);
#1754=ORIENTED_EDGE('',*,*,#1330,.F.);
#1755=ORIENTED_EDGE('',*,*,#1190,.F.);
#1756=ORIENTED_EDGE('',*,*,#1188,.F.);
#1757=ORIENTED_EDGE('',*,*,#1252,.F.);
#1758=ORIENTED_EDGE('',*,*,#1191,.T.);
#1759=ORIENTED_EDGE('',*,*,#1330,.T.);
#1760=ORIENTED_EDGE('',*,*,#1270,.T.);
#1761=ORIENTED_EDGE('',*,*,#1331,.T.);
#1762=ORIENTED_EDGE('',*,*,#1324,.T.);
#1763=ORIENTED_EDGE('',*,*,#1332,.T.);
#1764=ORIENTED_EDGE('',*,*,#1200,.F.);
#1765=ORIENTED_EDGE('',*,*,#1333,.F.);
#1766=ORIENTED_EDGE('',*,*,#1325,.T.);
#1767=ORIENTED_EDGE('',*,*,#1333,.T.);
#1768=ORIENTED_EDGE('',*,*,#1199,.F.);
#1769=ORIENTED_EDGE('',*,*,#1334,.F.);
#1770=ORIENTED_EDGE('',*,*,#1326,.T.);
#1771=ORIENTED_EDGE('',*,*,#1334,.T.);
#1772=ORIENTED_EDGE('',*,*,#1198,.F.);
#1773=ORIENTED_EDGE('',*,*,#1335,.F.);
#1774=ORIENTED_EDGE('',*,*,#1323,.T.);
#1775=ORIENTED_EDGE('',*,*,#1335,.T.);
#1776=ORIENTED_EDGE('',*,*,#1197,.F.);
#1777=ORIENTED_EDGE('',*,*,#1332,.F.);
#1778=ORIENTED_EDGE('',*,*,#1316,.T.);
#1779=ORIENTED_EDGE('',*,*,#1336,.T.);
#1780=ORIENTED_EDGE('',*,*,#1208,.F.);
#1781=ORIENTED_EDGE('',*,*,#1337,.F.);
#1782=ORIENTED_EDGE('',*,*,#1317,.T.);
#1783=ORIENTED_EDGE('',*,*,#1337,.T.);
#1784=ORIENTED_EDGE('',*,*,#1207,.F.);
#1785=ORIENTED_EDGE('',*,*,#1338,.F.);
#1786=ORIENTED_EDGE('',*,*,#1318,.T.);
#1787=ORIENTED_EDGE('',*,*,#1338,.T.);
#1788=ORIENTED_EDGE('',*,*,#1206,.F.);
#1789=ORIENTED_EDGE('',*,*,#1339,.F.);
#1790=ORIENTED_EDGE('',*,*,#1319,.T.);
#1791=ORIENTED_EDGE('',*,*,#1339,.T.);
#1792=ORIENTED_EDGE('',*,*,#1205,.F.);
#1793=ORIENTED_EDGE('',*,*,#1340,.F.);
#1794=ORIENTED_EDGE('',*,*,#1320,.T.);
#1795=ORIENTED_EDGE('',*,*,#1340,.T.);
#1796=ORIENTED_EDGE('',*,*,#1204,.F.);
#1797=ORIENTED_EDGE('',*,*,#1341,.F.);
#1798=ORIENTED_EDGE('',*,*,#1321,.T.);
#1799=ORIENTED_EDGE('',*,*,#1341,.T.);
#1800=ORIENTED_EDGE('',*,*,#1203,.F.);
#1801=ORIENTED_EDGE('',*,*,#1342,.F.);
#1802=ORIENTED_EDGE('',*,*,#1322,.T.);
#1803=ORIENTED_EDGE('',*,*,#1342,.T.);
#1804=ORIENTED_EDGE('',*,*,#1202,.F.);
#1805=ORIENTED_EDGE('',*,*,#1343,.F.);
#1806=ORIENTED_EDGE('',*,*,#1315,.T.);
#1807=ORIENTED_EDGE('',*,*,#1343,.T.);
#1808=ORIENTED_EDGE('',*,*,#1201,.F.);
#1809=ORIENTED_EDGE('',*,*,#1336,.F.);
#1810=ORIENTED_EDGE('',*,*,#1308,.T.);
#1811=ORIENTED_EDGE('',*,*,#1344,.T.);
#1812=ORIENTED_EDGE('',*,*,#1216,.F.);
#1813=ORIENTED_EDGE('',*,*,#1345,.F.);
#1814=ORIENTED_EDGE('',*,*,#1309,.T.);
#1815=ORIENTED_EDGE('',*,*,#1345,.T.);
#1816=ORIENTED_EDGE('',*,*,#1215,.F.);
#1817=ORIENTED_EDGE('',*,*,#1346,.F.);
#1818=ORIENTED_EDGE('',*,*,#1310,.T.);
#1819=ORIENTED_EDGE('',*,*,#1346,.T.);
#1820=ORIENTED_EDGE('',*,*,#1214,.F.);
#1821=ORIENTED_EDGE('',*,*,#1347,.F.);
#1822=ORIENTED_EDGE('',*,*,#1311,.T.);
#1823=ORIENTED_EDGE('',*,*,#1347,.T.);
#1824=ORIENTED_EDGE('',*,*,#1213,.F.);
#1825=ORIENTED_EDGE('',*,*,#1348,.F.);
#1826=ORIENTED_EDGE('',*,*,#1312,.T.);
#1827=ORIENTED_EDGE('',*,*,#1348,.T.);
#1828=ORIENTED_EDGE('',*,*,#1212,.F.);
#1829=ORIENTED_EDGE('',*,*,#1349,.F.);
#1830=ORIENTED_EDGE('',*,*,#1313,.T.);
#1831=ORIENTED_EDGE('',*,*,#1349,.T.);
#1832=ORIENTED_EDGE('',*,*,#1211,.F.);
#1833=ORIENTED_EDGE('',*,*,#1350,.F.);
#1834=ORIENTED_EDGE('',*,*,#1314,.T.);
#1835=ORIENTED_EDGE('',*,*,#1350,.T.);
#1836=ORIENTED_EDGE('',*,*,#1210,.F.);
#1837=ORIENTED_EDGE('',*,*,#1351,.F.);
#1838=ORIENTED_EDGE('',*,*,#1307,.T.);
#1839=ORIENTED_EDGE('',*,*,#1351,.T.);
#1840=ORIENTED_EDGE('',*,*,#1209,.F.);
#1841=ORIENTED_EDGE('',*,*,#1344,.F.);
#1842=ORIENTED_EDGE('',*,*,#1300,.T.);
#1843=ORIENTED_EDGE('',*,*,#1352,.T.);
#1844=ORIENTED_EDGE('',*,*,#1224,.F.);
#1845=ORIENTED_EDGE('',*,*,#1353,.F.);
#1846=ORIENTED_EDGE('',*,*,#1301,.T.);
#1847=ORIENTED_EDGE('',*,*,#1353,.T.);
#1848=ORIENTED_EDGE('',*,*,#1223,.F.);
#1849=ORIENTED_EDGE('',*,*,#1354,.F.);
#1850=ORIENTED_EDGE('',*,*,#1302,.T.);
#1851=ORIENTED_EDGE('',*,*,#1354,.T.);
#1852=ORIENTED_EDGE('',*,*,#1222,.F.);
#1853=ORIENTED_EDGE('',*,*,#1355,.F.);
#1854=ORIENTED_EDGE('',*,*,#1303,.T.);
#1855=ORIENTED_EDGE('',*,*,#1355,.T.);
#1856=ORIENTED_EDGE('',*,*,#1221,.F.);
#1857=ORIENTED_EDGE('',*,*,#1356,.F.);
#1858=ORIENTED_EDGE('',*,*,#1304,.T.);
#1859=ORIENTED_EDGE('',*,*,#1356,.T.);
#1860=ORIENTED_EDGE('',*,*,#1220,.F.);
#1861=ORIENTED_EDGE('',*,*,#1357,.F.);
#1862=ORIENTED_EDGE('',*,*,#1305,.T.);
#1863=ORIENTED_EDGE('',*,*,#1357,.T.);
#1864=ORIENTED_EDGE('',*,*,#1219,.F.);
#1865=ORIENTED_EDGE('',*,*,#1358,.F.);
#1866=ORIENTED_EDGE('',*,*,#1306,.T.);
#1867=ORIENTED_EDGE('',*,*,#1358,.T.);
#1868=ORIENTED_EDGE('',*,*,#1218,.F.);
#1869=ORIENTED_EDGE('',*,*,#1359,.F.);
#1870=ORIENTED_EDGE('',*,*,#1299,.T.);
#1871=ORIENTED_EDGE('',*,*,#1359,.T.);
#1872=ORIENTED_EDGE('',*,*,#1217,.F.);
#1873=ORIENTED_EDGE('',*,*,#1352,.F.);
#1874=ORIENTED_EDGE('',*,*,#1292,.T.);
#1875=ORIENTED_EDGE('',*,*,#1360,.T.);
#1876=ORIENTED_EDGE('',*,*,#1232,.F.);
#1877=ORIENTED_EDGE('',*,*,#1361,.F.);
#1878=ORIENTED_EDGE('',*,*,#1293,.T.);
#1879=ORIENTED_EDGE('',*,*,#1361,.T.);
#1880=ORIENTED_EDGE('',*,*,#1231,.F.);
#1881=ORIENTED_EDGE('',*,*,#1362,.F.);
#1882=ORIENTED_EDGE('',*,*,#1294,.T.);
#1883=ORIENTED_EDGE('',*,*,#1362,.T.);
#1884=ORIENTED_EDGE('',*,*,#1230,.F.);
#1885=ORIENTED_EDGE('',*,*,#1363,.F.);
#1886=ORIENTED_EDGE('',*,*,#1295,.T.);
#1887=ORIENTED_EDGE('',*,*,#1363,.T.);
#1888=ORIENTED_EDGE('',*,*,#1229,.F.);
#1889=ORIENTED_EDGE('',*,*,#1364,.F.);
#1890=ORIENTED_EDGE('',*,*,#1296,.T.);
#1891=ORIENTED_EDGE('',*,*,#1364,.T.);
#1892=ORIENTED_EDGE('',*,*,#1228,.F.);
#1893=ORIENTED_EDGE('',*,*,#1365,.F.);
#1894=ORIENTED_EDGE('',*,*,#1297,.T.);
#1895=ORIENTED_EDGE('',*,*,#1365,.T.);
#1896=ORIENTED_EDGE('',*,*,#1227,.F.);
#1897=ORIENTED_EDGE('',*,*,#1366,.F.);
#1898=ORIENTED_EDGE('',*,*,#1298,.T.);
#1899=ORIENTED_EDGE('',*,*,#1366,.T.);
#1900=ORIENTED_EDGE('',*,*,#1226,.F.);
#1901=ORIENTED_EDGE('',*,*,#1367,.F.);
#1902=ORIENTED_EDGE('',*,*,#1291,.T.);
#1903=ORIENTED_EDGE('',*,*,#1367,.T.);
#1904=ORIENTED_EDGE('',*,*,#1225,.F.);
#1905=ORIENTED_EDGE('',*,*,#1360,.F.);
#1906=ORIENTED_EDGE('',*,*,#1284,.T.);
#1907=ORIENTED_EDGE('',*,*,#1368,.T.);
#1908=ORIENTED_EDGE('',*,*,#1240,.F.);
#1909=ORIENTED_EDGE('',*,*,#1369,.F.);
#1910=ORIENTED_EDGE('',*,*,#1285,.T.);
#1911=ORIENTED_EDGE('',*,*,#1369,.T.);
#1912=ORIENTED_EDGE('',*,*,#1239,.F.);
#1913=ORIENTED_EDGE('',*,*,#1370,.F.);
#1914=ORIENTED_EDGE('',*,*,#1286,.T.);
#1915=ORIENTED_EDGE('',*,*,#1370,.T.);
#1916=ORIENTED_EDGE('',*,*,#1238,.F.);
#1917=ORIENTED_EDGE('',*,*,#1371,.F.);
#1918=ORIENTED_EDGE('',*,*,#1287,.T.);
#1919=ORIENTED_EDGE('',*,*,#1371,.T.);
#1920=ORIENTED_EDGE('',*,*,#1237,.F.);
#1921=ORIENTED_EDGE('',*,*,#1372,.F.);
#1922=ORIENTED_EDGE('',*,*,#1288,.T.);
#1923=ORIENTED_EDGE('',*,*,#1372,.T.);
#1924=ORIENTED_EDGE('',*,*,#1236,.F.);
#1925=ORIENTED_EDGE('',*,*,#1373,.F.);
#1926=ORIENTED_EDGE('',*,*,#1289,.T.);
#1927=ORIENTED_EDGE('',*,*,#1373,.T.);
#1928=ORIENTED_EDGE('',*,*,#1235,.F.);
#1929=ORIENTED_EDGE('',*,*,#1374,.F.);
#1930=ORIENTED_EDGE('',*,*,#1290,.T.);
#1931=ORIENTED_EDGE('',*,*,#1374,.T.);
#1932=ORIENTED_EDGE('',*,*,#1234,.F.);
#1933=ORIENTED_EDGE('',*,*,#1375,.F.);
#1934=ORIENTED_EDGE('',*,*,#1283,.T.);
#1935=ORIENTED_EDGE('',*,*,#1375,.T.);
#1936=ORIENTED_EDGE('',*,*,#1233,.F.);
#1937=ORIENTED_EDGE('',*,*,#1368,.F.);
#1938=ORIENTED_EDGE('',*,*,#1276,.T.);
#1939=ORIENTED_EDGE('',*,*,#1376,.T.);
#1940=ORIENTED_EDGE('',*,*,#1248,.F.);
#1941=ORIENTED_EDGE('',*,*,#1377,.F.);
#1942=ORIENTED_EDGE('',*,*,#1277,.T.);
#1943=ORIENTED_EDGE('',*,*,#1377,.T.);
#1944=ORIENTED_EDGE('',*,*,#1247,.F.);
#1945=ORIENTED_EDGE('',*,*,#1378,.F.);
#1946=ORIENTED_EDGE('',*,*,#1278,.T.);
#1947=ORIENTED_EDGE('',*,*,#1378,.T.);
#1948=ORIENTED_EDGE('',*,*,#1246,.F.);
#1949=ORIENTED_EDGE('',*,*,#1379,.F.);
#1950=ORIENTED_EDGE('',*,*,#1279,.T.);
#1951=ORIENTED_EDGE('',*,*,#1379,.T.);
#1952=ORIENTED_EDGE('',*,*,#1245,.F.);
#1953=ORIENTED_EDGE('',*,*,#1380,.F.);
#1954=ORIENTED_EDGE('',*,*,#1280,.T.);
#1955=ORIENTED_EDGE('',*,*,#1380,.T.);
#1956=ORIENTED_EDGE('',*,*,#1244,.F.);
#1957=ORIENTED_EDGE('',*,*,#1381,.F.);
#1958=ORIENTED_EDGE('',*,*,#1281,.T.);
#1959=ORIENTED_EDGE('',*,*,#1381,.T.);
#1960=ORIENTED_EDGE('',*,*,#1243,.F.);
#1961=ORIENTED_EDGE('',*,*,#1382,.F.);
#1962=ORIENTED_EDGE('',*,*,#1282,.T.);
#1963=ORIENTED_EDGE('',*,*,#1382,.T.);
#1964=ORIENTED_EDGE('',*,*,#1242,.F.);
#1965=ORIENTED_EDGE('',*,*,#1383,.F.);
#1966=ORIENTED_EDGE('',*,*,#1275,.T.);
#1967=ORIENTED_EDGE('',*,*,#1383,.T.);
#1968=ORIENTED_EDGE('',*,*,#1241,.F.);
#1969=ORIENTED_EDGE('',*,*,#1376,.F.);
#1970=ORIENTED_EDGE('',*,*,#1264,.F.);
#1971=ORIENTED_EDGE('',*,*,#1192,.F.);
#1972=ORIENTED_EDGE('',*,*,#1331,.F.);
#1973=ORIENTED_EDGE('',*,*,#1269,.T.);
#1974=ORIENTED_EDGE('',*,*,#1384,.T.);
#1975=ORIENTED_EDGE('',*,*,#1385,.T.);
#1976=ORIENTED_EDGE('',*,*,#1386,.T.);
#1977=ORIENTED_EDGE('',*,*,#1387,.T.);
#1978=ORIENTED_EDGE('',*,*,#1385,.F.);
#1979=ORIENTED_EDGE('',*,*,#1386,.F.);
#1980=ORIENTED_EDGE('',*,*,#1387,.F.);
#1981=ORIENTED_EDGE('',*,*,#1388,.T.);
#1982=ORIENTED_EDGE('',*,*,#1389,.T.);
#1983=ORIENTED_EDGE('',*,*,#1388,.F.);
#1984=ORIENTED_EDGE('',*,*,#1384,.F.);
#1985=ORIENTED_EDGE('',*,*,#1390,.F.);
#1986=ORIENTED_EDGE('',*,*,#1391,.F.);
#1987=ORIENTED_EDGE('',*,*,#1392,.F.);
#1988=ORIENTED_EDGE('',*,*,#1391,.T.);
#1989=ORIENTED_EDGE('',*,*,#1393,.T.);
#1990=ORIENTED_EDGE('',*,*,#1394,.T.);
#1991=ORIENTED_EDGE('',*,*,#1395,.F.);
#1992=ORIENTED_EDGE('',*,*,#1389,.F.);
#1993=ORIENTED_EDGE('',*,*,#1396,.F.);
#1994=ORIENTED_EDGE('',*,*,#1396,.T.);
#1995=ORIENTED_EDGE('',*,*,#1397,.T.);
#1996=ORIENTED_EDGE('',*,*,#1398,.T.);
#1997=ORIENTED_EDGE('',*,*,#1397,.F.);
#1998=ORIENTED_EDGE('',*,*,#1398,.F.);
#1999=ORIENTED_EDGE('',*,*,#1399,.F.);
#2000=ORIENTED_EDGE('',*,*,#1392,.T.);
#2001=ORIENTED_EDGE('',*,*,#1395,.T.);
#2002=ORIENTED_EDGE('',*,*,#1400,.T.);
#2003=ORIENTED_EDGE('',*,*,#1393,.F.);
#2004=ORIENTED_EDGE('',*,*,#1394,.F.);
#2005=ORIENTED_EDGE('',*,*,#1400,.F.);
#2006=ORIENTED_EDGE('',*,*,#1399,.T.);
#2007=ORIENTED_EDGE('',*,*,#1401,.T.);
#2008=ORIENTED_EDGE('',*,*,#1390,.T.);
#2009=ORIENTED_EDGE('',*,*,#1401,.F.);
#2010=CYLINDRICAL_SURFACE('',#2412,2.);
#2011=CYLINDRICAL_SURFACE('',#2416,2.);
#2012=CYLINDRICAL_SURFACE('',#2423,2.);
#2013=CYLINDRICAL_SURFACE('',#2425,2.);
#2014=CYLINDRICAL_SURFACE('',#2438,2.85);
#2015=CYLINDRICAL_SURFACE('',#2440,2.95);
#2016=CYLINDRICAL_SURFACE('',#2442,2.95);
#2017=CYLINDRICAL_SURFACE('',#2444,2.85000000000001);
#2018=CYLINDRICAL_SURFACE('',#2452,1.55);
#2019=CYLINDRICAL_SURFACE('',#2454,1.55);
#2020=CYLINDRICAL_SURFACE('',#2456,1.55);
#2021=CYLINDRICAL_SURFACE('',#2459,1.55);
#2022=CYLINDRICAL_SURFACE('',#2461,10.);
#2023=CYLINDRICAL_SURFACE('',#2465,10.);
#2024=CYLINDRICAL_SURFACE('',#2468,10.);
#2025=CYLINDRICAL_SURFACE('',#2470,10.);
#2026=CYLINDRICAL_SURFACE('',#2514,1.55);
#2027=CYLINDRICAL_SURFACE('',#2516,1.55);
#2028=CYLINDRICAL_SURFACE('',#2518,1.55);
#2029=CYLINDRICAL_SURFACE('',#2520,1.55);
#2030=CYLINDRICAL_SURFACE('',#2522,10.);
#2031=CYLINDRICAL_SURFACE('',#2553,10.);
#2032=CYLINDRICAL_SURFACE('',#2555,10.);
#2033=CYLINDRICAL_SURFACE('',#2557,10.);
#2034=CYLINDRICAL_SURFACE('',#2563,0.5);
#2035=CYLINDRICAL_SURFACE('',#2565,0.5);
#2036=CYLINDRICAL_SURFACE('',#2567,0.5);
#2037=CYLINDRICAL_SURFACE('',#2569,0.5);
#2038=CYLINDRICAL_SURFACE('',#2571,0.5);
#2039=CYLINDRICAL_SURFACE('',#2573,0.5);
#2040=CYLINDRICAL_SURFACE('',#2575,0.5);
#2041=CYLINDRICAL_SURFACE('',#2577,0.5);
#2042=CYLINDRICAL_SURFACE('',#2578,0.5);
#2043=CYLINDRICAL_SURFACE('',#2580,0.5);
#2044=CYLINDRICAL_SURFACE('',#2582,0.5);
#2045=CYLINDRICAL_SURFACE('',#2584,0.5);
#2046=CYLINDRICAL_SURFACE('',#2587,0.5);
#2047=CYLINDRICAL_SURFACE('',#2589,0.5);
#2048=CYLINDRICAL_SURFACE('',#2591,0.5);
#2049=CYLINDRICAL_SURFACE('',#2593,0.5);
#2050=CYLINDRICAL_SURFACE('',#2594,0.5);
#2051=CYLINDRICAL_SURFACE('',#2596,0.5);
#2052=CYLINDRICAL_SURFACE('',#2598,0.5);
#2053=CYLINDRICAL_SURFACE('',#2600,0.5);
#2054=CYLINDRICAL_SURFACE('',#2602,0.5);
#2055=CYLINDRICAL_SURFACE('',#2604,0.5);
#2056=CYLINDRICAL_SURFACE('',#2606,0.5);
#2057=CYLINDRICAL_SURFACE('',#2608,0.5);
#2058=CYLINDRICAL_SURFACE('',#2616,10.);
#2059=CYLINDRICAL_SURFACE('',#2625,9.1);
#2060=CYLINDRICAL_SURFACE('',#2629,3.2);
#2061=CYLINDRICAL_SURFACE('',#2632,4.15);
#2062=STYLED_ITEM('',(#2334),#2178);
#2063=STYLED_ITEM('',(#2334),#2179);
#2064=STYLED_ITEM('',(#2334),#2180);
#2065=STYLED_ITEM('',(#2334),#2181);
#2066=STYLED_ITEM('',(#2334),#2182);
#2067=STYLED_ITEM('',(#2334),#2183);
#2068=STYLED_ITEM('',(#2334),#2184);
#2069=STYLED_ITEM('',(#2334),#2185);
#2070=STYLED_ITEM('',(#2334),#2186);
#2071=STYLED_ITEM('',(#2334),#2187);
#2072=STYLED_ITEM('',(#2334),#2188);
#2073=STYLED_ITEM('',(#2335),#2189);
#2074=STYLED_ITEM('',(#2334),#2190);
#2075=STYLED_ITEM('',(#2335),#2191);
#2076=STYLED_ITEM('',(#2335),#2192);
#2077=STYLED_ITEM('',(#2334),#2193);
#2078=STYLED_ITEM('',(#2335),#2194);
#2079=STYLED_ITEM('',(#2334),#2195);
#2080=STYLED_ITEM('',(#2335),#2196);
#2081=STYLED_ITEM('',(#2334),#2197);
#2082=STYLED_ITEM('',(#2334),#2198);
#2083=STYLED_ITEM('',(#2335),#2199);
#2084=STYLED_ITEM('',(#2334),#2200);
#2085=STYLED_ITEM('',(#2334),#2201);
#2086=STYLED_ITEM('',(#2334),#2202);
#2087=STYLED_ITEM('',(#2334),#2203);
#2088=STYLED_ITEM('',(#2334),#2204);
#2089=STYLED_ITEM('',(#2334),#2205);
#2090=STYLED_ITEM('',(#2334),#2206);
#2091=STYLED_ITEM('',(#2334),#2207);
#2092=STYLED_ITEM('',(#2334),#2208);
#2093=STYLED_ITEM('',(#2334),#2209);
#2094=STYLED_ITEM('',(#2334),#2210);
#2095=STYLED_ITEM('',(#2334),#2211);
#2096=STYLED_ITEM('',(#2334),#2212);
#2097=STYLED_ITEM('',(#2333),#35);
#2098=STYLED_ITEM('',(#2336),#2213);
#2099=STYLED_ITEM('',(#2336),#2214);
#2100=STYLED_ITEM('',(#2336),#2215);
#2101=STYLED_ITEM('',(#2336),#2216);
#2102=STYLED_ITEM('',(#2336),#2217);
#2103=STYLED_ITEM('',(#2336),#2218);
#2104=STYLED_ITEM('',(#2336),#2219);
#2105=STYLED_ITEM('',(#2336),#2220);
#2106=STYLED_ITEM('',(#2336),#2221);
#2107=STYLED_ITEM('',(#2336),#2222);
#2108=STYLED_ITEM('',(#2336),#2223);
#2109=STYLED_ITEM('',(#2336),#2224);
#2110=STYLED_ITEM('',(#2336),#2225);
#2111=STYLED_ITEM('',(#2336),#2226);
#2112=STYLED_ITEM('',(#2336),#2227);
#2113=STYLED_ITEM('',(#2336),#2228);
#2114=STYLED_ITEM('',(#2336),#2229);
#2115=STYLED_ITEM('',(#2336),#2230);
#2116=STYLED_ITEM('',(#2336),#2231);
#2117=STYLED_ITEM('',(#2336),#2232);
#2118=STYLED_ITEM('',(#2336),#2233);
#2119=STYLED_ITEM('',(#2336),#2234);
#2120=STYLED_ITEM('',(#2336),#2235);
#2121=STYLED_ITEM('',(#2336),#2236);
#2122=STYLED_ITEM('',(#2336),#2237);
#2123=STYLED_ITEM('',(#2336),#2238);
#2124=STYLED_ITEM('',(#2336),#2239);
#2125=STYLED_ITEM('',(#2336),#2240);
#2126=STYLED_ITEM('',(#2336),#2241);
#2127=STYLED_ITEM('',(#2336),#2242);
#2128=STYLED_ITEM('',(#2336),#2243);
#2129=STYLED_ITEM('',(#2336),#2244);
#2130=STYLED_ITEM('',(#2336),#2245);
#2131=STYLED_ITEM('',(#2336),#2246);
#2132=STYLED_ITEM('',(#2336),#2247);
#2133=STYLED_ITEM('',(#2336),#2248);
#2134=STYLED_ITEM('',(#2336),#2249);
#2135=STYLED_ITEM('',(#2336),#2250);
#2136=STYLED_ITEM('',(#2336),#2251);
#2137=STYLED_ITEM('',(#2336),#2252);
#2138=STYLED_ITEM('',(#2336),#2253);
#2139=STYLED_ITEM('',(#2336),#2254);
#2140=STYLED_ITEM('',(#2336),#2255);
#2141=STYLED_ITEM('',(#2336),#2256);
#2142=STYLED_ITEM('',(#2336),#2257);
#2143=STYLED_ITEM('',(#2336),#2258);
#2144=STYLED_ITEM('',(#2336),#2259);
#2145=STYLED_ITEM('',(#2336),#2260);
#2146=STYLED_ITEM('',(#2336),#2261);
#2147=STYLED_ITEM('',(#2336),#2262);
#2148=STYLED_ITEM('',(#2336),#2263);
#2149=STYLED_ITEM('',(#2336),#2264);
#2150=STYLED_ITEM('',(#2336),#2265);
#2151=STYLED_ITEM('',(#2336),#2266);
#2152=STYLED_ITEM('',(#2336),#2267);
#2153=STYLED_ITEM('',(#2336),#2268);
#2154=STYLED_ITEM('',(#2336),#2269);
#2155=STYLED_ITEM('',(#2336),#2270);
#2156=STYLED_ITEM('',(#2336),#2271);
#2157=STYLED_ITEM('',(#2336),#2272);
#2158=STYLED_ITEM('',(#2336),#2273);
#2159=STYLED_ITEM('',(#2336),#2274);
#2160=STYLED_ITEM('',(#2336),#2275);
#2161=STYLED_ITEM('',(#2336),#2276);
#2162=STYLED_ITEM('',(#2336),#2277);
#2163=STYLED_ITEM('',(#2336),#2278);
#2164=STYLED_ITEM('',(#2336),#2279);
#2165=STYLED_ITEM('',(#2336),#2280);
#2166=STYLED_ITEM('',(#2332),#36);
#2167=STYLED_ITEM('',(#2337),#2282);
#2168=STYLED_ITEM('',(#2337),#2283);
#2169=STYLED_ITEM('',(#2337),#2284);
#2170=STYLED_ITEM('',(#2337),#2285);
#2171=STYLED_ITEM('',(#2337),#2286);
#2172=STYLED_ITEM('',(#2337),#2287);
#2173=STYLED_ITEM('',(#2337),#2288);
#2174=STYLED_ITEM('',(#2337),#2289);
#2175=STYLED_ITEM('',(#2337),#2290);
#2176=STYLED_ITEM('',(#2337),#2291);
#2177=STYLED_ITEM('',(#2332),#37);
#2178=ADVANCED_FACE('',(#136),#2010,.F.);
#2179=ADVANCED_FACE('',(#137),#76,.F.);
#2180=ADVANCED_FACE('',(#138),#2011,.T.);
#2181=ADVANCED_FACE('',(#139),#77,.F.);
#2182=ADVANCED_FACE('',(#140),#78,.T.);
#2183=ADVANCED_FACE('',(#141),#2012,.T.);
#2184=ADVANCED_FACE('',(#142),#2013,.F.);
#2185=ADVANCED_FACE('',(#143),#79,.F.);
#2186=ADVANCED_FACE('',(#144),#80,.F.);
#2187=ADVANCED_FACE('',(#145,#38,#39,#40,#41),#81,.T.);
#2188=ADVANCED_FACE('',(#146),#2014,.F.);
#2189=ADVANCED_FACE('',(#147),#2015,.F.);
#2190=ADVANCED_FACE('',(#148),#2016,.F.);
#2191=ADVANCED_FACE('',(#149),#2017,.F.);
#2192=ADVANCED_FACE('',(#150,#42),#82,.T.);
#2193=ADVANCED_FACE('',(#151,#43),#83,.T.);
#2194=ADVANCED_FACE('',(#152,#44),#84,.T.);
#2195=ADVANCED_FACE('',(#153),#2018,.F.);
#2196=ADVANCED_FACE('',(#154),#2019,.F.);
#2197=ADVANCED_FACE('',(#155),#2020,.F.);
#2198=ADVANCED_FACE('',(#156),#2021,.F.);
#2199=ADVANCED_FACE('',(#157),#2022,.T.);
#2200=ADVANCED_FACE('',(#158),#85,.T.);
#2201=ADVANCED_FACE('',(#159,#45),#86,.T.);
#2202=ADVANCED_FACE('',(#160),#2023,.T.);
#2203=ADVANCED_FACE('',(#161),#87,.T.);
#2204=ADVANCED_FACE('',(#162),#2024,.T.);
#2205=ADVANCED_FACE('',(#163),#2025,.T.);
#2206=ADVANCED_FACE('',(#164),#88,.T.);
#2207=ADVANCED_FACE('',(#165),#89,.F.);
#2208=ADVANCED_FACE('',(#166),#90,.T.);
#2209=ADVANCED_FACE('',(#167),#91,.T.);
#2210=ADVANCED_FACE('',(#168),#92,.T.);
#2211=ADVANCED_FACE('',(#169),#93,.T.);
#2212=ADVANCED_FACE('',(#170,#46,#47,#48,#49,#50),#94,.T.);
#2213=ADVANCED_FACE('',(#171),#28,.T.);
#2214=ADVANCED_FACE('',(#172,#51,#52,#53,#54,#55,#56,#57,#58,#59,#60),#95,
 .T.);
#2215=ADVANCED_FACE('',(#173,#61),#96,.T.);
#2216=ADVANCED_FACE('',(#174),#2026,.F.);
#2217=ADVANCED_FACE('',(#175),#2027,.F.);
#2218=ADVANCED_FACE('',(#176),#2028,.F.);
#2219=ADVANCED_FACE('',(#177),#2029,.F.);
#2220=ADVANCED_FACE('',(#178),#2030,.T.);
#2221=ADVANCED_FACE('',(#179),#97,.T.);
#2222=ADVANCED_FACE('',(#180,#62,#63,#64,#65,#66,#67,#68,#69,#70,#71,#72),
#98,.F.);
#2223=ADVANCED_FACE('',(#181),#2031,.T.);
#2224=ADVANCED_FACE('',(#182),#99,.T.);
#2225=ADVANCED_FACE('',(#183),#2032,.T.);
#2226=ADVANCED_FACE('',(#184),#100,.T.);
#2227=ADVANCED_FACE('',(#185),#2033,.T.);
#2228=ADVANCED_FACE('',(#186),#101,.T.);
#2229=ADVANCED_FACE('',(#187),#102,.T.);
#2230=ADVANCED_FACE('',(#188),#103,.T.);
#2231=ADVANCED_FACE('',(#189),#104,.T.);
#2232=ADVANCED_FACE('',(#190),#105,.T.);
#2233=ADVANCED_FACE('',(#191),#2034,.F.);
#2234=ADVANCED_FACE('',(#192),#106,.T.);
#2235=ADVANCED_FACE('',(#193),#2035,.F.);
#2236=ADVANCED_FACE('',(#194),#107,.T.);
#2237=ADVANCED_FACE('',(#195),#2036,.F.);
#2238=ADVANCED_FACE('',(#196),#108,.T.);
#2239=ADVANCED_FACE('',(#197),#2037,.F.);
#2240=ADVANCED_FACE('',(#198),#109,.T.);
#2241=ADVANCED_FACE('',(#199),#2038,.F.);
#2242=ADVANCED_FACE('',(#200),#110,.T.);
#2243=ADVANCED_FACE('',(#201),#2039,.F.);
#2244=ADVANCED_FACE('',(#202),#111,.T.);
#2245=ADVANCED_FACE('',(#203),#2040,.F.);
#2246=ADVANCED_FACE('',(#204),#112,.T.);
#2247=ADVANCED_FACE('',(#205),#2041,.F.);
#2248=ADVANCED_FACE('',(#206),#2042,.F.);
#2249=ADVANCED_FACE('',(#207),#113,.T.);
#2250=ADVANCED_FACE('',(#208),#2043,.F.);
#2251=ADVANCED_FACE('',(#209),#114,.T.);
#2252=ADVANCED_FACE('',(#210),#2044,.F.);
#2253=ADVANCED_FACE('',(#211),#115,.T.);
#2254=ADVANCED_FACE('',(#212),#2045,.F.);
#2255=ADVANCED_FACE('',(#213),#116,.T.);
#2256=ADVANCED_FACE('',(#214),#117,.T.);
#2257=ADVANCED_FACE('',(#215),#2046,.F.);
#2258=ADVANCED_FACE('',(#216),#118,.T.);
#2259=ADVANCED_FACE('',(#217),#2047,.F.);
#2260=ADVANCED_FACE('',(#218),#119,.T.);
#2261=ADVANCED_FACE('',(#219),#2048,.F.);
#2262=ADVANCED_FACE('',(#220),#120,.T.);
#2263=ADVANCED_FACE('',(#221),#2049,.F.);
#2264=ADVANCED_FACE('',(#222),#2050,.F.);
#2265=ADVANCED_FACE('',(#223),#121,.T.);
#2266=ADVANCED_FACE('',(#224),#2051,.F.);
#2267=ADVANCED_FACE('',(#225),#122,.T.);
#2268=ADVANCED_FACE('',(#226),#2052,.F.);
#2269=ADVANCED_FACE('',(#227),#123,.T.);
#2270=ADVANCED_FACE('',(#228),#2053,.F.);
#2271=ADVANCED_FACE('',(#229),#124,.T.);
#2272=ADVANCED_FACE('',(#230),#2054,.F.);
#2273=ADVANCED_FACE('',(#231),#125,.T.);
#2274=ADVANCED_FACE('',(#232),#2055,.F.);
#2275=ADVANCED_FACE('',(#233),#126,.T.);
#2276=ADVANCED_FACE('',(#234),#2056,.F.);
#2277=ADVANCED_FACE('',(#235),#127,.T.);
#2278=ADVANCED_FACE('',(#236),#2057,.F.);
#2279=ADVANCED_FACE('',(#237),#128,.T.);
#2280=ADVANCED_FACE('',(#238),#129,.T.);
#2281=ADVANCED_FACE('',(#239),#23,.T.);
#2282=ADVANCED_FACE('',(#240),#2058,.T.);
#2283=ADVANCED_FACE('',(#241),#130,.T.);
#2284=ADVANCED_FACE('',(#242,#73),#131,.T.);
#2285=ADVANCED_FACE('',(#243),#132,.F.);
#2286=ADVANCED_FACE('',(#244,#74),#133,.T.);
#2287=ADVANCED_FACE('',(#245),#2059,.F.);
#2288=ADVANCED_FACE('',(#246,#75),#134,.T.);
#2289=ADVANCED_FACE('',(#247),#2060,.F.);
#2290=ADVANCED_FACE('',(#248),#135,.T.);
#2291=ADVANCED_FACE('',(#249),#2061,.F.);
#2292=CLOSED_SHELL('',(#2178,#2179,#2180,#2181,#2182,#2183,#2184,#2185,
#2186,#2187,#2188,#2189,#2190,#2191,#2192,#2193,#2194,#2195,#2196,#2197,
#2198,#2199,#2200,#2201,#2202,#2203,#2204,#2205,#2206,#2207,#2208,#2209,
#2210,#2211,#2212));
#2293=CLOSED_SHELL('',(#2213,#2214,#2215,#2216,#2217,#2218,#2219,#2220,
#2221,#2222,#2223,#2224,#2225,#2226,#2227,#2228,#2229,#2230,#2231,#2232,
#2233,#2234,#2235,#2236,#2237,#2238,#2239,#2240,#2241,#2242,#2243,#2244,
#2245,#2246,#2247,#2248,#2249,#2250,#2251,#2252,#2253,#2254,#2255,#2256,
#2257,#2258,#2259,#2260,#2261,#2262,#2263,#2264,#2265,#2266,#2267,#2268,
#2269,#2270,#2271,#2272,#2273,#2274,#2275,#2276,#2277,#2278,#2279,#2280));
#2294=CLOSED_SHELL('',(#2281,#2282,#2283,#2284,#2285,#2286,#2287,#2288,
#2289,#2290,#2291));
#2295=DERIVED_UNIT_ELEMENT(#2302,1.);
#2296=DERIVED_UNIT_ELEMENT(#4032,-3.);
#2297=DERIVED_UNIT_ELEMENT(#2302,1.);
#2298=DERIVED_UNIT_ELEMENT(#4032,-3.);
#2299=DERIVED_UNIT_ELEMENT(#2302,1.);
#2300=DERIVED_UNIT_ELEMENT(#4032,-3.);
#2301=DIMENSIONAL_EXPONENTS(0.,1.,0.,0.,0.,0.,0.);
#2302=(
CONVERSION_BASED_UNIT('gram',#2304)
MASS_UNIT()
NAMED_UNIT(#2301)
);
#2303=(
MASS_UNIT()
NAMED_UNIT(*)
SI_UNIT(.KILO.,.GRAM.)
);
#2304=MASS_MEASURE_WITH_UNIT(MASS_MEASURE(0.001),#2303);
#2305=DERIVED_UNIT((#2295,#2296));
#2306=DERIVED_UNIT((#2297,#2298));
#2307=DERIVED_UNIT((#2299,#2300));
#2308=MEASURE_REPRESENTATION_ITEM('density measure',
POSITIVE_RATIO_MEASURE(1.),#2305);
#2309=MEASURE_REPRESENTATION_ITEM('density measure',
POSITIVE_RATIO_MEASURE(1.),#2306);
#2310=MEASURE_REPRESENTATION_ITEM('density measure',
POSITIVE_RATIO_MEASURE(1.),#2307);
#2311=PROPERTY_DEFINITION_REPRESENTATION(#2326,#2317);
#2312=PROPERTY_DEFINITION_REPRESENTATION(#2327,#2318);
#2313=PROPERTY_DEFINITION_REPRESENTATION(#2328,#2319);
#2314=PROPERTY_DEFINITION_REPRESENTATION(#2329,#2320);
#2315=PROPERTY_DEFINITION_REPRESENTATION(#2330,#2321);
#2316=PROPERTY_DEFINITION_REPRESENTATION(#2331,#2322);
#2317=REPRESENTATION('material name',(#2323),#4027);
#2318=REPRESENTATION('density',(#2308),#4027);
#2319=REPRESENTATION('material name',(#2324),#4028);
#2320=REPRESENTATION('density',(#2309),#4028);
#2321=REPRESENTATION('material name',(#2325),#4029);
#2322=REPRESENTATION('density',(#2310),#4029);
#2323=DESCRIPTIVE_REPRESENTATION_ITEM('Generic','Generic');
#2324=DESCRIPTIVE_REPRESENTATION_ITEM('Generic','Generic');
#2325=DESCRIPTIVE_REPRESENTATION_ITEM('Generic','Generic');
#2326=PROPERTY_DEFINITION('material property','material name',#4052);
#2327=PROPERTY_DEFINITION('material property','density of part',#4052);
#2328=PROPERTY_DEFINITION('material property','material name',#4053);
#2329=PROPERTY_DEFINITION('material property','density of part',#4053);
#2330=PROPERTY_DEFINITION('material property','material name',#4054);
#2331=PROPERTY_DEFINITION('material property','density of part',#4054);
#2332=PRESENTATION_STYLE_ASSIGNMENT((#2338));
#2333=PRESENTATION_STYLE_ASSIGNMENT((#2339));
#2334=PRESENTATION_STYLE_ASSIGNMENT((#2340));
#2335=PRESENTATION_STYLE_ASSIGNMENT((#2341));
#2336=PRESENTATION_STYLE_ASSIGNMENT((#2342));
#2337=PRESENTATION_STYLE_ASSIGNMENT((#2343));
#2338=SURFACE_STYLE_USAGE(.BOTH.,#2356);
#2339=SURFACE_STYLE_USAGE(.BOTH.,#2357);
#2340=SURFACE_STYLE_USAGE(.BOTH.,#2358);
#2341=SURFACE_STYLE_USAGE(.BOTH.,#2359);
#2342=SURFACE_STYLE_USAGE(.BOTH.,#2360);
#2343=SURFACE_STYLE_USAGE(.BOTH.,#2361);
#2344=SURFACE_STYLE_RENDERING_WITH_PROPERTIES($,#2380,(#2350));
#2345=SURFACE_STYLE_RENDERING_WITH_PROPERTIES($,#2381,(#2351));
#2346=SURFACE_STYLE_RENDERING_WITH_PROPERTIES($,#2382,(#2352));
#2347=SURFACE_STYLE_RENDERING_WITH_PROPERTIES($,#2383,(#2353));
#2348=SURFACE_STYLE_RENDERING_WITH_PROPERTIES($,#2384,(#2354));
#2349=SURFACE_STYLE_RENDERING_WITH_PROPERTIES($,#2385,(#2355));
#2350=SURFACE_STYLE_TRANSPARENT(0.);
#2351=SURFACE_STYLE_TRANSPARENT(0.);
#2352=SURFACE_STYLE_TRANSPARENT(0.);
#2353=SURFACE_STYLE_TRANSPARENT(0.);
#2354=SURFACE_STYLE_TRANSPARENT(0.);
#2355=SURFACE_STYLE_TRANSPARENT(0.);
#2356=SURFACE_SIDE_STYLE('',(#2362,#2344));
#2357=SURFACE_SIDE_STYLE('',(#2363,#2345));
#2358=SURFACE_SIDE_STYLE('',(#2364,#2346));
#2359=SURFACE_SIDE_STYLE('',(#2365,#2347));
#2360=SURFACE_SIDE_STYLE('',(#2366,#2348));
#2361=SURFACE_SIDE_STYLE('',(#2367,#2349));
#2362=SURFACE_STYLE_FILL_AREA(#2368);
#2363=SURFACE_STYLE_FILL_AREA(#2369);
#2364=SURFACE_STYLE_FILL_AREA(#2370);
#2365=SURFACE_STYLE_FILL_AREA(#2371);
#2366=SURFACE_STYLE_FILL_AREA(#2372);
#2367=SURFACE_STYLE_FILL_AREA(#2373);
#2368=FILL_AREA_STYLE('',(#2374));
#2369=FILL_AREA_STYLE('',(#2375));
#2370=FILL_AREA_STYLE('',(#2376));
#2371=FILL_AREA_STYLE('',(#2377));
#2372=FILL_AREA_STYLE('',(#2378));
#2373=FILL_AREA_STYLE('',(#2379));
#2374=FILL_AREA_STYLE_COLOUR('',#2380);
#2375=FILL_AREA_STYLE_COLOUR('',#2381);
#2376=FILL_AREA_STYLE_COLOUR('',#2382);
#2377=FILL_AREA_STYLE_COLOUR('',#2383);
#2378=FILL_AREA_STYLE_COLOUR('',#2384);
#2379=FILL_AREA_STYLE_COLOUR('',#2385);
#2380=COLOUR_RGB('',0.749019607843137,0.749019607843137,0.749019607843137);
#2381=COLOUR_RGB('',0.854901960784314,0.694117647058824,0.854901960784314);
#2382=COLOUR_RGB('',1.,1.,1.);
#2383=COLOUR_RGB('',1.,1.,1.);
#2384=COLOUR_RGB('',1.,1.,1.);
#2385=COLOUR_RGB('',1.,1.,1.);
#2386=DATE_TIME_ROLE('creation_date');
#2387=DATE_TIME_ROLE('creation_date');
#2388=DATE_TIME_ROLE('creation_date');
#2389=DATE_TIME_ROLE('creation_date');
#2390=APPLIED_DATE_AND_TIME_ASSIGNMENT(#2394,#2386,(#4051));
#2391=APPLIED_DATE_AND_TIME_ASSIGNMENT(#2395,#2387,(#4052));
#2392=APPLIED_DATE_AND_TIME_ASSIGNMENT(#2396,#2388,(#4053));
#2393=APPLIED_DATE_AND_TIME_ASSIGNMENT(#2397,#2389,(#4054));
#2394=DATE_AND_TIME(#2398,#2402);
#2395=DATE_AND_TIME(#2399,#2403);
#2396=DATE_AND_TIME(#2400,#2404);
#2397=DATE_AND_TIME(#2401,#2405);
#2398=CALENDAR_DATE(2026,26,4);
#2399=CALENDAR_DATE(2026,15,2);
#2400=CALENDAR_DATE(2026,15,2);
#2401=CALENDAR_DATE(2026,15,2);
#2402=LOCAL_TIME(12,52,23.,#2406);
#2403=LOCAL_TIME(0,0,0.,#2407);
#2404=LOCAL_TIME(0,0,0.,#2408);
#2405=LOCAL_TIME(0,0,0.,#2409);
#2406=COORDINATED_UNIVERSAL_TIME_OFFSET(0,0,.BEHIND.);
#2407=COORDINATED_UNIVERSAL_TIME_OFFSET(0,0,.BEHIND.);
#2408=COORDINATED_UNIVERSAL_TIME_OFFSET(0,0,.BEHIND.);
#2409=COORDINATED_UNIVERSAL_TIME_OFFSET(0,0,.BEHIND.);
#2410=AXIS2_PLACEMENT_3D('',#3282,#2636,#2637);
#2411=AXIS2_PLACEMENT_3D('',#3283,#2638,#2639);
#2412=AXIS2_PLACEMENT_3D('',#3284,#2640,#2641);
#2413=AXIS2_PLACEMENT_3D('',#3287,#2642,#2643);
#2414=AXIS2_PLACEMENT_3D('',#3291,#2645,#2646);
#2415=AXIS2_PLACEMENT_3D('',#3293,#2648,#2649);
#2416=AXIS2_PLACEMENT_3D('',#3301,#2654,#2655);
#2417=AXIS2_PLACEMENT_3D('',#3304,#2656,#2657);
#2418=AXIS2_PLACEMENT_3D('',#3308,#2659,#2660);
#2419=AXIS2_PLACEMENT_3D('',#3310,#2662,#2663);
#2420=AXIS2_PLACEMENT_3D('',#3318,#2668,#2669);
#2421=AXIS2_PLACEMENT_3D('',#3329,#2675,#2676);
#2422=AXIS2_PLACEMENT_3D('',#3332,#2678,#2679);
#2423=AXIS2_PLACEMENT_3D('',#3333,#2680,#2681);
#2424=AXIS2_PLACEMENT_3D('',#3336,#2683,#2684);
#2425=AXIS2_PLACEMENT_3D('',#3337,#2685,#2686);
#2426=AXIS2_PLACEMENT_3D('',#3340,#2688,#2689);
#2427=AXIS2_PLACEMENT_3D('',#3341,#2690,#2691);
#2428=AXIS2_PLACEMENT_3D('',#3343,#2693,#2694);
#2429=AXIS2_PLACEMENT_3D('',#3346,#2697,#2698);
#2430=AXIS2_PLACEMENT_3D('',#3348,#2699,#2700);
#2431=AXIS2_PLACEMENT_3D('',#3352,#2702,#2703);
#2432=AXIS2_PLACEMENT_3D('',#3356,#2705,#2706);
#2433=AXIS2_PLACEMENT_3D('',#3359,#2708,#2709);
#2434=AXIS2_PLACEMENT_3D('',#3361,#2710,#2711);
#2435=AXIS2_PLACEMENT_3D('',#3363,#2712,#2713);
#2436=AXIS2_PLACEMENT_3D('',#3365,#2714,#2715);
#2437=AXIS2_PLACEMENT_3D('',#3367,#2716,#2717);
#2438=AXIS2_PLACEMENT_3D('',#3368,#2718,#2719);
#2439=AXIS2_PLACEMENT_3D('',#3371,#2721,#2722);
#2440=AXIS2_PLACEMENT_3D('',#3372,#2723,#2724);
#2441=AXIS2_PLACEMENT_3D('',#3375,#2726,#2727);
#2442=AXIS2_PLACEMENT_3D('',#3376,#2728,#2729);
#2443=AXIS2_PLACEMENT_3D('',#3379,#2731,#2732);
#2444=AXIS2_PLACEMENT_3D('',#3380,#2733,#2734);
#2445=AXIS2_PLACEMENT_3D('',#3383,#2736,#2737);
#2446=AXIS2_PLACEMENT_3D('',#3384,#2738,#2739);
#2447=AXIS2_PLACEMENT_3D('',#3386,#2740,#2741);
#2448=AXIS2_PLACEMENT_3D('',#3387,#2742,#2743);
#2449=AXIS2_PLACEMENT_3D('',#3389,#2744,#2745);
#2450=AXIS2_PLACEMENT_3D('',#3390,#2746,#2747);
#2451=AXIS2_PLACEMENT_3D('',#3392,#2748,#2749);
#2452=AXIS2_PLACEMENT_3D('',#3393,#2750,#2751);
#2453=AXIS2_PLACEMENT_3D('',#3396,#2753,#2754);
#2454=AXIS2_PLACEMENT_3D('',#3397,#2755,#2756);
#2455=AXIS2_PLACEMENT_3D('',#3400,#2758,#2759);
#2456=AXIS2_PLACEMENT_3D('',#3401,#2760,#2761);
#2457=AXIS2_PLACEMENT_3D('',#3403,#2762,#2763);
#2458=AXIS2_PLACEMENT_3D('',#3406,#2765,#2766);
#2459=AXIS2_PLACEMENT_3D('',#3407,#2767,#2768);
#2460=AXIS2_PLACEMENT_3D('',#3410,#2770,#2771);
#2461=AXIS2_PLACEMENT_3D('',#3411,#2772,#2773);
#2462=AXIS2_PLACEMENT_3D('',#3414,#2774,#2775);
#2463=AXIS2_PLACEMENT_3D('',#3417,#2778,#2779);
#2464=AXIS2_PLACEMENT_3D('',#3421,#2782,#2783);
#2465=AXIS2_PLACEMENT_3D('',#3422,#2784,#2785);
#2466=AXIS2_PLACEMENT_3D('',#3425,#2787,#2788);
#2467=AXIS2_PLACEMENT_3D('',#3426,#2789,#2790);
#2468=AXIS2_PLACEMENT_3D('',#3430,#2793,#2794);
#2469=AXIS2_PLACEMENT_3D('',#3431,#2795,#2796);
#2470=AXIS2_PLACEMENT_3D('',#3432,#2797,#2798);
#2471=AXIS2_PLACEMENT_3D('',#3434,#2799,#2800);
#2472=AXIS2_PLACEMENT_3D('',#3436,#2802,#2803);
#2473=AXIS2_PLACEMENT_3D('',#3438,#2805,#2806);
#2474=AXIS2_PLACEMENT_3D('',#3448,#2812,#2813);
#2475=AXIS2_PLACEMENT_3D('',#3454,#2817,#2818);
#2476=AXIS2_PLACEMENT_3D('',#3458,#2821,#2822);
#2477=AXIS2_PLACEMENT_3D('',#3462,#2825,#2826);
#2478=AXIS2_PLACEMENT_3D('',#3464,#2828,#2829);
#2479=AXIS2_PLACEMENT_3D('',#3465,#2830,#2831);
#2480=AXIS2_PLACEMENT_3D('',#3587,#2832,#2833);
#2481=AXIS2_PLACEMENT_3D('',#3591,#2835,#2836);
#2482=AXIS2_PLACEMENT_3D('',#3595,#2838,#2839);
#2483=AXIS2_PLACEMENT_3D('',#3599,#2841,#2842);
#2484=AXIS2_PLACEMENT_3D('',#3611,#2848,#2849);
#2485=AXIS2_PLACEMENT_3D('',#3615,#2851,#2852);
#2486=AXIS2_PLACEMENT_3D('',#3619,#2854,#2855);
#2487=AXIS2_PLACEMENT_3D('',#3623,#2857,#2858);
#2488=AXIS2_PLACEMENT_3D('',#3627,#2860,#2861);
#2489=AXIS2_PLACEMENT_3D('',#3631,#2863,#2864);
#2490=AXIS2_PLACEMENT_3D('',#3635,#2866,#2867);
#2491=AXIS2_PLACEMENT_3D('',#3639,#2869,#2870);
#2492=AXIS2_PLACEMENT_3D('',#3645,#2873,#2874);
#2493=AXIS2_PLACEMENT_3D('',#3649,#2876,#2877);
#2494=AXIS2_PLACEMENT_3D('',#3653,#2879,#2880);
#2495=AXIS2_PLACEMENT_3D('',#3656,#2882,#2883);
#2496=AXIS2_PLACEMENT_3D('',#3659,#2884,#2885);
#2497=AXIS2_PLACEMENT_3D('',#3663,#2887,#2888);
#2498=AXIS2_PLACEMENT_3D('',#3667,#2890,#2891);
#2499=AXIS2_PLACEMENT_3D('',#3671,#2893,#2894);
#2500=AXIS2_PLACEMENT_3D('',#3677,#2897,#2898);
#2501=AXIS2_PLACEMENT_3D('',#3681,#2900,#2901);
#2502=AXIS2_PLACEMENT_3D('',#3685,#2903,#2904);
#2503=AXIS2_PLACEMENT_3D('',#3688,#2906,#2907);
#2504=AXIS2_PLACEMENT_3D('',#3693,#2909,#2910);
#2505=AXIS2_PLACEMENT_3D('',#3697,#2912,#2913);
#2506=AXIS2_PLACEMENT_3D('',#3701,#2915,#2916);
#2507=AXIS2_PLACEMENT_3D('',#3704,#2918,#2919);
#2508=AXIS2_PLACEMENT_3D('',#3706,#2920,#2921);
#2509=AXIS2_PLACEMENT_3D('',#3708,#2922,#2923);
#2510=AXIS2_PLACEMENT_3D('',#3710,#2924,#2925);
#2511=AXIS2_PLACEMENT_3D('',#3711,#2926,#2927);
#2512=AXIS2_PLACEMENT_3D('',#3716,#2930,#2931);
#2513=AXIS2_PLACEMENT_3D('',#3718,#2932,#2933);
#2514=AXIS2_PLACEMENT_3D('',#3719,#2934,#2935);
#2515=AXIS2_PLACEMENT_3D('',#3722,#2937,#2938);
#2516=AXIS2_PLACEMENT_3D('',#3723,#2939,#2940);
#2517=AXIS2_PLACEMENT_3D('',#3726,#2942,#2943);
#2518=AXIS2_PLACEMENT_3D('',#3727,#2944,#2945);
#2519=AXIS2_PLACEMENT_3D('',#3730,#2947,#2948);
#2520=AXIS2_PLACEMENT_3D('',#3731,#2949,#2950);
#2521=AXIS2_PLACEMENT_3D('',#3734,#2952,#2953);
#2522=AXIS2_PLACEMENT_3D('',#3735,#2954,#2955);
#2523=AXIS2_PLACEMENT_3D('',#3739,#2957,#2958);
#2524=AXIS2_PLACEMENT_3D('',#3741,#2960,#2961);
#2525=AXIS2_PLACEMENT_3D('',#3745,#2964,#2965);
#2526=AXIS2_PLACEMENT_3D('',#3749,#2967,#2968);
#2527=AXIS2_PLACEMENT_3D('',#3753,#2970,#2971);
#2528=AXIS2_PLACEMENT_3D('',#3756,#2973,#2974);
#2529=AXIS2_PLACEMENT_3D('',#3761,#2976,#2977);
#2530=AXIS2_PLACEMENT_3D('',#3765,#2979,#2980);
#2531=AXIS2_PLACEMENT_3D('',#3769,#2982,#2983);
#2532=AXIS2_PLACEMENT_3D('',#3772,#2985,#2986);
#2533=AXIS2_PLACEMENT_3D('',#3777,#2988,#2989);
#2534=AXIS2_PLACEMENT_3D('',#3781,#2991,#2992);
#2535=AXIS2_PLACEMENT_3D('',#3785,#2994,#2995);
#2536=AXIS2_PLACEMENT_3D('',#3788,#2997,#2998);
#2537=AXIS2_PLACEMENT_3D('',#3791,#2999,#3000);
#2538=AXIS2_PLACEMENT_3D('',#3795,#3002,#3003);
#2539=AXIS2_PLACEMENT_3D('',#3799,#3005,#3006);
#2540=AXIS2_PLACEMENT_3D('',#3803,#3008,#3009);
#2541=AXIS2_PLACEMENT_3D('',#3809,#3012,#3013);
#2542=AXIS2_PLACEMENT_3D('',#3813,#3015,#3016);
#2543=AXIS2_PLACEMENT_3D('',#3817,#3018,#3019);
#2544=AXIS2_PLACEMENT_3D('',#3820,#3021,#3022);
#2545=AXIS2_PLACEMENT_3D('',#3823,#3023,#3024);
#2546=AXIS2_PLACEMENT_3D('',#3827,#3026,#3027);
#2547=AXIS2_PLACEMENT_3D('',#3831,#3029,#3030);
#2548=AXIS2_PLACEMENT_3D('',#3835,#3032,#3033);
#2549=AXIS2_PLACEMENT_3D('',#3839,#3035,#3036);
#2550=AXIS2_PLACEMENT_3D('',#3843,#3038,#3039);
#2551=AXIS2_PLACEMENT_3D('',#3847,#3041,#3042);
#2552=AXIS2_PLACEMENT_3D('',#3851,#3044,#3045);
#2553=AXIS2_PLACEMENT_3D('',#3861,#3051,#3052);
#2554=AXIS2_PLACEMENT_3D('',#3863,#3054,#3055);
#2555=AXIS2_PLACEMENT_3D('',#3865,#3057,#3058);
#2556=AXIS2_PLACEMENT_3D('',#3867,#3060,#3061);
#2557=AXIS2_PLACEMENT_3D('',#3869,#3063,#3064);
#2558=AXIS2_PLACEMENT_3D('',#3871,#3066,#3067);
#2559=AXIS2_PLACEMENT_3D('',#3874,#3070,#3071);
#2560=AXIS2_PLACEMENT_3D('',#3876,#3073,#3074);
#2561=AXIS2_PLACEMENT_3D('',#3878,#3076,#3077);
#2562=AXIS2_PLACEMENT_3D('',#3879,#3078,#3079);
#2563=AXIS2_PLACEMENT_3D('',#3882,#3082,#3083);
#2564=AXIS2_PLACEMENT_3D('',#3884,#3085,#3086);
#2565=AXIS2_PLACEMENT_3D('',#3886,#3088,#3089);
#2566=AXIS2_PLACEMENT_3D('',#3888,#3091,#3092);
#2567=AXIS2_PLACEMENT_3D('',#3890,#3094,#3095);
#2568=AXIS2_PLACEMENT_3D('',#3892,#3097,#3098);
#2569=AXIS2_PLACEMENT_3D('',#3894,#3100,#3101);
#2570=AXIS2_PLACEMENT_3D('',#3895,#3102,#3103);
#2571=AXIS2_PLACEMENT_3D('',#3898,#3106,#3107);
#2572=AXIS2_PLACEMENT_3D('',#3900,#3109,#3110);
#2573=AXIS2_PLACEMENT_3D('',#3902,#3112,#3113);
#2574=AXIS2_PLACEMENT_3D('',#3904,#3115,#3116);
#2575=AXIS2_PLACEMENT_3D('',#3906,#3118,#3119);
#2576=AXIS2_PLACEMENT_3D('',#3908,#3121,#3122);
#2577=AXIS2_PLACEMENT_3D('',#3910,#3124,#3125);
#2578=AXIS2_PLACEMENT_3D('',#3911,#3126,#3127);
#2579=AXIS2_PLACEMENT_3D('',#3914,#3130,#3131);
#2580=AXIS2_PLACEMENT_3D('',#3916,#3133,#3134);
#2581=AXIS2_PLACEMENT_3D('',#3918,#3136,#3137);
#2582=AXIS2_PLACEMENT_3D('',#3920,#3139,#3140);
#2583=AXIS2_PLACEMENT_3D('',#3922,#3142,#3143);
#2584=AXIS2_PLACEMENT_3D('',#3924,#3145,#3146);
#2585=AXIS2_PLACEMENT_3D('',#3926,#3148,#3149);
#2586=AXIS2_PLACEMENT_3D('',#3927,#3150,#3151);
#2587=AXIS2_PLACEMENT_3D('',#3930,#3154,#3155);
#2588=AXIS2_PLACEMENT_3D('',#3932,#3157,#3158);
#2589=AXIS2_PLACEMENT_3D('',#3934,#3160,#3161);
#2590=AXIS2_PLACEMENT_3D('',#3936,#3163,#3164);
#2591=AXIS2_PLACEMENT_3D('',#3938,#3166,#3167);
#2592=AXIS2_PLACEMENT_3D('',#3940,#3169,#3170);
#2593=AXIS2_PLACEMENT_3D('',#3942,#3172,#3173);
#2594=AXIS2_PLACEMENT_3D('',#3943,#3174,#3175);
#2595=AXIS2_PLACEMENT_3D('',#3946,#3178,#3179);
#2596=AXIS2_PLACEMENT_3D('',#3948,#3181,#3182);
#2597=AXIS2_PLACEMENT_3D('',#3950,#3184,#3185);
#2598=AXIS2_PLACEMENT_3D('',#3952,#3187,#3188);
#2599=AXIS2_PLACEMENT_3D('',#3954,#3190,#3191);
#2600=AXIS2_PLACEMENT_3D('',#3956,#3193,#3194);
#2601=AXIS2_PLACEMENT_3D('',#3958,#3196,#3197);
#2602=AXIS2_PLACEMENT_3D('',#3959,#3198,#3199);
#2603=AXIS2_PLACEMENT_3D('',#3962,#3202,#3203);
#2604=AXIS2_PLACEMENT_3D('',#3964,#3205,#3206);
#2605=AXIS2_PLACEMENT_3D('',#3966,#3208,#3209);
#2606=AXIS2_PLACEMENT_3D('',#3968,#3211,#3212);
#2607=AXIS2_PLACEMENT_3D('',#3970,#3214,#3215);
#2608=AXIS2_PLACEMENT_3D('',#3972,#3217,#3218);
#2609=AXIS2_PLACEMENT_3D('',#3974,#3220,#3221);
#2610=AXIS2_PLACEMENT_3D('',#3975,#3222,#3223);
#2611=AXIS2_PLACEMENT_3D('',#3976,#3224,#3225);
#2612=AXIS2_PLACEMENT_3D('',#3977,#3226,#3227);
#2613=AXIS2_PLACEMENT_3D('',#3979,#3228,#3229);
#2614=AXIS2_PLACEMENT_3D('',#3983,#3231,#3232);
#2615=AXIS2_PLACEMENT_3D('',#3984,#3233,#3234);
#2616=AXIS2_PLACEMENT_3D('',#3985,#3235,#3236);
#2617=AXIS2_PLACEMENT_3D('',#3988,#3238,#3239);
#2618=AXIS2_PLACEMENT_3D('',#3989,#3240,#3241);
#2619=AXIS2_PLACEMENT_3D('',#3990,#3242,#3243);
#2620=AXIS2_PLACEMENT_3D('',#3992,#3244,#3245);
#2621=AXIS2_PLACEMENT_3D('',#3996,#3247,#3248);
#2622=AXIS2_PLACEMENT_3D('',#3997,#3249,#3250);
#2623=AXIS2_PLACEMENT_3D('',#4003,#3254,#3255);
#2624=AXIS2_PLACEMENT_3D('',#4005,#3256,#3257);
#2625=AXIS2_PLACEMENT_3D('',#4006,#3258,#3259);
#2626=AXIS2_PLACEMENT_3D('',#4009,#3261,#3262);
#2627=AXIS2_PLACEMENT_3D('',#4010,#3263,#3264);
#2628=AXIS2_PLACEMENT_3D('',#4012,#3265,#3266);
#2629=AXIS2_PLACEMENT_3D('',#4013,#3267,#3268);
#2630=AXIS2_PLACEMENT_3D('',#4014,#3269,#3270);
#2631=AXIS2_PLACEMENT_3D('',#4015,#3271,#3272);
#2632=AXIS2_PLACEMENT_3D('',#4016,#3273,#3274);
#2633=AXIS2_PLACEMENT_3D('',#4018,#3276,#3277);
#2634=AXIS2_PLACEMENT_3D('',#4019,#3278,#3279);
#2635=AXIS2_PLACEMENT_3D('',#4020,#3280,#3281);
#2636=DIRECTION('axis',(0.,0.,1.));
#2637=DIRECTION('refdir',(1.,0.,0.));
#2638=DIRECTION('axis',(0.,0.,1.));
#2639=DIRECTION('refdir',(1.,0.,0.));
#2640=DIRECTION('center_axis',(0.,0.,1.));
#2641=DIRECTION('ref_axis',(0.707106781186548,0.707106781186547,0.));
#2642=DIRECTION('center_axis',(-1.05234409917076E-16,0.,-1.));
#2643=DIRECTION('ref_axis',(0.707106781186548,0.707106781186547,0.));
#2644=DIRECTION('',(0.,0.,1.));
#2645=DIRECTION('center_axis',(1.37915903680144E-16,0.,1.));
#2646=DIRECTION('ref_axis',(0.707106781186548,0.707106781186547,0.));
#2647=DIRECTION('',(0.,0.,-1.));
#2648=DIRECTION('center_axis',(1.,0.,0.));
#2649=DIRECTION('ref_axis',(0.,1.,0.));
#2650=DIRECTION('',(0.,1.,0.));
#2651=DIRECTION('',(0.,0.,-1.));
#2652=DIRECTION('',(0.,1.,0.));
#2653=DIRECTION('',(0.,-1.,0.));
#2654=DIRECTION('center_axis',(0.,0.,1.));
#2655=DIRECTION('ref_axis',(0.707106781186547,-0.707106781186548,0.));
#2656=DIRECTION('center_axis',(1.05234409917076E-16,0.,1.));
#2657=DIRECTION('ref_axis',(0.707106781186547,-0.707106781186548,0.));
#2658=DIRECTION('',(0.,0.,1.));
#2659=DIRECTION('center_axis',(0.,0.,1.));
#2660=DIRECTION('ref_axis',(0.707106781186547,-0.707106781186548,0.));
#2661=DIRECTION('',(0.,0.,-1.));
#2662=DIRECTION('center_axis',(-1.,0.,0.));
#2663=DIRECTION('ref_axis',(0.,-1.,0.));
#2664=DIRECTION('',(0.,-1.,0.));
#2665=DIRECTION('',(0.,0.,-1.));
#2666=DIRECTION('',(0.,1.,0.));
#2667=DIRECTION('',(0.,-1.,0.));
#2668=DIRECTION('center_axis',(-1.05234409917076E-16,0.,-1.));
#2669=DIRECTION('ref_axis',(-1.,0.,1.05234409917076E-16));
#2670=DIRECTION('',(1.,0.,-1.37915903680144E-16));
#2671=DIRECTION('',(0.,-1.,0.));
#2672=DIRECTION('',(-1.,0.,1.05234409917076E-16));
#2673=DIRECTION('',(0.,1.,0.));
#2674=DIRECTION('',(1.,0.,-1.37915903680144E-16));
#2675=DIRECTION('center_axis',(1.05234409917076E-16,0.,1.));
#2676=DIRECTION('ref_axis',(-0.707106781186548,-0.707106781186547,0.));
#2677=DIRECTION('',(-1.,-3.96508223080413E-17,1.05234409917076E-16));
#2678=DIRECTION('center_axis',(-1.05234409917076E-16,0.,-1.));
#2679=DIRECTION('ref_axis',(-0.707106781186548,0.707106781186547,0.));
#2680=DIRECTION('center_axis',(0.,0.,-1.));
#2681=DIRECTION('ref_axis',(-0.707106781186548,-0.707106781186547,0.));
#2682=DIRECTION('',(0.,0.,1.));
#2683=DIRECTION('center_axis',(0.,0.,1.));
#2684=DIRECTION('ref_axis',(-0.707106781186548,-0.707106781186547,0.));
#2685=DIRECTION('center_axis',(0.,0.,1.));
#2686=DIRECTION('ref_axis',(-0.707106781186548,0.707106781186547,0.));
#2687=DIRECTION('',(0.,0.,1.));
#2688=DIRECTION('center_axis',(1.37915903680144E-16,0.,1.));
#2689=DIRECTION('ref_axis',(-0.707106781186548,0.707106781186547,0.));
#2690=DIRECTION('center_axis',(-3.96508223080413E-17,1.,0.));
#2691=DIRECTION('ref_axis',(-1.,-3.96508223080413E-17,1.05234409917076E-16));
#2692=DIRECTION('',(1.,3.96508223080413E-17,-1.37915903680144E-16));
#2693=DIRECTION('center_axis',(0.,0.,1.));
#2694=DIRECTION('ref_axis',(1.,0.,0.));
#2695=DIRECTION('',(1.,0.,-1.37915903680144E-16));
#2696=DIRECTION('',(1.,0.,0.));
#2697=DIRECTION('center_axis',(0.,-1.,0.));
#2698=DIRECTION('ref_axis',(0.,0.,-1.));
#2699=DIRECTION('center_axis',(0.,-1.,0.));
#2700=DIRECTION('ref_axis',(0.,0.,-1.));
#2701=DIRECTION('',(1.40091233391187E-16,0.,1.));
#2702=DIRECTION('center_axis',(0.,-1.,0.));
#2703=DIRECTION('ref_axis',(1.,0.,1.66533453693773E-16));
#2704=DIRECTION('',(-1.,0.,8.61974398000898E-17));
#2705=DIRECTION('center_axis',(0.,-1.,0.));
#2706=DIRECTION('ref_axis',(2.66240533483251E-17,0.,1.));
#2707=DIRECTION('',(-7.00456166955935E-17,0.,-1.));
#2708=DIRECTION('center_axis',(0.,-1.,0.));
#2709=DIRECTION('ref_axis',(-1.,0.,0.));
#2710=DIRECTION('center_axis',(0.,1.,0.));
#2711=DIRECTION('ref_axis',(-1.,0.,0.));
#2712=DIRECTION('center_axis',(0.,1.,0.));
#2713=DIRECTION('ref_axis',(-1.,0.,0.));
#2714=DIRECTION('center_axis',(0.,1.,0.));
#2715=DIRECTION('ref_axis',(-1.,0.,0.));
#2716=DIRECTION('center_axis',(0.,1.,0.));
#2717=DIRECTION('ref_axis',(-1.,0.,0.));
#2718=DIRECTION('center_axis',(0.,-1.,0.));
#2719=DIRECTION('ref_axis',(-1.,0.,0.));
#2720=DIRECTION('',(0.,1.,0.));
#2721=DIRECTION('center_axis',(0.,-1.,0.));
#2722=DIRECTION('ref_axis',(-1.,0.,0.));
#2723=DIRECTION('center_axis',(0.,-1.,0.));
#2724=DIRECTION('ref_axis',(-1.,0.,0.));
#2725=DIRECTION('',(0.,1.,0.));
#2726=DIRECTION('center_axis',(0.,-1.,0.));
#2727=DIRECTION('ref_axis',(-1.,0.,0.));
#2728=DIRECTION('center_axis',(0.,-1.,0.));
#2729=DIRECTION('ref_axis',(-1.,0.,0.));
#2730=DIRECTION('',(0.,1.,0.));
#2731=DIRECTION('center_axis',(0.,-1.,0.));
#2732=DIRECTION('ref_axis',(-1.,0.,0.));
#2733=DIRECTION('center_axis',(0.,-1.,0.));
#2734=DIRECTION('ref_axis',(-1.,0.,0.));
#2735=DIRECTION('',(0.,1.,0.));
#2736=DIRECTION('center_axis',(0.,-1.,0.));
#2737=DIRECTION('ref_axis',(-1.,0.,0.));
#2738=DIRECTION('center_axis',(0.,-1.,0.));
#2739=DIRECTION('ref_axis',(0.,0.,-1.));
#2740=DIRECTION('center_axis',(0.,1.,0.));
#2741=DIRECTION('ref_axis',(1.,0.,0.));
#2742=DIRECTION('center_axis',(0.,-1.,0.));
#2743=DIRECTION('ref_axis',(0.,0.,-1.));
#2744=DIRECTION('center_axis',(0.,1.,0.));
#2745=DIRECTION('ref_axis',(1.,0.,0.));
#2746=DIRECTION('center_axis',(0.,-1.,0.));
#2747=DIRECTION('ref_axis',(0.,0.,-1.));
#2748=DIRECTION('center_axis',(0.,1.,0.));
#2749=DIRECTION('ref_axis',(1.,0.,0.));
#2750=DIRECTION('center_axis',(0.,1.,0.));
#2751=DIRECTION('ref_axis',(1.,0.,0.));
#2752=DIRECTION('',(0.,1.,0.));
#2753=DIRECTION('center_axis',(0.,-1.,0.));
#2754=DIRECTION('ref_axis',(1.,0.,0.));
#2755=DIRECTION('center_axis',(0.,1.,0.));
#2756=DIRECTION('ref_axis',(1.,0.,0.));
#2757=DIRECTION('',(0.,1.,0.));
#2758=DIRECTION('center_axis',(0.,-1.,0.));
#2759=DIRECTION('ref_axis',(1.,0.,0.));
#2760=DIRECTION('center_axis',(0.,1.,0.));
#2761=DIRECTION('ref_axis',(1.,0.,0.));
#2762=DIRECTION('center_axis',(0.,1.,0.));
#2763=DIRECTION('ref_axis',(1.,0.,0.));
#2764=DIRECTION('',(0.,1.,0.));
#2765=DIRECTION('center_axis',(0.,-1.,0.));
#2766=DIRECTION('ref_axis',(1.,0.,0.));
#2767=DIRECTION('center_axis',(0.,1.,0.));
#2768=DIRECTION('ref_axis',(1.,0.,0.));
#2769=DIRECTION('',(0.,1.,0.));
#2770=DIRECTION('center_axis',(0.,-1.,0.));
#2771=DIRECTION('ref_axis',(1.,0.,0.));
#2772=DIRECTION('center_axis',(0.,1.,0.));
#2773=DIRECTION('ref_axis',(-0.707106781186547,0.,0.707106781186547));
#2774=DIRECTION('center_axis',(0.,-1.,0.));
#2775=DIRECTION('ref_axis',(-0.707106781186547,0.,0.707106781186547));
#2776=DIRECTION('',(0.,-1.,0.));
#2777=DIRECTION('',(0.,1.,0.));
#2778=DIRECTION('center_axis',(7.89258074378073E-17,0.,1.));
#2779=DIRECTION('ref_axis',(1.,0.,-7.89258074378073E-17));
#2780=DIRECTION('',(0.,-1.,0.));
#2781=DIRECTION('',(1.,0.,-7.89258074378073E-17));
#2782=DIRECTION('center_axis',(0.,-1.,0.));
#2783=DIRECTION('ref_axis',(0.,0.,-1.));
#2784=DIRECTION('center_axis',(0.,-1.,0.));
#2785=DIRECTION('ref_axis',(0.707106781186548,0.,0.707106781186547));
#2786=DIRECTION('',(0.,1.,0.));
#2787=DIRECTION('center_axis',(0.,-1.,0.));
#2788=DIRECTION('ref_axis',(0.707106781186548,0.,0.707106781186547));
#2789=DIRECTION('center_axis',(1.,0.,-1.064962133933E-16));
#2790=DIRECTION('ref_axis',(-1.064962133933E-16,0.,-1.));
#2791=DIRECTION('',(0.,-1.,0.));
#2792=DIRECTION('',(-1.064962133933E-16,0.,-1.));
#2793=DIRECTION('center_axis',(0.,1.,0.));
#2794=DIRECTION('ref_axis',(0.707106781186547,0.,-0.707106781186547));
#2795=DIRECTION('center_axis',(0.,-1.,0.));
#2796=DIRECTION('ref_axis',(0.707106781186547,0.,-0.707106781186547));
#2797=DIRECTION('center_axis',(0.,1.,0.));
#2798=DIRECTION('ref_axis',(-0.707106781186547,0.,-0.707106781186547));
#2799=DIRECTION('center_axis',(0.,-1.,0.));
#2800=DIRECTION('ref_axis',(-0.707106781186547,0.,-0.707106781186547));
#2801=DIRECTION('',(0.,1.,0.));
#2802=DIRECTION('center_axis',(-1.,0.,5.32481066966502E-17));
#2803=DIRECTION('ref_axis',(5.32481066966502E-17,0.,1.));
#2804=DIRECTION('',(5.32481066966502E-17,0.,1.));
#2805=DIRECTION('center_axis',(0.,-1.,0.));
#2806=DIRECTION('ref_axis',(0.,0.,-1.));
#2807=DIRECTION('',(-1.,0.,-2.15493599500225E-18));
#2808=DIRECTION('',(-1.40091233391187E-16,0.,1.));
#2809=DIRECTION('',(1.,0.,-1.37915903680144E-16));
#2810=DIRECTION('',(1.,0.,-1.37915903680144E-16));
#2811=DIRECTION('',(-1.40091233391187E-16,0.,-1.));
#2812=DIRECTION('center_axis',(2.15493599500225E-18,0.,-1.));
#2813=DIRECTION('ref_axis',(-1.,0.,-2.15493599500225E-18));
#2814=DIRECTION('',(0.,1.,0.));
#2815=DIRECTION('',(-1.,0.,-2.15493599500225E-18));
#2816=DIRECTION('',(0.,1.,0.));
#2817=DIRECTION('center_axis',(-1.,0.,-1.40091233391187E-16));
#2818=DIRECTION('ref_axis',(-1.40091233391187E-16,0.,1.));
#2819=DIRECTION('',(-1.40091233391187E-16,0.,1.));
#2820=DIRECTION('',(0.,1.,0.));
#2821=DIRECTION('center_axis',(1.37915903680144E-16,0.,1.));
#2822=DIRECTION('ref_axis',(1.,0.,-1.37915903680144E-16));
#2823=DIRECTION('',(1.,0.,-1.37915903680144E-16));
#2824=DIRECTION('',(0.,1.,0.));
#2825=DIRECTION('center_axis',(1.,0.,-1.40091233391187E-16));
#2826=DIRECTION('ref_axis',(-1.40091233391187E-16,0.,-1.));
#2827=DIRECTION('',(-1.40091233391187E-16,0.,-1.));
#2828=DIRECTION('center_axis',(0.,1.,0.));
#2829=DIRECTION('ref_axis',(0.,0.,1.));
#2830=DIRECTION('axis',(0.,0.,1.));
#2831=DIRECTION('refdir',(1.,0.,0.));
#2832=DIRECTION('center_axis',(0.,1.,0.));
#2833=DIRECTION('ref_axis',(0.,0.,1.));
#2834=DIRECTION('',(2.12992426786645E-16,0.,1.));
#2835=DIRECTION('center_axis',(0.,-1.,0.));
#2836=DIRECTION('ref_axis',(-0.707106781186547,0.,0.707106781186547));
#2837=DIRECTION('',(1.,0.,-2.10468819834124E-16));
#2838=DIRECTION('center_axis',(0.,-1.,0.));
#2839=DIRECTION('ref_axis',(0.707106781186547,0.,0.707106781186547));
#2840=DIRECTION('',(-1.06496213393323E-16,0.,-1.));
#2841=DIRECTION('center_axis',(0.,-1.,0.));
#2842=DIRECTION('ref_axis',(0.707106781186547,0.,-0.707106781186547));
#2843=DIRECTION('',(-1.,0.,2.10468819834124E-16));
#2844=DIRECTION('',(0.,0.,-1.));
#2845=DIRECTION('',(1.,0.,-2.88369616785755E-16));
#2846=DIRECTION('',(0.,0.,1.));
#2847=DIRECTION('',(-1.,0.,2.88369616785755E-16));
#2848=DIRECTION('center_axis',(0.,-1.,0.));
#2849=DIRECTION('ref_axis',(-8.88178419700125E-14,0.,1.));
#2850=DIRECTION('',(1.,0.,-2.30268479181514E-15));
#2851=DIRECTION('center_axis',(0.,-1.,0.));
#2852=DIRECTION('ref_axis',(-1.,0.,-4.44089209850062E-15));
#2853=DIRECTION('',(0.,0.,1.));
#2854=DIRECTION('center_axis',(0.,-1.,0.));
#2855=DIRECTION('ref_axis',(-4.44089209850064E-15,0.,-1.));
#2856=DIRECTION('',(-1.,0.,0.));
#2857=DIRECTION('center_axis',(0.,-1.,0.));
#2858=DIRECTION('ref_axis',(1.,0.,0.));
#2859=DIRECTION('',(0.,0.,-1.));
#2860=DIRECTION('center_axis',(0.,-1.,0.));
#2861=DIRECTION('ref_axis',(1.,0.,0.));
#2862=DIRECTION('',(0.,0.,-1.));
#2863=DIRECTION('center_axis',(0.,-1.,0.));
#2864=DIRECTION('ref_axis',(-5.77315972805083E-14,0.,1.));
#2865=DIRECTION('',(1.,0.,0.));
#2866=DIRECTION('center_axis',(0.,-1.,0.));
#2867=DIRECTION('ref_axis',(-1.,0.,-4.44089209850062E-15));
#2868=DIRECTION('',(0.,0.,1.));
#2869=DIRECTION('center_axis',(0.,-1.,0.));
#2870=DIRECTION('ref_axis',(4.44089209850064E-15,0.,-1.));
#2871=DIRECTION('',(-1.,0.,0.));
#2872=DIRECTION('',(0.,0.,1.));
#2873=DIRECTION('center_axis',(0.,-1.,0.));
#2874=DIRECTION('ref_axis',(4.44089209850064E-15,0.,-1.));
#2875=DIRECTION('',(-1.,0.,0.));
#2876=DIRECTION('center_axis',(0.,-1.,0.));
#2877=DIRECTION('ref_axis',(1.,0.,0.));
#2878=DIRECTION('',(0.,0.,-1.));
#2879=DIRECTION('center_axis',(0.,-1.,0.));
#2880=DIRECTION('ref_axis',(-5.77315972805083E-14,0.,1.));
#2881=DIRECTION('',(1.,0.,0.));
#2882=DIRECTION('center_axis',(0.,-1.,0.));
#2883=DIRECTION('ref_axis',(-1.,0.,-4.44089209850062E-15));
#2884=DIRECTION('center_axis',(0.,-1.,0.));
#2885=DIRECTION('ref_axis',(1.,0.,0.));
#2886=DIRECTION('',(0.,0.,-1.));
#2887=DIRECTION('center_axis',(0.,-1.,0.));
#2888=DIRECTION('ref_axis',(-8.88178419700125E-14,0.,1.));
#2889=DIRECTION('',(1.,0.,-2.30268479181514E-15));
#2890=DIRECTION('center_axis',(0.,-1.,0.));
#2891=DIRECTION('ref_axis',(-1.,0.,-4.44089209850062E-15));
#2892=DIRECTION('',(0.,0.,1.));
#2893=DIRECTION('center_axis',(0.,-1.,0.));
#2894=DIRECTION('ref_axis',(-4.44089209850064E-15,0.,-1.));
#2895=DIRECTION('',(-1.,0.,6.57909940518613E-16));
#2896=DIRECTION('',(-1.,0.,1.97372982155584E-15));
#2897=DIRECTION('center_axis',(0.,-1.,0.));
#2898=DIRECTION('ref_axis',(1.,0.,0.));
#2899=DIRECTION('',(0.,0.,-1.));
#2900=DIRECTION('center_axis',(0.,-1.,0.));
#2901=DIRECTION('ref_axis',(-5.77315972805117E-14,0.,1.));
#2902=DIRECTION('',(1.,0.,-2.30268479181514E-15));
#2903=DIRECTION('center_axis',(0.,-1.,0.));
#2904=DIRECTION('ref_axis',(-1.,0.,0.));
#2905=DIRECTION('',(0.,0.,1.));
#2906=DIRECTION('center_axis',(0.,-1.,0.));
#2907=DIRECTION('ref_axis',(0.,0.,-1.));
#2908=DIRECTION('',(1.,0.,0.));
#2909=DIRECTION('center_axis',(0.,-1.,0.));
#2910=DIRECTION('ref_axis',(-1.,0.,-4.4408920985006E-15));
#2911=DIRECTION('',(0.,0.,1.));
#2912=DIRECTION('center_axis',(0.,-1.,0.));
#2913=DIRECTION('ref_axis',(0.,0.,-1.));
#2914=DIRECTION('',(-1.,0.,2.63163976207445E-15));
#2915=DIRECTION('center_axis',(0.,-1.,0.));
#2916=DIRECTION('ref_axis',(1.,0.,0.));
#2917=DIRECTION('',(0.,0.,-1.));
#2918=DIRECTION('center_axis',(0.,-1.,0.));
#2919=DIRECTION('ref_axis',(-5.77315972805083E-14,0.,1.));
#2920=DIRECTION('center_axis',(0.,-1.,0.));
#2921=DIRECTION('ref_axis',(1.,0.,0.));
#2922=DIRECTION('center_axis',(0.,-1.,0.));
#2923=DIRECTION('ref_axis',(1.,0.,0.));
#2924=DIRECTION('center_axis',(0.,-1.,0.));
#2925=DIRECTION('ref_axis',(1.,0.,0.));
#2926=DIRECTION('center_axis',(0.,1.,0.));
#2927=DIRECTION('ref_axis',(0.,0.,1.));
#2928=DIRECTION('',(2.80182466782451E-16,0.,1.));
#2929=DIRECTION('',(-1.,0.,2.75831807360237E-16));
#2930=DIRECTION('center_axis',(0.,1.,0.));
#2931=DIRECTION('ref_axis',(0.,0.,-1.));
#2932=DIRECTION('center_axis',(0.,-1.,0.));
#2933=DIRECTION('ref_axis',(-1.,0.,0.));
#2934=DIRECTION('center_axis',(0.,-1.,0.));
#2935=DIRECTION('ref_axis',(1.,0.,0.));
#2936=DIRECTION('',(0.,-1.,0.));
#2937=DIRECTION('center_axis',(0.,1.,0.));
#2938=DIRECTION('ref_axis',(1.,0.,0.));
#2939=DIRECTION('center_axis',(0.,-1.,0.));
#2940=DIRECTION('ref_axis',(1.,0.,0.));
#2941=DIRECTION('',(0.,-1.,0.));
#2942=DIRECTION('center_axis',(0.,1.,0.));
#2943=DIRECTION('ref_axis',(1.,0.,0.));
#2944=DIRECTION('center_axis',(0.,-1.,0.));
#2945=DIRECTION('ref_axis',(1.,0.,0.));
#2946=DIRECTION('',(0.,-1.,0.));
#2947=DIRECTION('center_axis',(0.,1.,0.));
#2948=DIRECTION('ref_axis',(1.,0.,0.));
#2949=DIRECTION('center_axis',(0.,-1.,0.));
#2950=DIRECTION('ref_axis',(1.,0.,0.));
#2951=DIRECTION('',(0.,-1.,0.));
#2952=DIRECTION('center_axis',(0.,1.,0.));
#2953=DIRECTION('ref_axis',(1.,0.,0.));
#2954=DIRECTION('center_axis',(0.,1.,0.));
#2955=DIRECTION('ref_axis',(0.707106781186547,0.,0.707106781186547));
#2956=DIRECTION('',(0.,-1.,0.));
#2957=DIRECTION('center_axis',(0.,1.,0.));
#2958=DIRECTION('ref_axis',(0.707106781186547,0.,0.707106781186547));
#2959=DIRECTION('',(0.,1.,0.));
#2960=DIRECTION('center_axis',(1.,0.,-1.06496213393323E-16));
#2961=DIRECTION('ref_axis',(-1.06496213393323E-16,0.,-1.));
#2962=DIRECTION('',(-1.06496213393323E-16,0.,-1.));
#2963=DIRECTION('',(0.,-1.,0.));
#2964=DIRECTION('center_axis',(0.,1.,0.));
#2965=DIRECTION('ref_axis',(0.,0.,1.));
#2966=DIRECTION('',(1.,0.,-2.10468819834124E-16));
#2967=DIRECTION('center_axis',(0.,1.,0.));
#2968=DIRECTION('ref_axis',(-0.707106781186547,0.,0.707106781186547));
#2969=DIRECTION('',(2.12992426786645E-16,0.,1.));
#2970=DIRECTION('center_axis',(0.,1.,0.));
#2971=DIRECTION('ref_axis',(-0.707106781186547,0.,-0.707106781186547));
#2972=DIRECTION('',(-1.,0.,2.10468819834124E-16));
#2973=DIRECTION('center_axis',(0.,1.,0.));
#2974=DIRECTION('ref_axis',(0.707106781186547,0.,-0.707106781186547));
#2975=DIRECTION('',(1.,0.,0.));
#2976=DIRECTION('center_axis',(0.,-1.,0.));
#2977=DIRECTION('ref_axis',(-5.77315972805083E-14,0.,1.));
#2978=DIRECTION('',(0.,0.,-1.));
#2979=DIRECTION('center_axis',(0.,-1.,0.));
#2980=DIRECTION('ref_axis',(1.,0.,0.));
#2981=DIRECTION('',(-1.,0.,2.63163976207445E-15));
#2982=DIRECTION('center_axis',(0.,-1.,0.));
#2983=DIRECTION('ref_axis',(0.,0.,-1.));
#2984=DIRECTION('',(0.,0.,1.));
#2985=DIRECTION('center_axis',(0.,-1.,0.));
#2986=DIRECTION('ref_axis',(-1.,0.,-4.4408920985006E-15));
#2987=DIRECTION('',(-1.,0.,1.97372982155584E-15));
#2988=DIRECTION('center_axis',(0.,-1.,0.));
#2989=DIRECTION('ref_axis',(0.,0.,-1.));
#2990=DIRECTION('',(0.,0.,1.));
#2991=DIRECTION('center_axis',(0.,-1.,0.));
#2992=DIRECTION('ref_axis',(-1.,0.,0.));
#2993=DIRECTION('',(1.,0.,-2.30268479181514E-15));
#2994=DIRECTION('center_axis',(0.,-1.,0.));
#2995=DIRECTION('ref_axis',(-5.77315972805117E-14,0.,1.));
#2996=DIRECTION('',(0.,0.,-1.));
#2997=DIRECTION('center_axis',(0.,-1.,0.));
#2998=DIRECTION('ref_axis',(1.,0.,0.));
#2999=DIRECTION('center_axis',(0.,-1.,0.));
#3000=DIRECTION('ref_axis',(1.,0.,0.));
#3001=DIRECTION('',(-1.,0.,6.57909940518613E-16));
#3002=DIRECTION('center_axis',(0.,-1.,0.));
#3003=DIRECTION('ref_axis',(-4.44089209850064E-15,0.,-1.));
#3004=DIRECTION('',(0.,0.,1.));
#3005=DIRECTION('center_axis',(0.,-1.,0.));
#3006=DIRECTION('ref_axis',(-1.,0.,-4.44089209850062E-15));
#3007=DIRECTION('',(1.,0.,-2.30268479181514E-15));
#3008=DIRECTION('center_axis',(0.,-1.,0.));
#3009=DIRECTION('ref_axis',(-8.88178419700125E-14,0.,1.));
#3010=DIRECTION('',(0.,0.,-1.));
#3011=DIRECTION('',(0.,0.,1.));
#3012=DIRECTION('center_axis',(0.,-1.,0.));
#3013=DIRECTION('ref_axis',(-1.,0.,-4.44089209850062E-15));
#3014=DIRECTION('',(1.,0.,0.));
#3015=DIRECTION('center_axis',(0.,-1.,0.));
#3016=DIRECTION('ref_axis',(-5.77315972805083E-14,0.,1.));
#3017=DIRECTION('',(0.,0.,-1.));
#3018=DIRECTION('center_axis',(0.,-1.,0.));
#3019=DIRECTION('ref_axis',(1.,0.,0.));
#3020=DIRECTION('',(-1.,0.,0.));
#3021=DIRECTION('center_axis',(0.,-1.,0.));
#3022=DIRECTION('ref_axis',(4.44089209850064E-15,0.,-1.));
#3023=DIRECTION('center_axis',(0.,-1.,0.));
#3024=DIRECTION('ref_axis',(1.,0.,0.));
#3025=DIRECTION('',(-1.,0.,0.));
#3026=DIRECTION('center_axis',(0.,-1.,0.));
#3027=DIRECTION('ref_axis',(4.44089209850064E-15,0.,-1.));
#3028=DIRECTION('',(0.,0.,1.));
#3029=DIRECTION('center_axis',(0.,-1.,0.));
#3030=DIRECTION('ref_axis',(-1.,0.,-4.44089209850062E-15));
#3031=DIRECTION('',(1.,0.,0.));
#3032=DIRECTION('center_axis',(0.,-1.,0.));
#3033=DIRECTION('ref_axis',(-5.77315972805083E-14,0.,1.));
#3034=DIRECTION('',(0.,0.,-1.));
#3035=DIRECTION('center_axis',(0.,-1.,0.));
#3036=DIRECTION('ref_axis',(-8.88178419700125E-14,0.,1.));
#3037=DIRECTION('',(0.,0.,-1.));
#3038=DIRECTION('center_axis',(0.,-1.,0.));
#3039=DIRECTION('ref_axis',(1.,0.,0.));
#3040=DIRECTION('',(-1.,0.,0.));
#3041=DIRECTION('center_axis',(0.,-1.,0.));
#3042=DIRECTION('ref_axis',(-4.44089209850064E-15,0.,-1.));
#3043=DIRECTION('',(0.,0.,1.));
#3044=DIRECTION('center_axis',(0.,-1.,0.));
#3045=DIRECTION('ref_axis',(-1.,0.,-4.44089209850062E-15));
#3046=DIRECTION('',(1.,0.,-2.30268479181514E-15));
#3047=DIRECTION('',(0.,0.,-1.));
#3048=DIRECTION('',(-1.,0.,2.88369616785755E-16));
#3049=DIRECTION('',(0.,0.,1.));
#3050=DIRECTION('',(1.,0.,-2.88369616785755E-16));
#3051=DIRECTION('center_axis',(0.,1.,0.));
#3052=DIRECTION('ref_axis',(0.707106781186547,0.,-0.707106781186547));
#3053=DIRECTION('',(0.,1.,0.));
#3054=DIRECTION('center_axis',(-2.10468819834124E-16,0.,-1.));
#3055=DIRECTION('ref_axis',(-1.,0.,2.10468819834124E-16));
#3056=DIRECTION('',(0.,-1.,0.));
#3057=DIRECTION('center_axis',(0.,1.,0.));
#3058=DIRECTION('ref_axis',(-0.707106781186547,0.,-0.707106781186547));
#3059=DIRECTION('',(0.,1.,0.));
#3060=DIRECTION('center_axis',(-1.,0.,2.12992426786645E-16));
#3061=DIRECTION('ref_axis',(2.12992426786645E-16,0.,1.));
#3062=DIRECTION('',(0.,-1.,0.));
#3063=DIRECTION('center_axis',(0.,1.,0.));
#3064=DIRECTION('ref_axis',(-0.707106781186547,0.,0.707106781186547));
#3065=DIRECTION('',(0.,1.,0.));
#3066=DIRECTION('center_axis',(-2.88369616785755E-16,0.,-1.));
#3067=DIRECTION('ref_axis',(-1.,0.,2.88369616785755E-16));
#3068=DIRECTION('',(0.,1.,0.));
#3069=DIRECTION('',(0.,1.,0.));
#3070=DIRECTION('center_axis',(-1.,0.,0.));
#3071=DIRECTION('ref_axis',(0.,0.,1.));
#3072=DIRECTION('',(0.,1.,0.));
#3073=DIRECTION('center_axis',(2.88369616785755E-16,0.,1.));
#3074=DIRECTION('ref_axis',(1.,0.,-2.88369616785755E-16));
#3075=DIRECTION('',(0.,1.,0.));
#3076=DIRECTION('center_axis',(1.,0.,0.));
#3077=DIRECTION('ref_axis',(0.,0.,-1.));
#3078=DIRECTION('center_axis',(1.,0.,0.));
#3079=DIRECTION('ref_axis',(0.,0.,-1.));
#3080=DIRECTION('',(0.,1.,0.));
#3081=DIRECTION('',(0.,1.,0.));
#3082=DIRECTION('center_axis',(0.,1.,0.));
#3083=DIRECTION('ref_axis',(1.,0.,0.));
#3084=DIRECTION('',(0.,1.,0.));
#3085=DIRECTION('center_axis',(0.,0.,-1.));
#3086=DIRECTION('ref_axis',(-1.,0.,0.));
#3087=DIRECTION('',(0.,1.,0.));
#3088=DIRECTION('center_axis',(0.,1.,0.));
#3089=DIRECTION('ref_axis',(-4.44089209850064E-15,0.,-1.));
#3090=DIRECTION('',(0.,1.,0.));
#3091=DIRECTION('center_axis',(-1.,0.,0.));
#3092=DIRECTION('ref_axis',(0.,0.,1.));
#3093=DIRECTION('',(0.,1.,0.));
#3094=DIRECTION('center_axis',(0.,1.,0.));
#3095=DIRECTION('ref_axis',(-1.,0.,-4.44089209850062E-15));
#3096=DIRECTION('',(0.,1.,0.));
#3097=DIRECTION('center_axis',(2.30268479181514E-15,0.,1.));
#3098=DIRECTION('ref_axis',(1.,0.,-2.30268479181514E-15));
#3099=DIRECTION('',(0.,1.,0.));
#3100=DIRECTION('center_axis',(0.,1.,0.));
#3101=DIRECTION('ref_axis',(-8.88178419700125E-14,0.,1.));
#3102=DIRECTION('center_axis',(0.,0.,-1.));
#3103=DIRECTION('ref_axis',(-1.,0.,0.));
#3104=DIRECTION('',(0.,1.,0.));
#3105=DIRECTION('',(0.,1.,0.));
#3106=DIRECTION('center_axis',(0.,1.,0.));
#3107=DIRECTION('ref_axis',(4.44089209850064E-15,0.,-1.));
#3108=DIRECTION('',(0.,1.,0.));
#3109=DIRECTION('center_axis',(-1.,0.,0.));
#3110=DIRECTION('ref_axis',(0.,0.,1.));
#3111=DIRECTION('',(0.,1.,0.));
#3112=DIRECTION('center_axis',(0.,1.,0.));
#3113=DIRECTION('ref_axis',(-1.,0.,-4.44089209850062E-15));
#3114=DIRECTION('',(0.,1.,0.));
#3115=DIRECTION('center_axis',(0.,0.,1.));
#3116=DIRECTION('ref_axis',(1.,0.,0.));
#3117=DIRECTION('',(0.,1.,0.));
#3118=DIRECTION('center_axis',(0.,1.,0.));
#3119=DIRECTION('ref_axis',(-5.77315972805083E-14,0.,1.));
#3120=DIRECTION('',(0.,1.,0.));
#3121=DIRECTION('center_axis',(1.,0.,0.));
#3122=DIRECTION('ref_axis',(0.,0.,-1.));
#3123=DIRECTION('',(0.,1.,0.));
#3124=DIRECTION('center_axis',(0.,1.,0.));
#3125=DIRECTION('ref_axis',(1.,0.,0.));
#3126=DIRECTION('center_axis',(0.,1.,0.));
#3127=DIRECTION('ref_axis',(-1.,0.,-4.44089209850062E-15));
#3128=DIRECTION('',(0.,1.,0.));
#3129=DIRECTION('',(0.,1.,0.));
#3130=DIRECTION('center_axis',(0.,0.,1.));
#3131=DIRECTION('ref_axis',(1.,0.,0.));
#3132=DIRECTION('',(0.,1.,0.));
#3133=DIRECTION('center_axis',(0.,1.,0.));
#3134=DIRECTION('ref_axis',(-5.77315972805083E-14,0.,1.));
#3135=DIRECTION('',(0.,1.,0.));
#3136=DIRECTION('center_axis',(1.,0.,0.));
#3137=DIRECTION('ref_axis',(0.,0.,-1.));
#3138=DIRECTION('',(0.,1.,0.));
#3139=DIRECTION('center_axis',(0.,1.,0.));
#3140=DIRECTION('ref_axis',(1.,0.,0.));
#3141=DIRECTION('',(0.,1.,0.));
#3142=DIRECTION('center_axis',(0.,0.,-1.));
#3143=DIRECTION('ref_axis',(-1.,0.,0.));
#3144=DIRECTION('',(0.,1.,0.));
#3145=DIRECTION('center_axis',(0.,1.,0.));
#3146=DIRECTION('ref_axis',(4.44089209850064E-15,0.,-1.));
#3147=DIRECTION('',(0.,1.,0.));
#3148=DIRECTION('center_axis',(-1.,0.,0.));
#3149=DIRECTION('ref_axis',(0.,0.,1.));
#3150=DIRECTION('center_axis',(-6.57909940518613E-16,0.,-1.));
#3151=DIRECTION('ref_axis',(-1.,0.,6.57909940518613E-16));
#3152=DIRECTION('',(0.,1.,0.));
#3153=DIRECTION('',(0.,1.,0.));
#3154=DIRECTION('center_axis',(0.,1.,0.));
#3155=DIRECTION('ref_axis',(-4.44089209850064E-15,0.,-1.));
#3156=DIRECTION('',(0.,1.,0.));
#3157=DIRECTION('center_axis',(-1.,0.,0.));
#3158=DIRECTION('ref_axis',(0.,0.,1.));
#3159=DIRECTION('',(0.,1.,0.));
#3160=DIRECTION('center_axis',(0.,1.,0.));
#3161=DIRECTION('ref_axis',(-1.,0.,-4.44089209850062E-15));
#3162=DIRECTION('',(0.,1.,0.));
#3163=DIRECTION('center_axis',(2.30268479181514E-15,0.,1.));
#3164=DIRECTION('ref_axis',(1.,0.,-2.30268479181514E-15));
#3165=DIRECTION('',(0.,1.,0.));
#3166=DIRECTION('center_axis',(0.,1.,0.));
#3167=DIRECTION('ref_axis',(-8.88178419700125E-14,0.,1.));
#3168=DIRECTION('',(0.,1.,0.));
#3169=DIRECTION('center_axis',(1.,0.,0.));
#3170=DIRECTION('ref_axis',(0.,0.,-1.));
#3171=DIRECTION('',(0.,1.,0.));
#3172=DIRECTION('center_axis',(0.,1.,0.));
#3173=DIRECTION('ref_axis',(1.,0.,0.));
#3174=DIRECTION('center_axis',(0.,1.,0.));
#3175=DIRECTION('ref_axis',(0.,0.,-1.));
#3176=DIRECTION('',(0.,1.,0.));
#3177=DIRECTION('',(0.,1.,0.));
#3178=DIRECTION('center_axis',(-1.,0.,0.));
#3179=DIRECTION('ref_axis',(0.,0.,1.));
#3180=DIRECTION('',(0.,1.,0.));
#3181=DIRECTION('center_axis',(0.,1.,0.));
#3182=DIRECTION('ref_axis',(-1.,0.,0.));
#3183=DIRECTION('',(0.,1.,0.));
#3184=DIRECTION('center_axis',(2.30268479181514E-15,0.,1.));
#3185=DIRECTION('ref_axis',(1.,0.,-2.30268479181514E-15));
#3186=DIRECTION('',(0.,1.,0.));
#3187=DIRECTION('center_axis',(0.,1.,0.));
#3188=DIRECTION('ref_axis',(-5.77315972805117E-14,0.,1.));
#3189=DIRECTION('',(0.,1.,0.));
#3190=DIRECTION('center_axis',(1.,0.,0.));
#3191=DIRECTION('ref_axis',(0.,0.,-1.));
#3192=DIRECTION('',(0.,1.,0.));
#3193=DIRECTION('center_axis',(0.,1.,0.));
#3194=DIRECTION('ref_axis',(1.,0.,0.));
#3195=DIRECTION('',(0.,1.,0.));
#3196=DIRECTION('center_axis',(-1.97372982155584E-15,0.,-1.));
#3197=DIRECTION('ref_axis',(-1.,0.,1.97372982155584E-15));
#3198=DIRECTION('center_axis',(0.,1.,0.));
#3199=DIRECTION('ref_axis',(-5.77315972805083E-14,0.,1.));
#3200=DIRECTION('',(0.,1.,0.));
#3201=DIRECTION('',(0.,1.,0.));
#3202=DIRECTION('center_axis',(1.,0.,0.));
#3203=DIRECTION('ref_axis',(0.,0.,-1.));
#3204=DIRECTION('',(0.,1.,0.));
#3205=DIRECTION('center_axis',(0.,1.,0.));
#3206=DIRECTION('ref_axis',(1.,0.,0.));
#3207=DIRECTION('',(0.,1.,0.));
#3208=DIRECTION('center_axis',(-2.63163976207445E-15,0.,-1.));
#3209=DIRECTION('ref_axis',(-1.,0.,2.63163976207445E-15));
#3210=DIRECTION('',(0.,1.,0.));
#3211=DIRECTION('center_axis',(0.,1.,0.));
#3212=DIRECTION('ref_axis',(0.,0.,-1.));
#3213=DIRECTION('',(0.,1.,0.));
#3214=DIRECTION('center_axis',(-1.,0.,0.));
#3215=DIRECTION('ref_axis',(0.,0.,1.));
#3216=DIRECTION('',(0.,1.,0.));
#3217=DIRECTION('center_axis',(0.,1.,0.));
#3218=DIRECTION('ref_axis',(-1.,0.,-4.4408920985006E-15));
#3219=DIRECTION('',(0.,1.,0.));
#3220=DIRECTION('center_axis',(0.,0.,1.));
#3221=DIRECTION('ref_axis',(1.,0.,0.));
#3222=DIRECTION('center_axis',(2.10468819834124E-16,0.,1.));
#3223=DIRECTION('ref_axis',(1.,0.,-2.10468819834124E-16));
#3224=DIRECTION('axis',(0.,0.,1.));
#3225=DIRECTION('refdir',(1.,0.,0.));
#3226=DIRECTION('center_axis',(0.,-1.,0.));
#3227=DIRECTION('ref_axis',(1.,0.,0.));
#3228=DIRECTION('center_axis',(0.,-1.,0.));
#3229=DIRECTION('ref_axis',(1.,0.,0.));
#3230=DIRECTION('',(-0.707106781186548,-0.707106781186548,8.65956056235493E-17));
#3231=DIRECTION('center_axis',(0.,1.,0.));
#3232=DIRECTION('ref_axis',(1.,0.,0.));
#3233=DIRECTION('center_axis',(0.,1.,0.));
#3234=DIRECTION('ref_axis',(1.,0.,0.));
#3235=DIRECTION('center_axis',(0.,1.,0.));
#3236=DIRECTION('ref_axis',(-1.,0.,0.));
#3237=DIRECTION('',(0.,-1.,0.));
#3238=DIRECTION('center_axis',(0.,1.,0.));
#3239=DIRECTION('ref_axis',(-1.,0.,0.));
#3240=DIRECTION('center_axis',(0.,1.,0.));
#3241=DIRECTION('ref_axis',(0.,0.,1.));
#3242=DIRECTION('center_axis',(0.,-1.,0.));
#3243=DIRECTION('ref_axis',(0.,0.,-1.));
#3244=DIRECTION('center_axis',(0.,1.,0.));
#3245=DIRECTION('ref_axis',(1.,0.,0.));
#3246=DIRECTION('',(1.46628792765081E-16,0.,-1.));
#3247=DIRECTION('center_axis',(0.,-1.,0.));
#3248=DIRECTION('ref_axis',(1.,0.,0.));
#3249=DIRECTION('center_axis',(-1.,0.,-1.46628792765081E-16));
#3250=DIRECTION('ref_axis',(-1.46628792765081E-16,0.,1.));
#3251=DIRECTION('',(0.,1.,0.));
#3252=DIRECTION('',(-1.46628792765081E-16,0.,1.));
#3253=DIRECTION('',(0.,1.,0.));
#3254=DIRECTION('center_axis',(0.,-1.,0.));
#3255=DIRECTION('ref_axis',(0.,0.,-1.));
#3256=DIRECTION('center_axis',(0.,-1.,0.));
#3257=DIRECTION('ref_axis',(1.,0.,0.));
#3258=DIRECTION('center_axis',(0.,1.,0.));
#3259=DIRECTION('ref_axis',(1.,0.,0.));
#3260=DIRECTION('',(0.,1.,0.));
#3261=DIRECTION('center_axis',(0.,1.,0.));
#3262=DIRECTION('ref_axis',(1.,0.,0.));
#3263=DIRECTION('center_axis',(0.,-1.,0.));
#3264=DIRECTION('ref_axis',(0.,0.,-1.));
#3265=DIRECTION('center_axis',(0.,-1.,0.));
#3266=DIRECTION('ref_axis',(1.,0.,0.));
#3267=DIRECTION('center_axis',(0.,1.,0.));
#3268=DIRECTION('ref_axis',(1.,0.,0.));
#3269=DIRECTION('center_axis',(0.,1.,0.));
#3270=DIRECTION('ref_axis',(1.,0.,0.));
#3271=DIRECTION('center_axis',(0.,-1.,0.));
#3272=DIRECTION('ref_axis',(0.,0.,-1.));
#3273=DIRECTION('center_axis',(0.,1.,0.));
#3274=DIRECTION('ref_axis',(1.,0.,0.));
#3275=DIRECTION('',(0.,1.,0.));
#3276=DIRECTION('',(-3.55415256416297E-16,-1.,-1.110223024625E-16));
#3277=DIRECTION('',(1.,-3.55415256416297E-16,3.10617530030864E-32));
#3278=DIRECTION('',(-4.86958268812613E-16,-1.,-1.110223024625E-16));
#3279=DIRECTION('',(1.,-4.86958268812613E-16,-3.57074958418498E-32));
#3280=DIRECTION('',(1.,3.56064903025813E-17,1.110223024625E-16));
#3281=DIRECTION('',(-3.56064903025813E-17,1.,-1.62790661800761E-32));
#3282=CARTESIAN_POINT('',(0.,0.,0.));
#3283=CARTESIAN_POINT('',(0.,0.,0.));
#3284=CARTESIAN_POINT('Origin',(27.2,5.5,-73.4));
#3285=CARTESIAN_POINT('',(27.2,7.5,-73.4));
#3286=CARTESIAN_POINT('',(29.2,5.5,-73.4));
#3287=CARTESIAN_POINT('Origin',(27.2,5.5,-73.4));
#3288=CARTESIAN_POINT('',(29.2,5.5,-63.4));
#3289=CARTESIAN_POINT('',(29.2,5.5,-73.4));
#3290=CARTESIAN_POINT('',(27.2,7.5,-63.4));
#3291=CARTESIAN_POINT('Origin',(27.2,5.5,-63.4));
#3292=CARTESIAN_POINT('',(27.2,7.5,-73.4));
#3293=CARTESIAN_POINT('Origin',(29.2,-3.,-73.4));
#3294=CARTESIAN_POINT('',(29.2,-1.,-73.4));
#3295=CARTESIAN_POINT('',(29.2,-1.5,-73.4));
#3296=CARTESIAN_POINT('',(29.2,-1.,-63.4));
#3297=CARTESIAN_POINT('',(29.2,-1.,-52.55));
#3298=CARTESIAN_POINT('',(29.2,0.,-63.4));
#3299=CARTESIAN_POINT('',(29.2,7.5,-63.4));
#3300=CARTESIAN_POINT('',(29.2,-1.5,-63.4));
#3301=CARTESIAN_POINT('Origin',(13.2,-1.,-52.55));
#3302=CARTESIAN_POINT('',(13.2,-3.,-73.4));
#3303=CARTESIAN_POINT('',(15.2,-1.,-73.4));
#3304=CARTESIAN_POINT('Origin',(13.2,-1.,-73.4));
#3305=CARTESIAN_POINT('',(15.2,-1.,-63.4));
#3306=CARTESIAN_POINT('',(15.2,-1.,-52.55));
#3307=CARTESIAN_POINT('',(13.2,-3.,-63.4));
#3308=CARTESIAN_POINT('Origin',(13.2,-1.,-63.4));
#3309=CARTESIAN_POINT('',(13.2,-3.,-52.55));
#3310=CARTESIAN_POINT('Origin',(15.2,7.5,-73.4));
#3311=CARTESIAN_POINT('',(15.2,5.5,-73.4));
#3312=CARTESIAN_POINT('',(15.2,3.75,-73.4));
#3313=CARTESIAN_POINT('',(15.2,5.5,-63.4));
#3314=CARTESIAN_POINT('',(15.2,5.5,-73.4));
#3315=CARTESIAN_POINT('',(15.2,0.,-63.4));
#3316=CARTESIAN_POINT('',(15.2,3.75,-63.4));
#3317=CARTESIAN_POINT('',(15.2,1.5,-63.4));
#3318=CARTESIAN_POINT('Origin',(74.4,0.,-73.4));
#3319=CARTESIAN_POINT('',(-4.44089209850063E-15,-3.,-73.4));
#3320=CARTESIAN_POINT('',(-4.44089209850063E-15,-3.,-73.4));
#3321=CARTESIAN_POINT('',(-8.88178419700125E-15,10.,-73.4));
#3322=CARTESIAN_POINT('',(-5.49323619767139E-15,0.,-73.4));
#3323=CARTESIAN_POINT('',(64.4,10.,-73.4));
#3324=CARTESIAN_POINT('',(74.4,10.,-73.4));
#3325=CARTESIAN_POINT('',(64.4,-3.,-73.4));
#3326=CARTESIAN_POINT('',(64.4,0.,-73.4));
#3327=CARTESIAN_POINT('',(31.2,-3.,-73.4));
#3328=CARTESIAN_POINT('',(-4.44089209850063E-15,-3.,-73.4));
#3329=CARTESIAN_POINT('Origin',(31.2,-1.,-73.4));
#3330=CARTESIAN_POINT('',(17.2,7.5,-73.4));
#3331=CARTESIAN_POINT('',(51.8,7.5,-73.4));
#3332=CARTESIAN_POINT('Origin',(17.2,5.5,-73.4));
#3333=CARTESIAN_POINT('Origin',(31.2,-1.,-52.55));
#3334=CARTESIAN_POINT('',(31.2,-3.,-63.4));
#3335=CARTESIAN_POINT('',(31.2,-3.,-52.55));
#3336=CARTESIAN_POINT('Origin',(31.2,-1.,-63.4));
#3337=CARTESIAN_POINT('Origin',(17.2,5.5,-73.4));
#3338=CARTESIAN_POINT('',(17.2,7.5,-63.4));
#3339=CARTESIAN_POINT('',(17.2,7.5,-73.4));
#3340=CARTESIAN_POINT('Origin',(17.2,5.5,-63.4));
#3341=CARTESIAN_POINT('Origin',(29.2,7.5,-73.4));
#3342=CARTESIAN_POINT('',(14.6,7.5,-63.4));
#3343=CARTESIAN_POINT('Origin',(22.2,4.5,-63.4));
#3344=CARTESIAN_POINT('',(-8.88178419700125E-15,0.,-63.4));
#3345=CARTESIAN_POINT('',(27.2,-3.,-63.4));
#3346=CARTESIAN_POINT('Origin',(32.2,-3.,-31.7));
#3347=CARTESIAN_POINT('',(74.4,-3.,-63.4));
#3348=CARTESIAN_POINT('Origin',(64.4,-3.,-63.4));
#3349=CARTESIAN_POINT('',(74.4,-3.,0.));
#3350=CARTESIAN_POINT('',(74.4,-3.,-63.4));
#3351=CARTESIAN_POINT('',(64.4,-3.,10.));
#3352=CARTESIAN_POINT('Origin',(64.4,-3.,-1.66533453693773E-15));
#3353=CARTESIAN_POINT('',(0.,-3.,10.));
#3354=CARTESIAN_POINT('',(64.4,-3.,10.));
#3355=CARTESIAN_POINT('',(-10.,-3.,4.44089209850063E-15));
#3356=CARTESIAN_POINT('Origin',(-2.66240533483251E-16,-3.,4.44089209850063E-15));
#3357=CARTESIAN_POINT('',(-10.,-3.,-63.4));
#3358=CARTESIAN_POINT('',(-10.,-3.,4.44089209850063E-15));
#3359=CARTESIAN_POINT('Origin',(-4.44089209850063E-15,-3.,-63.4));
#3360=CARTESIAN_POINT('',(-0.685533905932749,-3.,-66.9355339059487));
#3361=CARTESIAN_POINT('Origin',(-3.53553390593275,-3.,-66.9355339059487));
#3362=CARTESIAN_POINT('',(-0.585533905932736,-3.,3.53553390593274));
#3363=CARTESIAN_POINT('Origin',(-3.53553390593274,-3.,3.53553390593274));
#3364=CARTESIAN_POINT('',(70.8855339059313,-3.,3.53553390593273));
#3365=CARTESIAN_POINT('Origin',(67.9355339059313,-3.,3.53553390593273));
#3366=CARTESIAN_POINT('',(70.7855339059313,-3.,-66.9355339059167));
#3367=CARTESIAN_POINT('Origin',(67.9355339059313,-3.,-66.9355339059167));
#3368=CARTESIAN_POINT('Origin',(-3.53553390593275,-1.,-66.9355339059487));
#3369=CARTESIAN_POINT('',(-0.685533905932749,-1.,-66.9355339059487));
#3370=CARTESIAN_POINT('',(-0.685533905932749,-1.,-66.9355339059487));
#3371=CARTESIAN_POINT('Origin',(-3.53553390593275,-1.,-66.9355339059487));
#3372=CARTESIAN_POINT('Origin',(-3.53553390593274,-1.,3.53553390593274));
#3373=CARTESIAN_POINT('',(-0.585533905932736,-1.,3.53553390593274));
#3374=CARTESIAN_POINT('',(-0.585533905932736,-1.,3.53553390593274));
#3375=CARTESIAN_POINT('Origin',(-3.53553390593274,-1.,3.53553390593274));
#3376=CARTESIAN_POINT('Origin',(67.9355339059313,-1.,3.53553390593273));
#3377=CARTESIAN_POINT('',(70.8855339059313,-1.,3.53553390593273));
#3378=CARTESIAN_POINT('',(70.8855339059313,-1.,3.53553390593273));
#3379=CARTESIAN_POINT('Origin',(67.9355339059313,-1.,3.53553390593273));
#3380=CARTESIAN_POINT('Origin',(67.9355339059313,-1.,-66.9355339059167));
#3381=CARTESIAN_POINT('',(70.7855339059313,-1.,-66.9355339059167));
#3382=CARTESIAN_POINT('',(70.7855339059313,-1.,-66.9355339059167));
#3383=CARTESIAN_POINT('Origin',(67.9355339059313,-1.,-66.9355339059167));
#3384=CARTESIAN_POINT('Origin',(32.2,-1.,-31.7));
#3385=CARTESIAN_POINT('',(66.3855339059313,-1.,-66.9355339059167));
#3386=CARTESIAN_POINT('Origin',(67.9355339059313,-1.,-66.9355339059167));
#3387=CARTESIAN_POINT('Origin',(32.2,-1.,-31.7));
#3388=CARTESIAN_POINT('',(66.3855339059313,-1.,3.53553390593273));
#3389=CARTESIAN_POINT('Origin',(67.9355339059313,-1.,3.53553390593273));
#3390=CARTESIAN_POINT('Origin',(32.2,-1.,-31.7));
#3391=CARTESIAN_POINT('',(-5.08553390593274,-1.,3.53553390593274));
#3392=CARTESIAN_POINT('Origin',(-3.53553390593274,-1.,3.53553390593274));
#3393=CARTESIAN_POINT('Origin',(67.9355339059313,-1.,-66.9355339059167));
#3394=CARTESIAN_POINT('',(66.3855339059313,10.,-66.9355339059167));
#3395=CARTESIAN_POINT('',(66.3855339059313,-1.,-66.9355339059167));
#3396=CARTESIAN_POINT('Origin',(67.9355339059313,10.,-66.9355339059167));
#3397=CARTESIAN_POINT('Origin',(-3.53553390593274,-1.,3.53553390593274));
#3398=CARTESIAN_POINT('',(-5.08553390593274,10.,3.53553390593274));
#3399=CARTESIAN_POINT('',(-5.08553390593274,-1.,3.53553390593274));
#3400=CARTESIAN_POINT('Origin',(-3.53553390593274,10.,3.53553390593274));
#3401=CARTESIAN_POINT('Origin',(-3.53553390590075,-1.,-66.9355339059167));
#3402=CARTESIAN_POINT('',(-5.08553390590075,-1.,-66.9355339059167));
#3403=CARTESIAN_POINT('Origin',(-3.53553390590075,-1.,-66.9355339059167));
#3404=CARTESIAN_POINT('',(-5.08553390590075,10.,-66.9355339059167));
#3405=CARTESIAN_POINT('',(-5.08553390590075,-1.,-66.9355339059167));
#3406=CARTESIAN_POINT('Origin',(-3.53553390590075,10.,-66.9355339059167));
#3407=CARTESIAN_POINT('Origin',(67.9355339059313,-1.,3.53553390593273));
#3408=CARTESIAN_POINT('',(66.3855339059313,10.,3.53553390593273));
#3409=CARTESIAN_POINT('',(66.3855339059313,-1.,3.53553390593273));
#3410=CARTESIAN_POINT('Origin',(67.9355339059313,10.,3.53553390593273));
#3411=CARTESIAN_POINT('Origin',(-2.66240533483251E-16,0.,4.44089209850063E-15));
#3412=CARTESIAN_POINT('',(0.,10.,10.));
#3413=CARTESIAN_POINT('',(-10.,10.,8.88178419700125E-15));
#3414=CARTESIAN_POINT('Origin',(-2.66240533483251E-16,10.,4.44089209850063E-15));
#3415=CARTESIAN_POINT('',(-10.,0.,4.97337316546713E-15));
#3416=CARTESIAN_POINT('',(5.23017540894822E-16,0.,10.));
#3417=CARTESIAN_POINT('Origin',(-10.,0.,10.));
#3418=CARTESIAN_POINT('',(64.4,10.,10.));
#3419=CARTESIAN_POINT('',(64.4,0.,10.));
#3420=CARTESIAN_POINT('',(-10.,10.,10.));
#3421=CARTESIAN_POINT('Origin',(32.2,-1.,-31.7));
#3422=CARTESIAN_POINT('Origin',(64.4,0.,-1.66533453693773E-15));
#3423=CARTESIAN_POINT('',(74.4,10.,-2.22044604925031E-15));
#3424=CARTESIAN_POINT('',(74.4,0.,-2.73029667087074E-15));
#3425=CARTESIAN_POINT('Origin',(64.4,10.,-1.66533453693773E-15));
#3426=CARTESIAN_POINT('Origin',(74.4,0.,10.));
#3427=CARTESIAN_POINT('',(74.4,10.,-63.4));
#3428=CARTESIAN_POINT('',(74.4,0.,-63.4));
#3429=CARTESIAN_POINT('',(74.4,10.,10.));
#3430=CARTESIAN_POINT('Origin',(64.4,0.,-63.4));
#3431=CARTESIAN_POINT('Origin',(64.4,10.,-63.4));
#3432=CARTESIAN_POINT('Origin',(-4.44089209850063E-15,0.,-63.4));
#3433=CARTESIAN_POINT('',(-10.,10.,-63.4));
#3434=CARTESIAN_POINT('Origin',(-4.44089209850063E-15,10.,-63.4));
#3435=CARTESIAN_POINT('',(-10.,0.,-63.4));
#3436=CARTESIAN_POINT('Origin',(-10.,0.,-73.4));
#3437=CARTESIAN_POINT('',(-10.,10.,-73.4));
#3438=CARTESIAN_POINT('Origin',(32.2,0.,-31.7));
#3439=CARTESIAN_POINT('',(64.4,0.,1.38777878078145E-16));
#3440=CARTESIAN_POINT('',(0.,0.,0.));
#3441=CARTESIAN_POINT('',(64.4,0.,1.38777878078145E-16));
#3442=CARTESIAN_POINT('',(64.4,0.,-63.4));
#3443=CARTESIAN_POINT('',(64.4,0.,-63.4));
#3444=CARTESIAN_POINT('',(-8.88178419700125E-15,0.,-63.4));
#3445=CARTESIAN_POINT('',(-8.88178419700125E-15,0.,-63.4));
#3446=CARTESIAN_POINT('',(-8.88178419700125E-15,0.,-63.4));
#3447=CARTESIAN_POINT('',(0.,0.,0.));
#3448=CARTESIAN_POINT('Origin',(64.4,0.,1.38777878078145E-16));
#3449=CARTESIAN_POINT('',(0.,10.,0.));
#3450=CARTESIAN_POINT('',(0.,0.,0.));
#3451=CARTESIAN_POINT('',(64.4,10.,0.));
#3452=CARTESIAN_POINT('',(64.4,10.,1.38777878078145E-16));
#3453=CARTESIAN_POINT('',(64.4,0.,1.38777878078145E-16));
#3454=CARTESIAN_POINT('Origin',(64.4,0.,-63.4));
#3455=CARTESIAN_POINT('',(64.4,10.,-63.4));
#3456=CARTESIAN_POINT('',(64.4,10.,-63.4));
#3457=CARTESIAN_POINT('',(64.4,0.,-63.4));
#3458=CARTESIAN_POINT('Origin',(-8.88178419700125E-15,0.,-63.4));
#3459=CARTESIAN_POINT('',(-8.88178419700125E-15,10.,-63.4));
#3460=CARTESIAN_POINT('',(-8.88178419700125E-15,10.,-63.4));
#3461=CARTESIAN_POINT('',(-8.88178419700125E-15,0.,-63.4));
#3462=CARTESIAN_POINT('Origin',(0.,0.,0.));
#3463=CARTESIAN_POINT('',(0.,10.,0.));
#3464=CARTESIAN_POINT('Origin',(32.2,10.,-31.7));
#3465=CARTESIAN_POINT('',(0.,0.,0.));
#3466=CARTESIAN_POINT('Ctrl Pts',(-40.6735030978644,4.7,-13.731641755366));
#3467=CARTESIAN_POINT('Ctrl Pts',(-39.0918407746577,4.7,-13.731641755366));
#3468=CARTESIAN_POINT('Ctrl Pts',(-35.9782642286568,4.7,-13.8818432370607));
#3469=CARTESIAN_POINT('Ctrl Pts',(-31.5148292137368,4.7,-14.6772681839905));
#3470=CARTESIAN_POINT('Ctrl Pts',(-27.4642249119191,4.7,-16.108900484664));
#3471=CARTESIAN_POINT('Ctrl Pts',(-24.2043992534056,4.7,-17.9741573551214));
#3472=CARTESIAN_POINT('Ctrl Pts',(-21.3806935650725,4.7,-20.1253041937916));
#3473=CARTESIAN_POINT('Ctrl Pts',(-19.1951943597324,4.7,-22.010065601794));
#3474=CARTESIAN_POINT('Ctrl Pts',(-17.0578725133758,4.7,-23.730692896589));
#3475=CARTESIAN_POINT('Ctrl Pts',(-15.1013540065274,4.7,-25.0683315704464));
#3476=CARTESIAN_POINT('Ctrl Pts',(-13.043125318518,4.7,-26.192749789314));
#3477=CARTESIAN_POINT('Ctrl Pts',(-9.05052060673709,4.7,-27.9546239988133));
#3478=CARTESIAN_POINT('Ctrl Pts',(-4.37738727593751,4.7,-29.390779254537));
#3479=CARTESIAN_POINT('Ctrl Pts',(1.02519050283454,4.7,-31.2298785022168));
#3480=CARTESIAN_POINT('Ctrl Pts',(7.38616293855051,4.7,-33.6409154731476));
#3481=CARTESIAN_POINT('Ctrl Pts',(14.8342128955397,4.7,-37.2198754712806));
#3482=CARTESIAN_POINT('Ctrl Pts',(20.4139669170213,4.7,-40.8668394025217));
#3483=CARTESIAN_POINT('Ctrl Pts',(25.4472392556419,4.7,-44.4610867532263));
#3484=CARTESIAN_POINT('Ctrl Pts',(27.7264962551206,4.7,-46.0886985494511));
#3485=CARTESIAN_POINT('Ctrl Pts',(30.0057532545991,4.7,-47.7163103456758));
#3486=CARTESIAN_POINT('Ctrl Pts',(-40.6735030978644,3.41299778241343,-12.0156387985839));
#3487=CARTESIAN_POINT('Ctrl Pts',(-39.0369909766072,3.41299778241343,-12.0157528684619));
#3488=CARTESIAN_POINT('Ctrl Pts',(-35.7980397271636,3.41299778241344,-12.1706387354855));
#3489=CARTESIAN_POINT('Ctrl Pts',(-31.0872728713559,3.41299778241343,-13.0076262637622));
#3490=CARTESIAN_POINT('Ctrl Pts',(-26.7477595210375,3.41299778241343,-14.5383305703101));
#3491=CARTESIAN_POINT('Ctrl Pts',(-23.2458614373943,3.41299778241343,-16.5443768921853));
#3492=CARTESIAN_POINT('Ctrl Pts',(-20.2819651534584,3.41299778241343,-18.8061536863663));
#3493=CARTESIAN_POINT('Ctrl Pts',(-18.0773474592218,3.41299778241343,-20.7083466724222));
#3494=CARTESIAN_POINT('Ctrl Pts',(-16.0239483886982,3.41299778241343,-22.3585129502133));
#3495=CARTESIAN_POINT('Ctrl Pts',(-14.2055786967156,3.41299778241343,-23.6016437236326));
#3496=CARTESIAN_POINT('Ctrl Pts',(-12.2873445528434,3.41299778241343,-24.6491116688106));
#3497=CARTESIAN_POINT('Ctrl Pts',(-8.49514001310815,3.41299778241343,-26.3272921853706));
#3498=CARTESIAN_POINT('Ctrl Pts',(-3.86401861926251,3.41299778241343,-27.7548788010778));
#3499=CARTESIAN_POINT('Ctrl Pts',(1.60249809884771,3.41299778241343,-29.6126712617594));
#3500=CARTESIAN_POINT('Ctrl Pts',(8.06000968876457,3.41299778241343,-32.0612011415902));
#3501=CARTESIAN_POINT('Ctrl Pts',(15.6855848766621,3.41299778241343,-35.722823223494));
#3502=CARTESIAN_POINT('Ctrl Pts',(21.3754370711094,3.41299778241343,-39.44530138997));
#3503=CARTESIAN_POINT('Ctrl Pts',(26.444471693036,3.41299778241344,-43.0645934258187));
#3504=CARTESIAN_POINT('Ctrl Pts',(28.7237286925147,3.41299778241343,-44.6922052220435));
#3505=CARTESIAN_POINT('Ctrl Pts',(31.0029856919933,3.41299778241344,-46.3198170182683));
#3506=CARTESIAN_POINT('Ctrl Pts',(-40.6735030978644,2.7,-9.87664545134361));
#3507=CARTESIAN_POINT('Ctrl Pts',(-38.9684003344504,2.7,-9.87650286399609));
#3508=CARTESIAN_POINT('Ctrl Pts',(-35.573567020668,2.7,-10.0379949157708));
#3509=CARTESIAN_POINT('Ctrl Pts',(-30.5542850992275,2.7,-10.9261253518303));
#3510=CARTESIAN_POINT('Ctrl Pts',(-25.854480757482,2.7,-12.5813791461724));
#3511=CARTESIAN_POINT('Ctrl Pts',(-22.051238231947,2.7,-14.7614474469195));
#3512=CARTESIAN_POINT('Ctrl Pts',(-18.9126460118136,2.7,-17.1621597375721));
#3513=CARTESIAN_POINT('Ctrl Pts',(-16.6842995212717,2.7,-19.0850786258878));
#3514=CARTESIAN_POINT('Ctrl Pts',(-14.7349989774008,2.7,-20.6490228634067));
#3515=CARTESIAN_POINT('Ctrl Pts',(-13.0883632011665,2.7,-21.7726706480171));
#3516=CARTESIAN_POINT('Ctrl Pts',(-11.3451616447374,2.7,-22.7274000168612));
#3517=CARTESIAN_POINT('Ctrl Pts',(-7.80316630813978,2.7,-24.2952925136655));
#3518=CARTESIAN_POINT('Ctrl Pts',(-3.22420703038808,2.7,-25.7174115473937));
#3519=CARTESIAN_POINT('Ctrl Pts',(2.32267378031748,2.7,-27.5964092933603));
#3520=CARTESIAN_POINT('Ctrl Pts',(8.89720722221432,2.7,-30.0901972056336));
#3521=CARTESIAN_POINT('Ctrl Pts',(16.7524272011232,2.70000000000001,-33.8616109116432));
#3522=CARTESIAN_POINT('Ctrl Pts',(22.5661271652872,2.69999999999998,-37.666078127912));
#3523=CARTESIAN_POINT('Ctrl Pts',(27.6875194050507,2.70000000000001,-41.3238680238115));
#3524=CARTESIAN_POINT('Ctrl Pts',(29.9667764045293,2.70000000000001,-42.9514798200362));
#3525=CARTESIAN_POINT('Ctrl Pts',(32.2460334040079,2.7,-44.579091616261));
#3526=CARTESIAN_POINT('Ctrl Pts',(-40.6735030978644,2.7,-7.73164175536599));
#3527=CARTESIAN_POINT('Ctrl Pts',(-38.8998380868873,2.7,-7.73164175536599));
#3528=CARTESIAN_POINT('Ctrl Pts',(-35.3482863938015,2.7,-7.89898928880184));
#3529=CARTESIAN_POINT('Ctrl Pts',(-30.0198396712515,2.7,-8.83907295154497));
#3530=CARTESIAN_POINT('Ctrl Pts',(-24.9588990188799,2.7,-10.61816675323));
#3531=CARTESIAN_POINT('Ctrl Pts',(-20.8530659619329,2.7,-12.9742218682494));
#3532=CARTESIAN_POINT('Ctrl Pts',(-17.5392354972959,2.7,-15.5132216032904));
#3533=CARTESIAN_POINT('Ctrl Pts',(-15.2869908956335,2.7,-17.457929964173));
#3534=CARTESIAN_POINT('Ctrl Pts',(-13.4425938215537,2.7,-18.9337979304371));
#3535=CARTESIAN_POINT('Ctrl Pts',(-11.9686440639016,2.7,-19.9393108394999));
#3536=CARTESIAN_POINT('Ctrl Pts',(-10.4004356876441,2.7,-20.797852366232));
#3537=CARTESIAN_POINT('Ctrl Pts',(-7.1089405661036,2.7,-22.2611277468621));
#3538=CARTESIAN_POINT('Ctrl Pts',(-2.58249620954432,2.7,-23.6725359805697));
#3539=CARTESIAN_POINT('Ctrl Pts',(3.04430827533394,2.7,-25.5749002427885));
#3540=CARTESIAN_POINT('Ctrl Pts',(9.7395156599819,2.7,-28.1155542911869));
#3541=CARTESIAN_POINT('Ctrl Pts',(17.8166421775263,2.70000000000001,-31.9902956019098));
#3542=CARTESIAN_POINT('Ctrl Pts',(23.7679648578974,2.69999999999998,-35.8891556122224));
#3543=CARTESIAN_POINT('Ctrl Pts',(28.9340599517934,2.70000000000001,-39.578251364552));
#3544=CARTESIAN_POINT('Ctrl Pts',(31.213316951272,2.70000000000001,-41.2058631607768));
#3545=CARTESIAN_POINT('Ctrl Pts',(33.4925739507506,2.7,-42.8334749570015));
#3546=CARTESIAN_POINT('',(33.4925739507506,2.7,-42.8334749570015));
#3547=CARTESIAN_POINT('',(23.1679822561634,4.7,-42.8334749570015));
#3548=CARTESIAN_POINT('Ctrl Pts',(33.4925739507506,2.7,-42.8334749570015));
#3549=CARTESIAN_POINT('Ctrl Pts',(31.6887165296519,2.70000000000001,-42.8334749570015));
#3550=CARTESIAN_POINT('Ctrl Pts',(29.865534753396,2.86483612760556,-42.8334749570014));
#3551=CARTESIAN_POINT('Ctrl Pts',(26.4129755390358,3.52755219372169,-42.8334749570014));
#3552=CARTESIAN_POINT('Ctrl Pts',(24.7343236536073,4.0173060497692,-42.8334749570015));
#3553=CARTESIAN_POINT('Ctrl Pts',(23.1679822561634,4.7,-42.8334749570015));
#3554=CARTESIAN_POINT('',(-40.6735030978644,4.7,-13.731641755366));
#3555=CARTESIAN_POINT('Ctrl Pts',(-40.6735030978644,4.7,-13.731641755366));
#3556=CARTESIAN_POINT('Ctrl Pts',(-25.866735540666,4.7,-13.731641755366));
#3557=CARTESIAN_POINT('Ctrl Pts',(-18.5545407814897,4.7,-25.5601925218611));
#3558=CARTESIAN_POINT('Ctrl Pts',(-7.2636518151145,4.7,-28.2484995142464));
#3559=CARTESIAN_POINT('Ctrl Pts',(6.52649690214144,4.7,-32.8334749570015));
#3560=CARTESIAN_POINT('Ctrl Pts',(16.285916600468,4.7,-37.9190088629343));
#3561=CARTESIAN_POINT('Ctrl Pts',(23.1679822561634,4.7,-42.8334749570015));
#3562=CARTESIAN_POINT('',(-40.6735030978644,2.7,-7.73164175536599));
#3563=CARTESIAN_POINT('Ctrl Pts',(-40.6735030978644,4.7,-13.731641755366));
#3564=CARTESIAN_POINT('Ctrl Pts',(-40.6735030978644,3.41299778241343,-12.0156387985839));
#3565=CARTESIAN_POINT('Ctrl Pts',(-40.6735030978644,2.7,-9.87664545134361));
#3566=CARTESIAN_POINT('Ctrl Pts',(-40.6735030978644,2.7,-7.73164175536599));
#3567=CARTESIAN_POINT('Ctrl Pts',(-40.6735030978644,2.7,-7.73164175536599));
#3568=CARTESIAN_POINT('Ctrl Pts',(-38.8998380868873,2.7,-7.73164175536599));
#3569=CARTESIAN_POINT('Ctrl Pts',(-35.3482863938015,2.7,-7.89898928880184));
#3570=CARTESIAN_POINT('Ctrl Pts',(-30.0198396712515,2.7,-8.83907295154497));
#3571=CARTESIAN_POINT('Ctrl Pts',(-24.9588990188799,2.7,-10.61816675323));
#3572=CARTESIAN_POINT('Ctrl Pts',(-20.8530659619329,2.7,-12.9742218682494));
#3573=CARTESIAN_POINT('Ctrl Pts',(-17.5392354972959,2.7,-15.5132216032904));
#3574=CARTESIAN_POINT('Ctrl Pts',(-15.2869908956335,2.7,-17.457929964173));
#3575=CARTESIAN_POINT('Ctrl Pts',(-13.4425938215537,2.7,-18.9337979304371));
#3576=CARTESIAN_POINT('Ctrl Pts',(-11.9686440639016,2.7,-19.9393108394999));
#3577=CARTESIAN_POINT('Ctrl Pts',(-10.4004356876441,2.7,-20.797852366232));
#3578=CARTESIAN_POINT('Ctrl Pts',(-7.1089405661036,2.7,-22.2611277468621));
#3579=CARTESIAN_POINT('Ctrl Pts',(-2.58249620954432,2.7,-23.6725359805697));
#3580=CARTESIAN_POINT('Ctrl Pts',(3.04430827533394,2.7,-25.5749002427885));
#3581=CARTESIAN_POINT('Ctrl Pts',(9.7395156599819,2.7,-28.1155542911869));
#3582=CARTESIAN_POINT('Ctrl Pts',(17.8166421775263,2.70000000000001,-31.9902956019098));
#3583=CARTESIAN_POINT('Ctrl Pts',(23.7679648578974,2.69999999999998,-35.8891556122224));
#3584=CARTESIAN_POINT('Ctrl Pts',(28.9340599517934,2.70000000000001,-39.578251364552));
#3585=CARTESIAN_POINT('Ctrl Pts',(31.213316951272,2.70000000000001,-41.2058631607768));
#3586=CARTESIAN_POINT('Ctrl Pts',(33.4925739507506,2.7,-42.8334749570015));
#3587=CARTESIAN_POINT('Origin',(1.52649690214143,2.7,-1.13347495701026));
#3588=CARTESIAN_POINT('',(-40.6735030978644,2.7,30.566525042981));
#3589=CARTESIAN_POINT('',(-40.6735030978644,2.7,-42.8334749570015));
#3590=CARTESIAN_POINT('',(-30.6735030978644,2.7,40.566525042981));
#3591=CARTESIAN_POINT('Origin',(-30.6735030978644,2.7,30.566525042981));
#3592=CARTESIAN_POINT('',(33.7264969021473,2.7,40.566525042981));
#3593=CARTESIAN_POINT('',(-40.6735030978644,2.7,40.566525042981));
#3594=CARTESIAN_POINT('',(43.7264969021473,2.7,30.566525042981));
#3595=CARTESIAN_POINT('Origin',(33.7264969021473,2.7,30.566525042981));
#3596=CARTESIAN_POINT('',(43.7264969021473,2.7,-32.8334749570015));
#3597=CARTESIAN_POINT('',(43.7264969021473,2.7,40.566525042981));
#3598=CARTESIAN_POINT('',(33.7264969021473,2.7,-42.8334749570015));
#3599=CARTESIAN_POINT('Origin',(33.7264969021473,2.7,-32.8334749570015));
#3600=CARTESIAN_POINT('',(43.7264969021473,2.7,-42.8334749570015));
#3601=CARTESIAN_POINT('',(14.3764969021473,2.7,-14.3931112809198));
#3602=CARTESIAN_POINT('',(14.3764969021473,2.7,-26.8931112809198));
#3603=CARTESIAN_POINT('',(14.3764969021473,2.7,-14.3931112809198));
#3604=CARTESIAN_POINT('',(26.7764969021473,2.7,-26.8931112809198));
#3605=CARTESIAN_POINT('',(12.8764969021473,2.7,-26.8931112809198));
#3606=CARTESIAN_POINT('',(26.7764969021473,2.7,-14.3931112809198));
#3607=CARTESIAN_POINT('',(26.7764969021473,2.7,-26.8931112809198));
#3608=CARTESIAN_POINT('',(28.2764969021473,2.7,-14.3931112809198));
#3609=CARTESIAN_POINT('',(-24.8735030978527,2.7,13.066525042981));
#3610=CARTESIAN_POINT('',(-24.3735030978527,2.7,12.566525042981));
#3611=CARTESIAN_POINT('Origin',(-24.3735030978528,2.7,13.066525042981));
#3612=CARTESIAN_POINT('',(-10.8735030978527,2.7,12.566525042981));
#3613=CARTESIAN_POINT('',(-24.3735030978527,2.7,12.566525042981));
#3614=CARTESIAN_POINT('',(-10.3735030978527,2.7,13.066525042981));
#3615=CARTESIAN_POINT('Origin',(-10.8735030978527,2.7,13.066525042981));
#3616=CARTESIAN_POINT('',(-10.3735030978527,2.7,26.066525042981));
#3617=CARTESIAN_POINT('',(-10.3735030978527,2.7,13.066525042981));
#3618=CARTESIAN_POINT('',(-10.8735030978527,2.7,26.566525042981));
#3619=CARTESIAN_POINT('Origin',(-10.8735030978527,2.7,26.066525042981));
#3620=CARTESIAN_POINT('',(-24.3735030978527,2.7,26.566525042981));
#3621=CARTESIAN_POINT('',(-10.8735030978527,2.7,26.566525042981));
#3622=CARTESIAN_POINT('',(-24.8735030978527,2.7,26.066525042981));
#3623=CARTESIAN_POINT('Origin',(-24.3735030978527,2.7,26.066525042981));
#3624=CARTESIAN_POINT('',(-24.8735030978527,2.7,26.066525042981));
#3625=CARTESIAN_POINT('',(-5.3235030978527,2.7,26.566525042981));
#3626=CARTESIAN_POINT('',(-5.82350309785274,2.7,26.066525042981));
#3627=CARTESIAN_POINT('Origin',(-5.32350309785274,2.7,26.066525042981));
#3628=CARTESIAN_POINT('',(-5.82350309785274,2.7,13.066525042981));
#3629=CARTESIAN_POINT('',(-5.82350309785274,2.7,26.066525042981));
#3630=CARTESIAN_POINT('',(-5.3235030978527,2.7,12.566525042981));
#3631=CARTESIAN_POINT('Origin',(-5.32350309785274,2.7,13.066525042981));
#3632=CARTESIAN_POINT('',(8.17649690214727,2.7,12.566525042981));
#3633=CARTESIAN_POINT('',(-5.32350309785271,2.7,12.566525042981));
#3634=CARTESIAN_POINT('',(8.67649690214727,2.7,13.066525042981));
#3635=CARTESIAN_POINT('Origin',(8.17649690214727,2.7,13.066525042981));
#3636=CARTESIAN_POINT('',(8.67649690214727,2.7,26.066525042981));
#3637=CARTESIAN_POINT('',(8.67649690214726,2.7,13.066525042981));
#3638=CARTESIAN_POINT('',(8.17649690214727,2.7,26.566525042981));
#3639=CARTESIAN_POINT('Origin',(8.17649690214727,2.7,26.066525042981));
#3640=CARTESIAN_POINT('',(8.17649690214727,2.7,26.566525042981));
#3641=CARTESIAN_POINT('',(8.67649690214726,2.7,-5.98311128091981));
#3642=CARTESIAN_POINT('',(8.67649690214727,2.7,7.01688871908018));
#3643=CARTESIAN_POINT('',(8.67649690214726,2.7,-5.98311128091981));
#3644=CARTESIAN_POINT('',(8.17649690214727,2.7,7.51688871908018));
#3645=CARTESIAN_POINT('Origin',(8.17649690214727,2.7,7.01688871908018));
#3646=CARTESIAN_POINT('',(-5.3235030978527,2.7,7.51688871908021));
#3647=CARTESIAN_POINT('',(8.17649690214727,2.7,7.51688871908017));
#3648=CARTESIAN_POINT('',(-5.82350309785274,2.7,7.01688871908019));
#3649=CARTESIAN_POINT('Origin',(-5.32350309785274,2.7,7.01688871908018));
#3650=CARTESIAN_POINT('',(-5.82350309785274,2.7,-5.9831112809198));
#3651=CARTESIAN_POINT('',(-5.82350309785274,2.7,7.01688871908018));
#3652=CARTESIAN_POINT('',(-5.3235030978527,2.7,-6.48311128091981));
#3653=CARTESIAN_POINT('Origin',(-5.32350309785274,2.7,-5.98311128091981));
#3654=CARTESIAN_POINT('',(8.17649690214727,2.7,-6.48311128091982));
#3655=CARTESIAN_POINT('',(-5.32350309785271,2.7,-6.48311128091981));
#3656=CARTESIAN_POINT('Origin',(8.17649690214727,2.7,-5.98311128091982));
#3657=CARTESIAN_POINT('',(-24.3735030978527,2.7,7.51688871908018));
#3658=CARTESIAN_POINT('',(-24.8735030978527,2.7,7.01688871908018));
#3659=CARTESIAN_POINT('Origin',(-24.3735030978527,2.7,7.01688871908017));
#3660=CARTESIAN_POINT('',(-24.8735030978527,2.7,-5.98311128091981));
#3661=CARTESIAN_POINT('',(-24.8735030978527,2.7,7.01688871908017));
#3662=CARTESIAN_POINT('',(-24.3735030978527,2.7,-6.48311128091978));
#3663=CARTESIAN_POINT('Origin',(-24.3735030978528,2.7,-5.98311128091979));
#3664=CARTESIAN_POINT('',(-10.8735030978527,2.7,-6.48311128091982));
#3665=CARTESIAN_POINT('',(-24.3735030978527,2.7,-6.48311128091979));
#3666=CARTESIAN_POINT('',(-10.3735030978527,2.7,-5.98311128091981));
#3667=CARTESIAN_POINT('Origin',(-10.8735030978527,2.7,-5.98311128091982));
#3668=CARTESIAN_POINT('',(-10.3735030978527,2.7,7.01688871908018));
#3669=CARTESIAN_POINT('',(-10.3735030978527,2.7,-5.98311128091981));
#3670=CARTESIAN_POINT('',(-10.8735030978527,2.7,7.51688871908017));
#3671=CARTESIAN_POINT('Origin',(-10.8735030978527,2.7,7.01688871908017));
#3672=CARTESIAN_POINT('',(-10.8735030978527,2.7,7.51688871908017));
#3673=CARTESIAN_POINT('',(27.2264969021473,2.7,26.566525042981));
#3674=CARTESIAN_POINT('',(13.7264969021473,2.7,26.566525042981));
#3675=CARTESIAN_POINT('',(27.2264969021473,2.7,26.566525042981));
#3676=CARTESIAN_POINT('',(13.2264969021473,2.7,26.066525042981));
#3677=CARTESIAN_POINT('Origin',(13.7264969021473,2.7,26.066525042981));
#3678=CARTESIAN_POINT('',(13.2264969021473,2.7,13.066525042981));
#3679=CARTESIAN_POINT('',(13.2264969021473,2.7,26.066525042981));
#3680=CARTESIAN_POINT('',(13.7264969021473,2.7,12.566525042981));
#3681=CARTESIAN_POINT('Origin',(13.7264969021473,2.7,13.066525042981));
#3682=CARTESIAN_POINT('',(27.2264969021473,2.7,12.566525042981));
#3683=CARTESIAN_POINT('',(13.7264969021473,2.7,12.566525042981));
#3684=CARTESIAN_POINT('',(27.7264969021473,2.7,13.066525042981));
#3685=CARTESIAN_POINT('Origin',(27.2264969021473,2.7,13.066525042981));
#3686=CARTESIAN_POINT('',(27.7264969021473,2.7,26.066525042981));
#3687=CARTESIAN_POINT('',(27.7264969021473,2.7,13.066525042981));
#3688=CARTESIAN_POINT('Origin',(27.2264969021473,2.7,26.066525042981));
#3689=CARTESIAN_POINT('',(13.7264969021473,2.7,-6.48311128091981));
#3690=CARTESIAN_POINT('',(27.2264969021473,2.7,-6.48311128091982));
#3691=CARTESIAN_POINT('',(13.7264969021473,2.7,-6.48311128091981));
#3692=CARTESIAN_POINT('',(27.7264969021473,2.7,-5.98311128091981));
#3693=CARTESIAN_POINT('Origin',(27.2264969021473,2.7,-5.98311128091982));
#3694=CARTESIAN_POINT('',(27.7264969021473,2.7,7.01688871908019));
#3695=CARTESIAN_POINT('',(27.7264969021473,2.7,-5.98311128091981));
#3696=CARTESIAN_POINT('',(27.2264969021473,2.7,7.51688871908018));
#3697=CARTESIAN_POINT('Origin',(27.2264969021473,2.7,7.01688871908018));
#3698=CARTESIAN_POINT('',(13.7264969021473,2.7,7.51688871908021));
#3699=CARTESIAN_POINT('',(27.2264969021473,2.7,7.51688871908017));
#3700=CARTESIAN_POINT('',(13.2264969021473,2.7,7.01688871908019));
#3701=CARTESIAN_POINT('Origin',(13.7264969021473,2.7,7.01688871908018));
#3702=CARTESIAN_POINT('',(13.2264969021473,2.7,-5.9831112809198));
#3703=CARTESIAN_POINT('',(13.2264969021473,2.7,7.01688871908018));
#3704=CARTESIAN_POINT('Origin',(13.7264969021473,2.7,-5.98311128091981));
#3705=CARTESIAN_POINT('',(-35.2945709097174,2.7,34.6375928548631));
#3706=CARTESIAN_POINT('Origin',(-33.7445709097174,2.7,34.6375928548631));
#3707=CARTESIAN_POINT('',(35.71203080808,2.7,-36.3690088629343));
#3708=CARTESIAN_POINT('Origin',(37.26203080808,2.7,-36.3690088629343));
#3709=CARTESIAN_POINT('',(35.71203080808,2.7,34.1020589489137));
#3710=CARTESIAN_POINT('Origin',(37.26203080808,2.7,34.1020589489137));
#3711=CARTESIAN_POINT('Origin',(-8.75276042085052,4.7,-28.2825583561838));
#3712=CARTESIAN_POINT('',(-40.6735030978644,4.7,-32.8334749570015));
#3713=CARTESIAN_POINT('',(-40.6735030978644,4.7,-32.8334749570015));
#3714=CARTESIAN_POINT('',(-30.6735030978644,4.7,-42.8334749570015));
#3715=CARTESIAN_POINT('',(33.7264969021473,4.7,-42.8334749570015));
#3716=CARTESIAN_POINT('Origin',(-30.6735030978644,4.7,-32.8334749570015));
#3717=CARTESIAN_POINT('',(-35.7590370037971,4.7,-36.3690088629343));
#3718=CARTESIAN_POINT('Origin',(-34.2090370037971,4.7,-36.3690088629343));
#3719=CARTESIAN_POINT('Origin',(37.26203080808,2.7,34.1020589489137));
#3720=CARTESIAN_POINT('',(35.71203080808,0.,34.1020589489137));
#3721=CARTESIAN_POINT('',(35.71203080808,2.7,34.1020589489137));
#3722=CARTESIAN_POINT('Origin',(37.26203080808,0.,34.1020589489137));
#3723=CARTESIAN_POINT('Origin',(37.26203080808,2.7,-36.3690088629343));
#3724=CARTESIAN_POINT('',(35.71203080808,0.,-36.3690088629343));
#3725=CARTESIAN_POINT('',(35.71203080808,2.7,-36.3690088629343));
#3726=CARTESIAN_POINT('Origin',(37.26203080808,0.,-36.3690088629343));
#3727=CARTESIAN_POINT('Origin',(-33.7445709097174,2.7,34.6375928548631));
#3728=CARTESIAN_POINT('',(-35.2945709097174,0.,34.6375928548631));
#3729=CARTESIAN_POINT('',(-35.2945709097174,2.7,34.6375928548631));
#3730=CARTESIAN_POINT('Origin',(-33.7445709097174,0.,34.6375928548631));
#3731=CARTESIAN_POINT('Origin',(-34.2090370037971,2.7,-36.3690088629343));
#3732=CARTESIAN_POINT('',(-35.7590370037971,0.,-36.3690088629343));
#3733=CARTESIAN_POINT('',(-35.7590370037971,2.7,-36.3690088629343));
#3734=CARTESIAN_POINT('Origin',(-34.2090370037971,0.,-36.3690088629343));
#3735=CARTESIAN_POINT('Origin',(33.7264969021473,0.,30.566525042981));
#3736=CARTESIAN_POINT('',(33.7264969021473,0.,40.566525042981));
#3737=CARTESIAN_POINT('',(33.7264969021473,0.,40.566525042981));
#3738=CARTESIAN_POINT('',(43.7264969021473,0.,30.566525042981));
#3739=CARTESIAN_POINT('Origin',(33.7264969021473,0.,30.566525042981));
#3740=CARTESIAN_POINT('',(43.7264969021473,0.,30.566525042981));
#3741=CARTESIAN_POINT('Origin',(43.7264969021473,0.,40.566525042981));
#3742=CARTESIAN_POINT('',(43.7264969021473,0.,-32.8334749570015));
#3743=CARTESIAN_POINT('',(43.7264969021473,0.,40.566525042981));
#3744=CARTESIAN_POINT('',(43.7264969021473,0.,-32.8334749570015));
#3745=CARTESIAN_POINT('Origin',(1.52649690214143,0.,-1.13347495701026));
#3746=CARTESIAN_POINT('',(-30.6735030978644,0.,40.566525042981));
#3747=CARTESIAN_POINT('',(-40.6735030978644,0.,40.566525042981));
#3748=CARTESIAN_POINT('',(-40.6735030978644,0.,30.566525042981));
#3749=CARTESIAN_POINT('Origin',(-30.6735030978644,0.,30.566525042981));
#3750=CARTESIAN_POINT('',(-40.6735030978644,0.,-32.8334749570015));
#3751=CARTESIAN_POINT('',(-40.6735030978644,0.,-42.8334749570015));
#3752=CARTESIAN_POINT('',(-30.6735030978644,0.,-42.8334749570015));
#3753=CARTESIAN_POINT('Origin',(-30.6735030978644,0.,-32.8334749570015));
#3754=CARTESIAN_POINT('',(33.7264969021473,0.,-42.8334749570015));
#3755=CARTESIAN_POINT('',(43.7264969021473,0.,-42.8334749570015));
#3756=CARTESIAN_POINT('Origin',(33.7264969021473,0.,-32.8334749570015));
#3757=CARTESIAN_POINT('',(13.7264969021473,0.,-6.48311128091981));
#3758=CARTESIAN_POINT('',(27.2264969021473,0.,-6.48311128091982));
#3759=CARTESIAN_POINT('',(13.7264969021473,0.,-6.48311128091981));
#3760=CARTESIAN_POINT('',(13.2264969021473,0.,-5.98311128091981));
#3761=CARTESIAN_POINT('Origin',(13.7264969021473,0.,-5.98311128091981));
#3762=CARTESIAN_POINT('',(13.2264969021473,0.,7.01688871908018));
#3763=CARTESIAN_POINT('',(13.2264969021473,0.,7.01688871908018));
#3764=CARTESIAN_POINT('',(13.7264969021473,0.,7.51688871908021));
#3765=CARTESIAN_POINT('Origin',(13.7264969021473,0.,7.01688871908018));
#3766=CARTESIAN_POINT('',(27.2264969021473,0.,7.51688871908018));
#3767=CARTESIAN_POINT('',(27.2264969021473,0.,7.51688871908017));
#3768=CARTESIAN_POINT('',(27.7264969021473,0.,7.01688871908018));
#3769=CARTESIAN_POINT('Origin',(27.2264969021473,0.,7.01688871908018));
#3770=CARTESIAN_POINT('',(27.7264969021473,0.,-5.98311128091981));
#3771=CARTESIAN_POINT('',(27.7264969021473,0.,-5.98311128091981));
#3772=CARTESIAN_POINT('Origin',(27.2264969021473,0.,-5.98311128091982));
#3773=CARTESIAN_POINT('',(27.2264969021473,0.,26.566525042981));
#3774=CARTESIAN_POINT('',(13.7264969021473,0.,26.566525042981));
#3775=CARTESIAN_POINT('',(27.2264969021473,0.,26.566525042981));
#3776=CARTESIAN_POINT('',(27.7264969021473,0.,26.066525042981));
#3777=CARTESIAN_POINT('Origin',(27.2264969021473,0.,26.066525042981));
#3778=CARTESIAN_POINT('',(27.7264969021473,0.,13.066525042981));
#3779=CARTESIAN_POINT('',(27.7264969021473,0.,13.066525042981));
#3780=CARTESIAN_POINT('',(27.2264969021473,0.,12.566525042981));
#3781=CARTESIAN_POINT('Origin',(27.2264969021473,0.,13.066525042981));
#3782=CARTESIAN_POINT('',(13.7264969021473,0.,12.566525042981));
#3783=CARTESIAN_POINT('',(13.7264969021473,0.,12.566525042981));
#3784=CARTESIAN_POINT('',(13.2264969021473,0.,13.066525042981));
#3785=CARTESIAN_POINT('Origin',(13.7264969021473,0.,13.066525042981));
#3786=CARTESIAN_POINT('',(13.2264969021473,0.,26.066525042981));
#3787=CARTESIAN_POINT('',(13.2264969021473,0.,26.066525042981));
#3788=CARTESIAN_POINT('Origin',(13.7264969021473,0.,26.066525042981));
#3789=CARTESIAN_POINT('',(-24.3735030978527,0.,7.51688871908018));
#3790=CARTESIAN_POINT('',(-24.8735030978527,0.,7.01688871908017));
#3791=CARTESIAN_POINT('Origin',(-24.3735030978527,0.,7.01688871908017));
#3792=CARTESIAN_POINT('',(-10.8735030978527,0.,7.51688871908017));
#3793=CARTESIAN_POINT('',(-10.8735030978527,0.,7.51688871908017));
#3794=CARTESIAN_POINT('',(-10.3735030978527,0.,7.01688871908017));
#3795=CARTESIAN_POINT('Origin',(-10.8735030978527,0.,7.01688871908017));
#3796=CARTESIAN_POINT('',(-10.3735030978527,0.,-5.98311128091981));
#3797=CARTESIAN_POINT('',(-10.3735030978527,0.,-5.98311128091981));
#3798=CARTESIAN_POINT('',(-10.8735030978527,0.,-6.48311128091982));
#3799=CARTESIAN_POINT('Origin',(-10.8735030978527,0.,-5.98311128091982));
#3800=CARTESIAN_POINT('',(-24.3735030978527,0.,-6.48311128091979));
#3801=CARTESIAN_POINT('',(-24.3735030978527,0.,-6.48311128091979));
#3802=CARTESIAN_POINT('',(-24.8735030978527,0.,-5.98311128091981));
#3803=CARTESIAN_POINT('Origin',(-24.3735030978528,0.,-5.98311128091979));
#3804=CARTESIAN_POINT('',(-24.8735030978527,0.,7.01688871908017));
#3805=CARTESIAN_POINT('',(8.67649690214726,0.,-5.98311128091981));
#3806=CARTESIAN_POINT('',(8.67649690214727,0.,7.01688871908017));
#3807=CARTESIAN_POINT('',(8.67649690214726,0.,-5.98311128091981));
#3808=CARTESIAN_POINT('',(8.17649690214727,0.,-6.48311128091982));
#3809=CARTESIAN_POINT('Origin',(8.17649690214727,0.,-5.98311128091982));
#3810=CARTESIAN_POINT('',(-5.32350309785271,0.,-6.48311128091981));
#3811=CARTESIAN_POINT('',(-5.32350309785271,0.,-6.48311128091981));
#3812=CARTESIAN_POINT('',(-5.82350309785274,0.,-5.98311128091981));
#3813=CARTESIAN_POINT('Origin',(-5.32350309785274,0.,-5.98311128091981));
#3814=CARTESIAN_POINT('',(-5.82350309785274,0.,7.01688871908018));
#3815=CARTESIAN_POINT('',(-5.82350309785274,0.,7.01688871908018));
#3816=CARTESIAN_POINT('',(-5.32350309785271,0.,7.51688871908021));
#3817=CARTESIAN_POINT('Origin',(-5.32350309785274,0.,7.01688871908018));
#3818=CARTESIAN_POINT('',(8.17649690214727,0.,7.51688871908018));
#3819=CARTESIAN_POINT('',(8.17649690214727,0.,7.51688871908017));
#3820=CARTESIAN_POINT('Origin',(8.17649690214727,0.,7.01688871908018));
#3821=CARTESIAN_POINT('',(-5.32350309785271,0.,26.566525042981));
#3822=CARTESIAN_POINT('',(-5.82350309785274,0.,26.066525042981));
#3823=CARTESIAN_POINT('Origin',(-5.32350309785274,0.,26.066525042981));
#3824=CARTESIAN_POINT('',(8.17649690214727,0.,26.566525042981));
#3825=CARTESIAN_POINT('',(8.17649690214727,0.,26.566525042981));
#3826=CARTESIAN_POINT('',(8.67649690214727,0.,26.066525042981));
#3827=CARTESIAN_POINT('Origin',(8.17649690214727,0.,26.066525042981));
#3828=CARTESIAN_POINT('',(8.67649690214727,0.,13.066525042981));
#3829=CARTESIAN_POINT('',(8.67649690214726,0.,13.066525042981));
#3830=CARTESIAN_POINT('',(8.17649690214727,0.,12.566525042981));
#3831=CARTESIAN_POINT('Origin',(8.17649690214727,0.,13.066525042981));
#3832=CARTESIAN_POINT('',(-5.32350309785271,0.,12.566525042981));
#3833=CARTESIAN_POINT('',(-5.32350309785271,0.,12.566525042981));
#3834=CARTESIAN_POINT('',(-5.82350309785274,0.,13.066525042981));
#3835=CARTESIAN_POINT('Origin',(-5.32350309785274,0.,13.066525042981));
#3836=CARTESIAN_POINT('',(-5.82350309785274,0.,26.066525042981));
#3837=CARTESIAN_POINT('',(-24.8735030978527,0.,13.066525042981));
#3838=CARTESIAN_POINT('',(-24.3735030978527,0.,12.566525042981));
#3839=CARTESIAN_POINT('Origin',(-24.3735030978528,0.,13.066525042981));
#3840=CARTESIAN_POINT('',(-24.8735030978527,0.,26.066525042981));
#3841=CARTESIAN_POINT('',(-24.8735030978527,0.,26.066525042981));
#3842=CARTESIAN_POINT('',(-24.3735030978527,0.,26.566525042981));
#3843=CARTESIAN_POINT('Origin',(-24.3735030978527,0.,26.066525042981));
#3844=CARTESIAN_POINT('',(-10.8735030978527,0.,26.566525042981));
#3845=CARTESIAN_POINT('',(-10.8735030978527,0.,26.566525042981));
#3846=CARTESIAN_POINT('',(-10.3735030978527,0.,26.066525042981));
#3847=CARTESIAN_POINT('Origin',(-10.8735030978527,0.,26.066525042981));
#3848=CARTESIAN_POINT('',(-10.3735030978527,0.,13.066525042981));
#3849=CARTESIAN_POINT('',(-10.3735030978527,0.,13.066525042981));
#3850=CARTESIAN_POINT('',(-10.8735030978527,0.,12.566525042981));
#3851=CARTESIAN_POINT('Origin',(-10.8735030978527,0.,13.066525042981));
#3852=CARTESIAN_POINT('',(-24.3735030978527,0.,12.566525042981));
#3853=CARTESIAN_POINT('',(14.3764969021473,0.,-14.3931112809198));
#3854=CARTESIAN_POINT('',(14.3764969021473,0.,-26.8931112809198));
#3855=CARTESIAN_POINT('',(14.3764969021473,0.,-14.3931112809198));
#3856=CARTESIAN_POINT('',(26.7764969021473,0.,-14.3931112809198));
#3857=CARTESIAN_POINT('',(28.2764969021473,0.,-14.3931112809198));
#3858=CARTESIAN_POINT('',(26.7764969021473,0.,-26.8931112809198));
#3859=CARTESIAN_POINT('',(26.7764969021473,0.,-26.8931112809198));
#3860=CARTESIAN_POINT('',(12.8764969021473,0.,-26.8931112809198));
#3861=CARTESIAN_POINT('Origin',(33.7264969021473,0.,-32.8334749570015));
#3862=CARTESIAN_POINT('',(33.7264969021473,0.,-42.8334749570015));
#3863=CARTESIAN_POINT('Origin',(43.7264969021473,0.,-42.8334749570015));
#3864=CARTESIAN_POINT('',(-30.6735030978644,0.,-42.8334749570015));
#3865=CARTESIAN_POINT('Origin',(-30.6735030978644,0.,-32.8334749570015));
#3866=CARTESIAN_POINT('',(-40.6735030978644,0.,-32.8334749570015));
#3867=CARTESIAN_POINT('Origin',(-40.6735030978644,0.,-42.8334749570015));
#3868=CARTESIAN_POINT('',(-40.6735030978644,0.,30.566525042981));
#3869=CARTESIAN_POINT('Origin',(-30.6735030978644,0.,30.566525042981));
#3870=CARTESIAN_POINT('',(-30.6735030978644,0.,40.566525042981));
#3871=CARTESIAN_POINT('Origin',(26.7764969021473,0.,-14.3931112809198));
#3872=CARTESIAN_POINT('',(14.3764969021473,0.,-14.3931112809198));
#3873=CARTESIAN_POINT('',(26.7764969021473,0.,-14.3931112809198));
#3874=CARTESIAN_POINT('Origin',(26.7764969021473,0.,-26.8931112809198));
#3875=CARTESIAN_POINT('',(26.7764969021473,0.,-26.8931112809198));
#3876=CARTESIAN_POINT('Origin',(14.3764969021473,0.,-26.8931112809198));
#3877=CARTESIAN_POINT('',(14.3764969021473,0.,-26.8931112809198));
#3878=CARTESIAN_POINT('Origin',(14.3764969021473,0.,-14.3931112809198));
#3879=CARTESIAN_POINT('Origin',(-24.8735030978527,0.,26.066525042981));
#3880=CARTESIAN_POINT('',(-24.8735030978527,0.,13.066525042981));
#3881=CARTESIAN_POINT('',(-24.8735030978527,0.,26.066525042981));
#3882=CARTESIAN_POINT('Origin',(-24.3735030978527,0.,26.066525042981));
#3883=CARTESIAN_POINT('',(-24.3735030978527,0.,26.566525042981));
#3884=CARTESIAN_POINT('Origin',(-10.8735030978527,0.,26.566525042981));
#3885=CARTESIAN_POINT('',(-10.8735030978527,0.,26.566525042981));
#3886=CARTESIAN_POINT('Origin',(-10.8735030978527,0.,26.066525042981));
#3887=CARTESIAN_POINT('',(-10.3735030978527,0.,26.066525042981));
#3888=CARTESIAN_POINT('Origin',(-10.3735030978527,0.,13.066525042981));
#3889=CARTESIAN_POINT('',(-10.3735030978527,0.,13.066525042981));
#3890=CARTESIAN_POINT('Origin',(-10.8735030978527,0.,13.066525042981));
#3891=CARTESIAN_POINT('',(-10.8735030978527,0.,12.566525042981));
#3892=CARTESIAN_POINT('Origin',(-24.3735030978527,0.,12.566525042981));
#3893=CARTESIAN_POINT('',(-24.3735030978527,0.,12.566525042981));
#3894=CARTESIAN_POINT('Origin',(-24.3735030978528,0.,13.066525042981));
#3895=CARTESIAN_POINT('Origin',(8.17649690214727,0.,26.566525042981));
#3896=CARTESIAN_POINT('',(-5.32350309785271,0.,26.566525042981));
#3897=CARTESIAN_POINT('',(8.17649690214727,0.,26.566525042981));
#3898=CARTESIAN_POINT('Origin',(8.17649690214727,0.,26.066525042981));
#3899=CARTESIAN_POINT('',(8.67649690214727,0.,26.066525042981));
#3900=CARTESIAN_POINT('Origin',(8.67649690214726,0.,13.066525042981));
#3901=CARTESIAN_POINT('',(8.67649690214727,0.,13.066525042981));
#3902=CARTESIAN_POINT('Origin',(8.17649690214727,0.,13.066525042981));
#3903=CARTESIAN_POINT('',(8.17649690214727,0.,12.566525042981));
#3904=CARTESIAN_POINT('Origin',(-5.32350309785271,0.,12.566525042981));
#3905=CARTESIAN_POINT('',(-5.32350309785271,0.,12.566525042981));
#3906=CARTESIAN_POINT('Origin',(-5.32350309785274,0.,13.066525042981));
#3907=CARTESIAN_POINT('',(-5.82350309785274,0.,13.066525042981));
#3908=CARTESIAN_POINT('Origin',(-5.82350309785274,0.,26.066525042981));
#3909=CARTESIAN_POINT('',(-5.82350309785274,0.,26.066525042981));
#3910=CARTESIAN_POINT('Origin',(-5.32350309785274,0.,26.066525042981));
#3911=CARTESIAN_POINT('Origin',(8.17649690214727,0.,-5.98311128091982));
#3912=CARTESIAN_POINT('',(8.67649690214726,0.,-5.98311128091981));
#3913=CARTESIAN_POINT('',(8.17649690214727,0.,-6.48311128091982));
#3914=CARTESIAN_POINT('Origin',(-5.32350309785271,0.,-6.48311128091981));
#3915=CARTESIAN_POINT('',(-5.32350309785271,0.,-6.48311128091981));
#3916=CARTESIAN_POINT('Origin',(-5.32350309785274,0.,-5.98311128091981));
#3917=CARTESIAN_POINT('',(-5.82350309785274,0.,-5.98311128091981));
#3918=CARTESIAN_POINT('Origin',(-5.82350309785274,0.,7.01688871908018));
#3919=CARTESIAN_POINT('',(-5.82350309785274,0.,7.01688871908018));
#3920=CARTESIAN_POINT('Origin',(-5.32350309785274,0.,7.01688871908018));
#3921=CARTESIAN_POINT('',(-5.32350309785271,0.,7.51688871908021));
#3922=CARTESIAN_POINT('Origin',(8.17649690214727,0.,7.51688871908017));
#3923=CARTESIAN_POINT('',(8.17649690214727,0.,7.51688871908018));
#3924=CARTESIAN_POINT('Origin',(8.17649690214727,0.,7.01688871908018));
#3925=CARTESIAN_POINT('',(8.67649690214727,0.,7.01688871908017));
#3926=CARTESIAN_POINT('Origin',(8.67649690214726,0.,-5.98311128091981));
#3927=CARTESIAN_POINT('Origin',(-10.8735030978527,0.,7.51688871908017));
#3928=CARTESIAN_POINT('',(-24.3735030978527,0.,7.51688871908018));
#3929=CARTESIAN_POINT('',(-10.8735030978527,0.,7.51688871908017));
#3930=CARTESIAN_POINT('Origin',(-10.8735030978527,0.,7.01688871908017));
#3931=CARTESIAN_POINT('',(-10.3735030978527,0.,7.01688871908017));
#3932=CARTESIAN_POINT('Origin',(-10.3735030978527,0.,-5.98311128091981));
#3933=CARTESIAN_POINT('',(-10.3735030978527,0.,-5.98311128091981));
#3934=CARTESIAN_POINT('Origin',(-10.8735030978527,0.,-5.98311128091982));
#3935=CARTESIAN_POINT('',(-10.8735030978527,0.,-6.48311128091982));
#3936=CARTESIAN_POINT('Origin',(-24.3735030978527,0.,-6.48311128091979));
#3937=CARTESIAN_POINT('',(-24.3735030978527,0.,-6.48311128091979));
#3938=CARTESIAN_POINT('Origin',(-24.3735030978528,0.,-5.98311128091979));
#3939=CARTESIAN_POINT('',(-24.8735030978527,0.,-5.98311128091981));
#3940=CARTESIAN_POINT('Origin',(-24.8735030978527,0.,7.01688871908017));
#3941=CARTESIAN_POINT('',(-24.8735030978527,0.,7.01688871908017));
#3942=CARTESIAN_POINT('Origin',(-24.3735030978527,0.,7.01688871908017));
#3943=CARTESIAN_POINT('Origin',(27.2264969021473,0.,26.066525042981));
#3944=CARTESIAN_POINT('',(27.2264969021473,0.,26.566525042981));
#3945=CARTESIAN_POINT('',(27.7264969021473,0.,26.066525042981));
#3946=CARTESIAN_POINT('Origin',(27.7264969021473,0.,13.066525042981));
#3947=CARTESIAN_POINT('',(27.7264969021473,0.,13.066525042981));
#3948=CARTESIAN_POINT('Origin',(27.2264969021473,0.,13.066525042981));
#3949=CARTESIAN_POINT('',(27.2264969021473,0.,12.566525042981));
#3950=CARTESIAN_POINT('Origin',(13.7264969021473,0.,12.566525042981));
#3951=CARTESIAN_POINT('',(13.7264969021473,0.,12.566525042981));
#3952=CARTESIAN_POINT('Origin',(13.7264969021473,0.,13.066525042981));
#3953=CARTESIAN_POINT('',(13.2264969021473,0.,13.066525042981));
#3954=CARTESIAN_POINT('Origin',(13.2264969021473,0.,26.066525042981));
#3955=CARTESIAN_POINT('',(13.2264969021473,0.,26.066525042981));
#3956=CARTESIAN_POINT('Origin',(13.7264969021473,0.,26.066525042981));
#3957=CARTESIAN_POINT('',(13.7264969021473,0.,26.566525042981));
#3958=CARTESIAN_POINT('Origin',(27.2264969021473,0.,26.566525042981));
#3959=CARTESIAN_POINT('Origin',(13.7264969021473,0.,-5.98311128091981));
#3960=CARTESIAN_POINT('',(13.7264969021473,0.,-6.48311128091981));
#3961=CARTESIAN_POINT('',(13.2264969021473,0.,-5.98311128091981));
#3962=CARTESIAN_POINT('Origin',(13.2264969021473,0.,7.01688871908018));
#3963=CARTESIAN_POINT('',(13.2264969021473,0.,7.01688871908018));
#3964=CARTESIAN_POINT('Origin',(13.7264969021473,0.,7.01688871908018));
#3965=CARTESIAN_POINT('',(13.7264969021473,0.,7.51688871908021));
#3966=CARTESIAN_POINT('Origin',(27.2264969021473,0.,7.51688871908017));
#3967=CARTESIAN_POINT('',(27.2264969021473,0.,7.51688871908018));
#3968=CARTESIAN_POINT('Origin',(27.2264969021473,0.,7.01688871908018));
#3969=CARTESIAN_POINT('',(27.7264969021473,0.,7.01688871908018));
#3970=CARTESIAN_POINT('Origin',(27.7264969021473,0.,-5.98311128091981));
#3971=CARTESIAN_POINT('',(27.7264969021473,0.,-5.98311128091981));
#3972=CARTESIAN_POINT('Origin',(27.2264969021473,0.,-5.98311128091982));
#3973=CARTESIAN_POINT('',(27.2264969021473,0.,-6.48311128091982));
#3974=CARTESIAN_POINT('Origin',(13.7264969021473,0.,-6.48311128091981));
#3975=CARTESIAN_POINT('Origin',(-40.6735030978644,0.,40.566525042981));
#3976=CARTESIAN_POINT('',(0.,0.,0.));
#3977=CARTESIAN_POINT('Origin',(0.,18.5,0.));
#3978=CARTESIAN_POINT('',(-7.,20.,-8.57252759403147E-16));
#3979=CARTESIAN_POINT('Origin',(0.,20.,0.));
#3980=CARTESIAN_POINT('',(-10.,17.,1.22464679914735E-15));
#3981=CARTESIAN_POINT('',(-8.5,18.5,1.04094977927525E-15));
#3982=CARTESIAN_POINT('',(10.,17.,-1.22464679914735E-15));
#3983=CARTESIAN_POINT('Origin',(0.,17.,0.));
#3984=CARTESIAN_POINT('Origin',(0.,17.,0.));
#3985=CARTESIAN_POINT('Origin',(0.,0.,0.));
#3986=CARTESIAN_POINT('',(10.,2.8,0.));
#3987=CARTESIAN_POINT('',(10.,0.,-1.22464679914735E-15));
#3988=CARTESIAN_POINT('Origin',(0.,2.8,0.));
#3989=CARTESIAN_POINT('Origin',(0.,20.,0.));
#3990=CARTESIAN_POINT('Origin',(0.,12.8,0.));
#3991=CARTESIAN_POINT('',(-4.15,12.8,5.08228421646152E-16));
#3992=CARTESIAN_POINT('Origin',(0.,12.8,0.));
#3993=CARTESIAN_POINT('',(-1.7,12.8,2.71108834234519));
#3994=CARTESIAN_POINT('',(-1.7,12.8,-2.71108834234519));
#3995=CARTESIAN_POINT('',(-1.7,12.8,-1.3555441711726));
#3996=CARTESIAN_POINT('Origin',(0.,12.8,0.));
#3997=CARTESIAN_POINT('Origin',(-1.7,12.4,-2.71108834234519));
#3998=CARTESIAN_POINT('',(-1.7,19.1,-2.71108834234519));
#3999=CARTESIAN_POINT('',(-1.7,12.4,-2.71108834234519));
#4000=CARTESIAN_POINT('',(-1.7,19.1,2.71108834234519));
#4001=CARTESIAN_POINT('',(-1.7,19.1,3.78582883923719));
#4002=CARTESIAN_POINT('',(-1.7,12.4,2.71108834234519));
#4003=CARTESIAN_POINT('Origin',(0.,2.8,0.));
#4004=CARTESIAN_POINT('',(-9.1,2.8,-1.11442858722409E-15));
#4005=CARTESIAN_POINT('Origin',(0.,2.8,0.));
#4006=CARTESIAN_POINT('Origin',(0.,0.,0.));
#4007=CARTESIAN_POINT('',(-9.1,4.5,1.11442858722409E-15));
#4008=CARTESIAN_POINT('',(-9.1,0.,1.11442858722409E-15));
#4009=CARTESIAN_POINT('Origin',(0.,4.5,0.));
#4010=CARTESIAN_POINT('Origin',(0.,4.5,0.));
#4011=CARTESIAN_POINT('',(-4.15,4.5,-5.08228421646152E-16));
#4012=CARTESIAN_POINT('Origin',(0.,4.5,0.));
#4013=CARTESIAN_POINT('Origin',(0.,12.4,0.));
#4014=CARTESIAN_POINT('Origin',(0.,19.1,0.));
#4015=CARTESIAN_POINT('Origin',(0.75,19.1,0.));
#4016=CARTESIAN_POINT('Origin',(0.,0.,0.));
#4017=CARTESIAN_POINT('',(-4.15,0.,5.08228421646152E-16));
#4018=CARTESIAN_POINT('',(67.8499999999563,-122.110000000001,-6.60500000000001));
#4019=CARTESIAN_POINT('',(98.5235030978527,-91.543474957019,3.395));
#4020=CARTESIAN_POINT('',(119.1,-70.7,3.695));
#4021=UNCERTAINTY_MEASURE_WITH_UNIT(LENGTH_MEASURE(0.01),#4031,
'DISTANCE_ACCURACY_VALUE',
'Maximum model space distance between geometric entities at asserted c
onnectivities');
#4022=UNCERTAINTY_MEASURE_WITH_UNIT(LENGTH_MEASURE(0.01),#4031,
'DISTANCE_ACCURACY_VALUE',
'Maximum model space distance between geometric entities at asserted c
onnectivities');
#4023=UNCERTAINTY_MEASURE_WITH_UNIT(LENGTH_MEASURE(0.01),#4031,
'DISTANCE_ACCURACY_VALUE',
'Maximum model space distance between geometric entities at asserted c
onnectivities');
#4024=UNCERTAINTY_MEASURE_WITH_UNIT(LENGTH_MEASURE(0.01),#4031,
'DISTANCE_ACCURACY_VALUE',
'Maximum model space distance between geometric entities at asserted c
onnectivities');
#4025=UNCERTAINTY_MEASURE_WITH_UNIT(LENGTH_MEASURE(0.01),#4031,
'DISTANCE_ACCURACY_VALUE',
'Maximum model space distance between geometric entities at asserted c
onnectivities');
#4026=(
GEOMETRIC_REPRESENTATION_CONTEXT(3)
GLOBAL_UNCERTAINTY_ASSIGNED_CONTEXT((#4021))
GLOBAL_UNIT_ASSIGNED_CONTEXT((#4031,#4033,#4034))
REPRESENTATION_CONTEXT('','3D')
);
#4027=(
GEOMETRIC_REPRESENTATION_CONTEXT(3)
GLOBAL_UNCERTAINTY_ASSIGNED_CONTEXT((#4022))
GLOBAL_UNIT_ASSIGNED_CONTEXT((#4031,#4033,#4034))
REPRESENTATION_CONTEXT('','3D')
);
#4028=(
GEOMETRIC_REPRESENTATION_CONTEXT(3)
GLOBAL_UNCERTAINTY_ASSIGNED_CONTEXT((#4023))
GLOBAL_UNIT_ASSIGNED_CONTEXT((#4031,#4033,#4034))
REPRESENTATION_CONTEXT('','3D')
);
#4029=(
GEOMETRIC_REPRESENTATION_CONTEXT(3)
GLOBAL_UNCERTAINTY_ASSIGNED_CONTEXT((#4024))
GLOBAL_UNIT_ASSIGNED_CONTEXT((#4031,#4033,#4034))
REPRESENTATION_CONTEXT('','3D')
);
#4030=(
GEOMETRIC_REPRESENTATION_CONTEXT(3)
GLOBAL_UNCERTAINTY_ASSIGNED_CONTEXT((#4025))
GLOBAL_UNIT_ASSIGNED_CONTEXT((#4031,#4033,#4034))
REPRESENTATION_CONTEXT('','3D')
);
#4031=(
LENGTH_UNIT()
NAMED_UNIT(*)
SI_UNIT(.MILLI.,.METRE.)
);
#4032=(
LENGTH_UNIT()
NAMED_UNIT(*)
SI_UNIT(.CENTI.,.METRE.)
);
#4033=(
NAMED_UNIT(*)
PLANE_ANGLE_UNIT()
SI_UNIT($,.RADIAN.)
);
#4034=(
NAMED_UNIT(*)
SI_UNIT($,.STERADIAN.)
SOLID_ANGLE_UNIT()
);
#4035=SHAPE_DEFINITION_REPRESENTATION(#4039,#4046);
#4036=SHAPE_DEFINITION_REPRESENTATION(#4040,#4047);
#4037=SHAPE_DEFINITION_REPRESENTATION(#4041,#4048);
#4038=SHAPE_DEFINITION_REPRESENTATION(#4042,#4049);
#4039=PRODUCT_DEFINITION_SHAPE('',$,#4051);
#4040=PRODUCT_DEFINITION_SHAPE('',$,#4052);
#4041=PRODUCT_DEFINITION_SHAPE('',$,#4053);
#4042=PRODUCT_DEFINITION_SHAPE('',$,#4054);
#4043=PRODUCT_DEFINITION_SHAPE($,$,#20);
#4044=PRODUCT_DEFINITION_SHAPE($,$,#21);
#4045=PRODUCT_DEFINITION_SHAPE($,$,#22);
#4046=SHAPE_REPRESENTATION('',(#2410,#2633,#2634,#2635),#4026);
#4047=SHAPE_REPRESENTATION('',(#2411),#4027);
#4048=SHAPE_REPRESENTATION('',(#2479),#4028);
#4049=SHAPE_REPRESENTATION('',(#2611),#4029);
#4050=PRODUCT_DEFINITION_CONTEXT('part definition',#4064,'design');
#4051=PRODUCT_DEFINITION('MacroPadCase','MacroPadCase',#4055,#4050);
#4052=PRODUCT_DEFINITION('Base','Base',#4056,#4050);
#4053=PRODUCT_DEFINITION('Cover','Cover',#4057,#4050);
#4054=PRODUCT_DEFINITION('Knob','Knob',#4058,#4050);
#4055=PRODUCT_DEFINITION_FORMATION('',$,#4066);
#4056=PRODUCT_DEFINITION_FORMATION('',$,#4067);
#4057=PRODUCT_DEFINITION_FORMATION('',$,#4068);
#4058=PRODUCT_DEFINITION_FORMATION('',$,#4069);
#4059=PRODUCT_RELATED_PRODUCT_CATEGORY('MacroPadCase','MacroPadCase',(#4066));
#4060=PRODUCT_RELATED_PRODUCT_CATEGORY('Base','Base',(#4067));
#4061=PRODUCT_RELATED_PRODUCT_CATEGORY('Cover','Cover',(#4068));
#4062=PRODUCT_RELATED_PRODUCT_CATEGORY('Knob','Knob',(#4069));
#4063=APPLICATION_PROTOCOL_DEFINITION('international standard',
'automotive_design',2009,#4064);
#4064=APPLICATION_CONTEXT(
'Core Data for Automotive Mechanical Design Process');
#4065=PRODUCT_CONTEXT('part definition',#4064,'mechanical');
#4066=PRODUCT('MacroPadCase','MacroPadCase','KiCad electronic assembly',
(#4065));
#4067=PRODUCT('Base','Base',$,(#4065));
#4068=PRODUCT('Cover','Cover',$,(#4065));
#4069=PRODUCT('Knob','Knob',$,(#4065));
ENDSEC;
END-ISO-10303-21;
